task_id,setting,condition,generated_path_index,initial_noise_index,round,candidate_in_round,memory_size_before_round,predicted_cost,rollout_error,expert_action_error,is_min_cost,is_min_rollout_error,is_min_expert_action_error
0,64x1,experience_off,1,1,1,1,0,-0.3049957752227783,0.07021892070770264,0.9913842082023621,False,False,False
0,64x1,experience_off,2,2,1,2,0,-0.31166350841522217,0.07215726375579834,0.9774364829063416,False,False,False
0,64x1,experience_off,3,3,1,3,0,-0.31446534395217896,0.07572390884160995,0.9266354441642761,False,False,False
0,64x1,experience_off,4,4,1,4,0,-0.31186148524284363,0.013785956427454948,0.8705073595046997,False,False,False
0,64x1,experience_off,5,5,1,5,0,-0.30382242798805237,0.07455085963010788,0.9855325222015381,False,False,False
0,64x1,experience_off,6,6,1,6,0,-0.3161327540874481,0.032065264880657196,0.9490610361099243,False,False,False
0,64x1,experience_off,7,7,1,7,0,-0.31065285205841064,0.020815789699554443,0.9990109801292419,False,False,False
0,64x1,experience_off,8,8,1,8,0,-0.30631428956985474,0.11767484992742538,0.8758531212806702,False,False,False
0,64x1,experience_off,9,9,1,9,0,-0.31025153398513794,0.017387161031365395,0.8780077695846558,False,False,False
0,64x1,experience_off,10,10,1,10,0,-0.31517213582992554,0.022415783256292343,0.9527359008789062,False,False,False
0,64x1,experience_off,11,11,1,11,0,-0.30717360973358154,0.09921678155660629,1.1705856323242188,False,False,False
0,64x1,experience_off,12,12,1,12,0,-0.3146120309829712,0.0661211907863617,0.9566692113876343,False,False,False
0,64x1,experience_off,13,13,1,13,0,-0.30659034848213196,0.0795932337641716,0.9455040693283081,False,False,False
0,64x1,experience_off,14,14,1,14,0,-0.3099850118160248,0.007314178626984358,0.9436344504356384,False,True,False
0,64x1,experience_off,15,15,1,15,0,-0.3104822635650635,0.17765316367149353,0.9508984088897705,False,False,False
0,64x1,experience_off,16,16,1,16,0,-0.30742835998535156,0.011417396366596222,0.9743226170539856,False,False,False
0,64x1,experience_off,17,17,1,17,0,-0.31853508949279785,0.0682302936911583,0.9682993292808533,False,False,False
0,64x1,experience_off,18,18,1,18,0,-0.30614835023880005,0.020310115069150925,0.9259556531906128,False,False,False
0,64x1,experience_off,19,19,1,19,0,-0.3130103647708893,0.014375103637576103,0.8629099726676941,False,False,False
0,64x1,experience_off,20,20,1,20,0,-0.3063392639160156,0.08454394340515137,0.9690073728561401,False,False,False
0,64x1,experience_off,21,21,1,21,0,-0.3065156042575836,0.12034809589385986,0.9293047785758972,False,False,False
0,64x1,experience_off,22,22,1,22,0,-0.30159252882003784,0.011556288227438927,0.9508477449417114,False,False,False
0,64x1,experience_off,23,23,1,23,0,-0.31402450799942017,0.009831487201154232,0.9308688640594482,False,False,False
0,64x1,experience_off,24,24,1,24,0,-0.308530330657959,0.04460576921701431,0.9042498469352722,False,False,False
0,64x1,experience_off,25,25,1,25,0,-0.3100828528404236,0.08729091286659241,0.9876714944839478,False,False,False
0,64x1,experience_off,26,26,1,26,0,-0.3142142593860626,0.07011805474758148,0.9557218551635742,False,False,False
0,64x1,experience_off,27,27,1,27,0,-0.31204015016555786,0.08982773125171661,0.9109603762626648,False,False,False
0,64x1,experience_off,28,28,1,28,0,-0.31086212396621704,0.009850883856415749,0.8591224551200867,False,False,False
0,64x1,experience_off,29,29,1,29,0,-0.3105590045452118,0.013683650642633438,0.7929365634918213,False,False,True
0,64x1,experience_off,30,30,1,30,0,-0.3129293918609619,0.07912340760231018,0.9472360610961914,False,False,False
0,64x1,experience_off,31,31,1,31,0,-0.31080204248428345,0.09493031352758408,0.956134021282196,False,False,False
0,64x1,experience_off,32,32,1,32,0,-0.31183332204818726,0.11538716405630112,0.9153739213943481,False,False,False
0,64x1,experience_off,33,33,1,33,0,-0.3061128258705139,0.2277555912733078,0.9361909031867981,False,False,False
0,64x1,experience_off,34,34,1,34,0,-0.30895093083381653,0.12933753430843353,0.9852378368377686,False,False,False
0,64x1,experience_off,35,35,1,35,0,-0.3164750337600708,0.029349487274885178,1.018019676208496,False,False,False
0,64x1,experience_off,36,36,1,36,0,-0.3143504559993744,0.02029937505722046,1.0866225957870483,False,False,False
0,64x1,experience_off,37,37,1,37,0,-0.3092714548110962,0.014454448595643044,1.0103319883346558,False,False,False
0,64x1,experience_off,38,38,1,38,0,-0.31548935174942017,0.08879125118255615,0.9468932151794434,False,False,False
0,64x1,experience_off,39,39,1,39,0,-0.31549954414367676,0.08396121114492416,0.9275423288345337,False,False,False
0,64x1,experience_off,40,40,1,40,0,-0.3132278621196747,0.0738866850733757,0.9073803424835205,False,False,False
0,64x1,experience_off,41,41,1,41,0,-0.3065892457962036,0.1196790337562561,1.0166703462600708,False,False,False
0,64x1,experience_off,42,42,1,42,0,-0.30987125635147095,0.08680957555770874,0.9244785904884338,False,False,False
0,64x1,experience_off,43,43,1,43,0,-0.3180963099002838,0.03380735591053963,0.9055837988853455,False,False,False
0,64x1,experience_off,44,44,1,44,0,-0.31186288595199585,0.03058445267379284,0.9786273241043091,False,False,False
0,64x1,experience_off,45,45,1,45,0,-0.310810387134552,0.08447137475013733,0.9603716731071472,False,False,False
0,64x1,experience_off,46,46,1,46,0,-0.312974750995636,0.11862656474113464,0.8382124304771423,False,False,False
0,64x1,experience_off,47,47,1,47,0,-0.31095021963119507,0.04318913817405701,0.915432870388031,False,False,False
0,64x1,experience_off,48,48,1,48,0,-0.3084452450275421,0.04411723464727402,0.8900628685951233,False,False,False
0,64x1,experience_off,49,49,1,49,0,-0.313372939825058,0.10889329761266708,0.9940528869628906,False,False,False
0,64x1,experience_off,50,50,1,50,0,-0.3074036240577698,0.1430875062942505,0.8875352144241333,False,False,False
0,64x1,experience_off,51,51,1,51,0,-0.3104507625102997,0.100985586643219,1.1094563007354736,False,False,False
0,64x1,experience_off,52,52,1,52,0,-0.30586549639701843,0.14518387615680695,0.9306857585906982,False,False,False
0,64x1,experience_off,53,53,1,53,0,-0.31206780672073364,0.07225120812654495,0.979282796382904,False,False,False
0,64x1,experience_off,54,54,1,54,0,-0.3188176155090332,0.11987505853176117,1.0040780305862427,True,False,False
0,64x1,experience_off,55,55,1,55,0,-0.3116492033004761,0.07901104539632797,1.0587958097457886,False,False,False
0,64x1,experience_off,56,56,1,56,0,-0.31453052163124084,0.13551318645477295,0.8116647005081177,False,False,False
0,64x1,experience_off,57,57,1,57,0,-0.30820709466934204,0.04270314425230026,0.8857582807540894,False,False,False
0,64x1,experience_off,58,58,1,58,0,-0.3087715208530426,0.04498131200671196,0.9907823204994202,False,False,False
0,64x1,experience_off,59,59,1,59,0,-0.31509673595428467,0.10518501698970795,1.0048165321350098,False,False,False
0,64x1,experience_off,60,60,1,60,0,-0.3136524260044098,0.009449428878724575,0.9524552822113037,False,False,False
0,64x1,experience_off,61,61,1,61,0,-0.3148214519023895,0.015399022027850151,1.0493615865707397,False,False,False
0,64x1,experience_off,62,62,1,62,0,-0.31078821420669556,0.02911393903195858,0.8915228247642517,False,False,False
0,64x1,experience_off,63,63,1,63,0,-0.31125974655151367,0.025109097361564636,0.8536102771759033,False,False,False
0,64x1,experience_off,64,64,1,64,0,-0.30602920055389404,0.11849688738584518,0.9761239290237427,False,False,False
0,32x2,experience_on,1,1,1,1,0,-0.3049956262111664,0.0702187716960907,0.9913842678070068,False,False,False
0,32x2,experience_on,2,2,1,2,0,-0.31166312098503113,0.07215738296508789,0.9774364829063416,False,False,False
0,32x2,experience_on,3,3,1,3,0,-0.31446534395217896,0.0757233276963234,0.9266353249549866,False,False,False
0,32x2,experience_on,4,4,1,4,0,-0.311861515045166,0.013785852119326591,0.8705074787139893,False,False,False
0,32x2,experience_on,5,5,1,5,0,-0.3038223385810852,0.07455088943243027,0.9855324625968933,False,False,False
0,32x2,experience_on,6,6,1,6,0,-0.3161328434944153,0.03206538408994675,0.9490613341331482,False,False,False
0,32x2,experience_on,7,7,1,7,0,-0.31065279245376587,0.020815938711166382,0.9990111589431763,False,False,False
0,32x2,experience_on,8,8,1,8,0,-0.3063141703605652,0.1176745817065239,0.8758531212806702,False,False,False
0,32x2,experience_on,9,9,1,9,0,-0.31025150418281555,0.01738721877336502,0.878007709980011,False,False,False
0,32x2,experience_on,10,10,1,10,0,-0.31517213582992554,0.022415824234485626,0.9527359008789062,False,False,False
0,32x2,experience_on,11,11,1,11,0,-0.3071737289428711,0.0992172360420227,1.1705853939056396,False,False,False
0,32x2,experience_on,12,12,1,12,0,-0.3146119713783264,0.06612085551023483,0.956669270992279,False,False,False
0,32x2,experience_on,13,13,1,13,0,-0.30659034848213196,0.07959365844726562,0.9455039501190186,False,False,False
0,32x2,experience_on,14,14,1,14,0,-0.3099849224090576,0.007314154878258705,0.9436341524124146,False,True,False
0,32x2,experience_on,15,15,1,15,0,-0.31048211455345154,0.17765232920646667,0.950898289680481,False,False,False
0,32x2,experience_on,16,16,1,16,0,-0.30742835998535156,0.011417411267757416,0.9743227958679199,False,False,False
0,32x2,experience_on,17,17,1,17,0,-0.3185350000858307,0.06823026388883591,0.9682995676994324,False,False,False
0,32x2,experience_on,18,18,1,18,0,-0.3061482608318329,0.02031017653644085,0.9259554743766785,False,False,False
0,32x2,experience_on,19,19,1,19,0,-0.31301021575927734,0.014375112019479275,0.8629100322723389,False,False,False
0,32x2,experience_on,20,20,1,20,0,-0.30633941292762756,0.08454422652721405,0.9690075516700745,False,False,False
0,32x2,experience_on,21,21,1,21,0,-0.3065153658390045,0.12034852802753448,0.9293051958084106,False,False,False
0,32x2,experience_on,22,22,1,22,0,-0.3015925884246826,0.01155618391931057,0.9508475065231323,False,False,False
0,32x2,experience_on,23,23,1,23,0,-0.3140244483947754,0.009831421077251434,0.9308686852455139,False,False,False
0,32x2,experience_on,24,24,1,24,0,-0.3085302710533142,0.044605802744627,0.9042498469352722,False,False,False
0,32x2,experience_on,25,25,1,25,0,-0.3100830316543579,0.08729090541601181,0.9876716136932373,False,False,False
0,32x2,experience_on,26,26,1,26,0,-0.3142143785953522,0.07011779397726059,0.9557216167449951,False,False,False
0,32x2,experience_on,27,27,1,27,0,-0.31203997135162354,0.08982785791158676,0.9109603762626648,False,False,False
0,32x2,experience_on,28,28,1,28,0,-0.31086215376853943,0.00985085591673851,0.8591224551200867,False,False,False
0,32x2,experience_on,29,29,1,29,0,-0.3105589747428894,0.013683627359569073,0.7929365634918213,False,False,True
0,32x2,experience_on,30,30,1,30,0,-0.31292927265167236,0.0791236087679863,0.947236180305481,False,False,False
0,32x2,experience_on,31,31,1,31,0,-0.31080201268196106,0.09493009746074677,0.9561338424682617,False,False,False
0,32x2,experience_on,32,32,1,32,0,-0.31183308362960815,0.11538707464933395,0.9153739213943481,False,False,False
0,32x2,experience_on,33,33,2,1,32,-0.30620962381362915,0.23667585849761963,0.9204696416854858,False,False,False
0,32x2,experience_on,34,34,2,2,32,-0.30912861227989197,0.12952420115470886,0.9734776020050049,False,False,False
0,32x2,experience_on,35,35,2,3,32,-0.316459059715271,0.03242693096399307,1.000951886177063,False,False,False
0,32x2,experience_on,36,36,2,4,32,-0.3144212067127228,0.0191927682608366,1.0675595998764038,False,False,False
0,32x2,experience_on,37,37,2,5,32,-0.30993109941482544,0.014573536813259125,0.9896009564399719,False,False,False
0,32x2,experience_on,38,38,2,6,32,-0.31544581055641174,0.08506397902965546,0.9322897791862488,False,False,False
0,32x2,experience_on,39,39,2,7,32,-0.3157348036766052,0.08372457325458527,0.9076205492019653,False,False,False
0,32x2,experience_on,40,40,2,8,32,-0.31367427110671997,0.07948607206344604,0.8955950736999512,False,False,False
0,32x2,experience_on,41,41,2,9,32,-0.3071887791156769,0.12505367398262024,1.000091791152954,False,False,False
0,32x2,experience_on,42,42,2,10,32,-0.31004273891448975,0.09269656240940094,0.9085380434989929,False,False,False
0,32x2,experience_on,43,43,2,11,32,-0.31827062368392944,0.03600022941827774,0.8921028971672058,False,False,False
0,32x2,experience_on,44,44,2,12,32,-0.31164413690567017,0.02892150543630123,0.9635372757911682,False,False,False
0,32x2,experience_on,45,45,2,13,32,-0.3106207847595215,0.08884075284004211,0.9466321468353271,False,False,False
0,32x2,experience_on,46,46,2,14,32,-0.3139054477214813,0.11212661117315292,0.8244670033454895,False,False,False
0,32x2,experience_on,47,47,2,15,32,-0.31125569343566895,0.04536936804652214,0.8993757963180542,False,False,False
0,32x2,experience_on,48,48,2,16,32,-0.3086882531642914,0.04793895408511162,0.8771221041679382,False,False,False
0,32x2,experience_on,49,49,2,17,32,-0.3134676516056061,0.11037984490394592,0.9814594984054565,False,False,False
0,32x2,experience_on,50,50,2,18,32,-0.30777737498283386,0.14823830127716064,0.8774014115333557,False,False,False
0,32x2,experience_on,51,51,2,19,32,-0.3107931315898895,0.10132309049367905,1.0877857208251953,False,False,False
0,32x2,experience_on,52,52,2,20,32,-0.30630138516426086,0.15141844749450684,0.9181606769561768,False,False,False
0,32x2,experience_on,53,53,2,21,32,-0.31231775879859924,0.0757487416267395,0.9559957385063171,False,False,False
0,32x2,experience_on,54,54,2,22,32,-0.31877362728118896,0.11680857837200165,0.9855701327323914,True,False,False
0,32x2,experience_on,55,55,2,23,32,-0.31173062324523926,0.08125222474336624,1.0397382974624634,False,False,False
0,32x2,experience_on,56,56,2,24,32,-0.3147033452987671,0.14244168996810913,0.8025676012039185,False,False,False
0,32x2,experience_on,57,57,2,25,32,-0.3086012899875641,0.0453520230948925,0.8765794038772583,False,False,False
0,32x2,experience_on,58,58,2,26,32,-0.3095743656158447,0.047537367790937424,0.9785925149917603,False,False,False
0,32x2,experience_on,59,59,2,27,32,-0.31514090299606323,0.10381615161895752,0.988165557384491,False,False,False
0,32x2,experience_on,60,60,2,28,32,-0.31384360790252686,0.010014588944613934,0.9404008388519287,False,False,False
0,32x2,experience_on,61,61,2,29,32,-0.31490325927734375,0.014620441943407059,1.0323201417922974,False,False,False
0,32x2,experience_on,62,62,2,30,32,-0.311626672744751,0.03338494896888733,0.8823376893997192,False,False,False
0,32x2,experience_on,63,63,2,31,32,-0.31159403920173645,0.027765769511461258,0.8393795490264893,False,False,False
0,32x2,experience_on,64,64,2,32,32,-0.3064679205417633,0.12575028836727142,0.9607035517692566,False,False,False
0,16x4,experience_on,1,1,1,1,0,-0.3049958348274231,0.07021915167570114,0.9913840889930725,False,False,False
0,16x4,experience_on,2,2,1,2,0,-0.3116632103919983,0.07215769588947296,0.9774366617202759,False,False,False
0,16x4,experience_on,3,3,1,3,0,-0.31446540355682373,0.07572337985038757,0.9266349673271179,False,False,False
0,16x4,experience_on,4,4,1,4,0,-0.31186142563819885,0.013785826973617077,0.8705071806907654,False,False,False
0,16x4,experience_on,5,5,1,5,0,-0.3038221001625061,0.07455123215913773,0.9855322241783142,False,False,False
0,16x4,experience_on,6,6,1,6,0,-0.31613296270370483,0.032065246254205704,0.9490611553192139,False,False,False
0,16x4,experience_on,7,7,1,7,0,-0.31065285205841064,0.020815953612327576,0.9990110397338867,False,False,False
0,16x4,experience_on,8,8,1,8,0,-0.3063143789768219,0.11767484992742538,0.8758531212806702,False,False,False
0,16x4,experience_on,9,9,1,9,0,-0.310251384973526,0.01738704741001129,0.8780076503753662,False,False,False
0,16x4,experience_on,10,10,1,10,0,-0.31517234444618225,0.022415712475776672,0.9527356028556824,False,False,False
0,16x4,experience_on,11,11,1,11,0,-0.30717360973358154,0.09921644628047943,1.17058527469635,False,False,False
0,16x4,experience_on,12,12,1,12,0,-0.31461209058761597,0.06612060964107513,0.956669270992279,False,False,False
0,16x4,experience_on,13,13,1,13,0,-0.3065904676914215,0.07959350198507309,0.9455039501190186,False,False,False
0,16x4,experience_on,14,14,1,14,0,-0.3099849820137024,0.007314139977097511,0.9436344504356384,False,True,False
0,16x4,experience_on,15,15,1,15,0,-0.3104819059371948,0.17765168845653534,0.9508981108665466,False,False,False
0,16x4,experience_on,16,16,1,16,0,-0.30742838978767395,0.011417403817176819,0.9743225574493408,False,False,False
0,16x4,experience_on,17,17,2,1,16,-0.31872960925102234,0.0742683857679367,0.9550958275794983,False,False,False
0,16x4,experience_on,18,18,2,2,16,-0.30692270398139954,0.0227851253002882,0.9148277640342712,False,False,False
0,16x4,experience_on,19,19,2,3,16,-0.31331491470336914,0.01431824080646038,0.8536980748176575,False,False,False
0,16x4,experience_on,20,20,2,4,16,-0.3069109320640564,0.08949898928403854,0.9566609859466553,False,False,False
0,16x4,experience_on,21,21,2,5,16,-0.30675452947616577,0.12191437929868698,0.9151669144630432,False,False,False
0,16x4,experience_on,22,22,2,6,16,-0.3025026321411133,0.012670986354351044,0.931593120098114,False,False,False
0,16x4,experience_on,23,23,2,7,16,-0.3141947090625763,0.010782135650515556,0.9217003583908081,False,False,False
0,16x4,experience_on,24,24,2,8,16,-0.30898261070251465,0.0440833680331707,0.888354480266571,False,False,False
0,16x4,experience_on,25,25,2,9,16,-0.3106604814529419,0.09393994510173798,0.9756740927696228,False,False,False
0,16x4,experience_on,26,26,2,10,16,-0.31446927785873413,0.07295161485671997,0.9441096782684326,False,False,False
0,16x4,experience_on,27,27,2,11,16,-0.3120184540748596,0.09602691978216171,0.9014729261398315,False,False,False
0,16x4,experience_on,28,28,2,12,16,-0.31102555990219116,0.009692889638245106,0.846161961555481,False,False,False
0,16x4,experience_on,29,29,2,13,16,-0.3109036982059479,0.014828096143901348,0.7812063694000244,False,False,True
0,16x4,experience_on,30,30,2,14,16,-0.3128888010978699,0.08295942842960358,0.9310216903686523,False,False,False
0,16x4,experience_on,31,31,2,15,16,-0.3108425736427307,0.10010349750518799,0.9419245719909668,False,False,False
0,16x4,experience_on,32,32,2,16,16,-0.31209391355514526,0.11621831357479095,0.9030026793479919,False,False,False
0,16x4,experience_on,33,33,3,1,32,-0.30619797110557556,0.23667722940444946,0.9204407334327698,False,False,False
0,16x4,experience_on,34,34,3,2,32,-0.30912095308303833,0.12955401837825775,0.9734394550323486,False,False,False
0,16x4,experience_on,35,35,3,3,32,-0.31645333766937256,0.03243982791900635,1.0008803606033325,False,False,False
0,16x4,experience_on,36,36,3,4,32,-0.31441763043403625,0.0191819928586483,1.0674391984939575,False,False,False
0,16x4,experience_on,37,37,3,5,32,-0.3099246025085449,0.014567835256457329,0.9895676970481873,False,False,False
0,16x4,experience_on,38,38,3,6,32,-0.3154394030570984,0.08502110093832016,0.9321960806846619,False,False,False
0,16x4,experience_on,39,39,3,7,32,-0.3157285749912262,0.0837457925081253,0.9075364470481873,False,False,False
0,16x4,experience_on,40,40,3,8,32,-0.3136703372001648,0.07954588532447815,0.8955828547477722,False,False,False
0,16x4,experience_on,41,41,3,9,32,-0.30718451738357544,0.12513163685798645,1.0001249313354492,False,False,False
0,16x4,experience_on,42,42,3,10,32,-0.31003570556640625,0.09272732585668564,0.9084861278533936,False,False,False
0,16x4,experience_on,43,43,3,11,32,-0.3182666301727295,0.03601540997624397,0.8920323252677917,False,False,False
0,16x4,experience_on,44,44,3,12,32,-0.31164103746414185,0.02890906296670437,0.9634817242622375,False,False,False
0,16x4,experience_on,45,45,3,13,32,-0.31061267852783203,0.0888955295085907,0.9466134309768677,False,False,False
0,16x4,experience_on,46,46,3,14,32,-0.3139020502567291,0.11211308091878891,0.8244333267211914,False,False,False
0,16x4,experience_on,47,47,3,15,32,-0.3112514019012451,0.04540406912565231,0.8993487358093262,False,False,False
0,16x4,experience_on,48,48,3,16,32,-0.30868473649024963,0.04797929525375366,0.877112627029419,False,False,False
0,16x4,experience_on,49,49,4,1,48,-0.3134647607803345,0.11032810062170029,0.9813905358314514,False,False,False
0,16x4,experience_on,50,50,4,2,48,-0.30777299404144287,0.14822863042354584,0.8773400187492371,False,False,False
0,16x4,experience_on,51,51,4,3,48,-0.31078284978866577,0.10127401351928711,1.0875848531723022,False,False,False
0,16x4,experience_on,52,52,4,4,48,-0.30630290508270264,0.15137164294719696,0.9180797338485718,False,False,False
0,16x4,experience_on,53,53,4,5,48,-0.31231439113616943,0.07571407407522202,0.9558666944503784,False,False,False
0,16x4,experience_on,54,54,4,6,48,-0.3187685012817383,0.1168166995048523,0.9853993654251099,True,False,False
0,16x4,experience_on,55,55,4,7,48,-0.3117237091064453,0.08125337213277817,1.0396368503570557,False,False,False
0,16x4,experience_on,56,56,4,8,48,-0.31470179557800293,0.14238078892230988,0.8025102019309998,False,False,False
0,16x4,experience_on,57,57,4,9,48,-0.3086004853248596,0.045328669250011444,0.8764787316322327,False,False,False
0,16x4,experience_on,58,58,4,10,48,-0.3095736801624298,0.04752646014094353,0.9785200953483582,False,False,False
0,16x4,experience_on,59,59,4,11,48,-0.31513720750808716,0.10379153490066528,0.988075315952301,False,False,False
0,16x4,experience_on,60,60,4,12,48,-0.3138437271118164,0.010009418241679668,0.9403361082077026,False,False,False
0,16x4,experience_on,61,61,4,13,48,-0.3149004578590393,0.014607041142880917,1.0322071313858032,False,False,False
0,16x4,experience_on,62,62,4,14,48,-0.3116213083267212,0.03336833044886589,0.8822854161262512,False,False,False
0,16x4,experience_on,63,63,4,15,48,-0.31159377098083496,0.02774815261363983,0.8392876386642456,False,False,False
0,16x4,experience_on,64,64,4,16,48,-0.3064631521701813,0.1257178634405136,0.960616409778595,False,False,False
0,8x8,experience_on,1,1,1,1,0,-0.30499565601348877,0.07021929323673248,0.9913842082023621,False,False,False
0,8x8,experience_on,2,2,1,2,0,-0.31166332960128784,0.07215781509876251,0.9774366617202759,False,False,False
0,8x8,experience_on,3,3,1,3,0,-0.31446534395217896,0.07572301477193832,0.9266350269317627,False,False,False
0,8x8,experience_on,4,4,1,4,0,-0.3118613362312317,0.013785868883132935,0.8705074787139893,False,False,False
0,8x8,experience_on,5,5,1,5,0,-0.3038221001625061,0.07455092668533325,0.9855325222015381,False,False,False
0,8x8,experience_on,6,6,1,6,0,-0.31613266468048096,0.032065268605947495,0.949061393737793,False,False,False
0,8x8,experience_on,7,7,1,7,0,-0.31065282225608826,0.020816031843423843,0.9990110397338867,False,False,False
0,8x8,experience_on,8,8,1,8,0,-0.30631446838378906,0.11767555773258209,0.8758531212806702,False,False,False
0,8x8,experience_on,9,9,2,1,8,-0.310822069644928,0.018665997311472893,0.8618008494377136,False,False,False
0,8x8,experience_on,10,10,2,2,8,-0.3154306411743164,0.021248523145914078,0.9361298084259033,False,False,False
0,8x8,experience_on,11,11,2,3,8,-0.3072681427001953,0.10444766283035278,1.1451454162597656,False,False,False
0,8x8,experience_on,12,12,2,4,8,-0.3147246539592743,0.06637172400951385,0.9449741840362549,False,False,False
0,8x8,experience_on,13,13,2,5,8,-0.30723416805267334,0.08460669219493866,0.9370129108428955,False,False,False
0,8x8,experience_on,14,14,2,6,8,-0.31028515100479126,0.00790597964078188,0.9316695928573608,False,True,False
0,8x8,experience_on,15,15,2,7,8,-0.3105246424674988,0.1692650020122528,0.936909019947052,False,False,False
0,8x8,experience_on,16,16,2,8,8,-0.30792707204818726,0.01182012539356947,0.9641698002815247,False,False,False
0,8x8,experience_on,17,17,3,1,16,-0.318728506565094,0.07429417222738266,0.9550563097000122,False,False,False
0,8x8,experience_on,18,18,3,2,16,-0.30691736936569214,0.022809650748968124,0.9148374795913696,False,False,False
0,8x8,experience_on,19,19,3,3,16,-0.3133132755756378,0.014317492954432964,0.8536884784698486,False,False,False
0,8x8,experience_on,20,20,3,4,16,-0.3069043755531311,0.08955959975719452,0.9566657543182373,False,False,False
0,8x8,experience_on,21,21,3,5,16,-0.3067445755004883,0.12197264283895493,0.9151719212532043,False,False,False
0,8x8,experience_on,22,22,3,6,16,-0.3024977743625641,0.01267930120229721,0.9315577745437622,False,False,False
0,8x8,experience_on,23,23,3,7,16,-0.31419119238853455,0.010790081694722176,0.9216980338096619,False,False,False
0,8x8,experience_on,24,24,3,8,16,-0.3089788258075714,0.04409892112016678,0.8882776498794556,False,False,False
0,8x8,experience_on,25,25,4,1,24,-0.3106611967086792,0.09402377903461456,0.9756377339363098,False,False,False
0,8x8,experience_on,26,26,4,2,24,-0.3144731819629669,0.07305555790662766,0.9440107345581055,False,False,False
0,8x8,experience_on,27,27,4,3,24,-0.31201428174972534,0.09609617292881012,0.9013928174972534,False,False,False
0,8x8,experience_on,28,28,4,4,24,-0.3110305070877075,0.009690630249679089,0.8460255861282349,False,False,False
0,8x8,experience_on,29,29,4,5,24,-0.3109125792980194,0.014834072440862656,0.7811301350593567,False,False,True
0,8x8,experience_on,30,30,4,6,24,-0.3128882646560669,0.083013616502285,0.930866539478302,False,False,False
0,8x8,experience_on,31,31,4,7,24,-0.31083929538726807,0.10022059082984924,0.9418495893478394,False,False,False
0,8x8,experience_on,32,32,4,8,24,-0.3120955526828766,0.11633645743131638,0.9028770923614502,False,False,False
0,8x8,experience_on,33,33,5,1,32,-0.30619144439697266,0.23668090999126434,0.9204281568527222,False,False,False
0,8x8,experience_on,34,34,5,2,32,-0.3091168999671936,0.12957249581813812,0.9734213948249817,False,False,False
0,8x8,experience_on,35,35,5,3,32,-0.31645017862319946,0.03244733065366745,1.0008443593978882,False,False,False
0,8x8,experience_on,36,36,5,4,32,-0.3144153356552124,0.019176406785845757,1.0673789978027344,False,False,False
0,8x8,experience_on,37,37,5,5,32,-0.30992111563682556,0.014564904384315014,0.9895537495613098,False,False,False
0,8x8,experience_on,38,38,5,6,32,-0.31543582677841187,0.08500121533870697,0.932148814201355,False,False,False
0,8x8,experience_on,39,39,5,7,32,-0.3157252073287964,0.0837574452161789,0.9074945449829102,False,False,False
0,8x8,experience_on,40,40,5,8,32,-0.313668429851532,0.07957993447780609,0.8955786228179932,False,False,False
0,8x8,experience_on,41,41,6,1,40,-0.3071821331977844,0.1251036524772644,1.0000698566436768,False,False,False
0,8x8,experience_on,42,42,6,2,40,-0.3100343346595764,0.09268587082624435,0.908422589302063,False,False,False
0,8x8,experience_on,43,43,6,3,40,-0.31826961040496826,0.03600244224071503,0.8919795751571655,False,False,False
0,8x8,experience_on,44,44,6,4,40,-0.31163930892944336,0.028903288766741753,0.963425874710083,False,False,False
0,8x8,experience_on,45,45,6,5,40,-0.3106154799461365,0.08884185552597046,0.9465299844741821,False,False,False
0,8x8,experience_on,46,46,6,6,40,-0.31389379501342773,0.11210328340530396,0.8243871927261353,False,False,False
0,8x8,experience_on,47,47,6,7,40,-0.31125161051750183,0.045385491102933884,0.8993062376976013,False,False,False
0,8x8,experience_on,48,48,6,8,40,-0.3086814880371094,0.04795576259493828,0.8770610094070435,False,False,False
0,8x8,experience_on,49,49,7,1,48,-0.31346315145492554,0.11034270375967026,0.9813859462738037,False,False,False
0,8x8,experience_on,50,50,7,2,48,-0.30777081847190857,0.14825940132141113,0.8773340582847595,False,False,False
0,8x8,experience_on,51,51,7,3,48,-0.3107820153236389,0.1012752503156662,1.0875320434570312,False,False,False
0,8x8,experience_on,52,52,7,4,48,-0.3062993884086609,0.15140193700790405,0.9180672764778137,False,False,False
0,8x8,experience_on,53,53,7,5,48,-0.3123118579387665,0.07572142779827118,0.9558402299880981,False,False,False
0,8x8,experience_on,54,54,7,6,48,-0.31876781582832336,0.11683569848537445,0.9853590726852417,True,False,False
0,8x8,experience_on,55,55,7,7,48,-0.3117216229438782,0.08127202838659286,1.0396250486373901,False,False,False
0,8x8,experience_on,56,56,7,8,48,-0.314699649810791,0.14239966869354248,0.8025128245353699,False,False,False
0,8x8,experience_on,57,57,8,1,56,-0.30859580636024475,0.04533255845308304,0.8764652609825134,False,False,False
0,8x8,experience_on,58,58,8,2,56,-0.3095702528953552,0.04753076285123825,0.9785184860229492,False,False,False
0,8x8,experience_on,59,59,8,3,56,-0.3151337504386902,0.10378073155879974,0.9880644679069519,False,False,False
0,8x8,experience_on,60,60,8,4,56,-0.3138427734375,0.010009214282035828,0.9403361082077026,False,False,False
0,8x8,experience_on,61,61,8,5,56,-0.3148982524871826,0.01460291352123022,1.0321972370147705,False,False,False
0,8x8,experience_on,62,62,8,6,56,-0.3116169571876526,0.03336822986602783,0.8822864890098572,False,False,False
0,8x8,experience_on,63,63,8,7,56,-0.3115915358066559,0.02775401435792446,0.8392808437347412,False,False,False
0,8x8,experience_on,64,64,8,8,56,-0.3064582943916321,0.1257420778274536,0.9606234431266785,False,False,False
0,4x16,experience_on,1,1,1,1,0,-0.30499598383903503,0.07021957635879517,0.9913842678070068,False,False,False
0,4x16,experience_on,2,2,1,2,0,-0.31166326999664307,0.07215753197669983,0.9774366021156311,False,False,False
0,4x16,experience_on,3,3,1,3,0,-0.31446540355682373,0.07572364807128906,0.9266352653503418,False,False,False
0,4x16,experience_on,4,4,1,4,0,-0.31186145544052124,0.013785849325358868,0.8705074191093445,False,False,False
0,4x16,experience_on,5,5,2,1,4,-0.30488109588623047,0.07666831463575363,0.9683924913406372,False,False,False
0,4x16,experience_on,6,6,2,2,4,-0.31647253036499023,0.03343792259693146,0.9328722953796387,False,False,False
0,4x16,experience_on,7,7,2,3,4,-0.31067854166030884,0.022309616208076477,0.9873495101928711,False,False,False
0,4x16,experience_on,8,8,2,4,4,-0.3070945143699646,0.12055893987417221,0.8606106638908386,False,False,False
0,4x16,experience_on,9,9,3,1,8,-0.31081539392471313,0.01867418736219406,0.861792266368866,False,False,False
0,4x16,experience_on,10,10,3,2,8,-0.31542813777923584,0.021244172006845474,0.9360663890838623,False,False,False
0,4x16,experience_on,11,11,3,3,8,-0.3072606921195984,0.10448576509952545,1.1451187133789062,False,False,False
0,4x16,experience_on,12,12,3,4,8,-0.31472092866897583,0.06640595197677612,0.9449359178543091,False,False,False
0,4x16,experience_on,13,13,4,1,12,-0.30721431970596313,0.08463716506958008,0.9369796514511108,False,False,False
0,4x16,experience_on,14,14,4,2,12,-0.31027108430862427,0.007915536873042583,0.9316918849945068,False,True,False
0,4x16,experience_on,15,15,4,3,12,-0.3105127811431885,0.16928675770759583,0.9368072152137756,False,False,False
0,4x16,experience_on,16,16,4,4,12,-0.3079138994216919,0.011824440211057663,0.9641591906547546,False,False,False
0,4x16,experience_on,17,17,5,1,16,-0.31872767210006714,0.074302077293396,0.9550285339355469,False,False,False
0,4x16,experience_on,18,18,5,2,16,-0.3069145083427429,0.022819366306066513,0.9148351550102234,False,False,False
0,4x16,experience_on,19,19,5,3,16,-0.3133123517036438,0.014316756278276443,0.8536788821220398,False,False,False
0,4x16,experience_on,20,20,5,4,16,-0.30690160393714905,0.08958562463521957,0.9566598534584045,False,False,False
0,4x16,experience_on,21,21,6,1,20,-0.3067432641983032,0.1219879612326622,0.9151250720024109,False,False,False
0,4x16,experience_on,22,22,6,2,20,-0.30250200629234314,0.012677408754825592,0.9314371943473816,False,False,False
0,4x16,experience_on,23,23,6,3,20,-0.31419140100479126,0.010789523832499981,0.9216476082801819,False,False,False
0,4x16,experience_on,24,24,6,4,20,-0.30898022651672363,0.04408631846308708,0.8881624937057495,False,False,False
0,4x16,experience_on,25,25,7,1,24,-0.3106588125228882,0.09403739869594574,0.9756315350532532,False,False,False
0,4x16,experience_on,26,26,7,2,24,-0.31447139382362366,0.07307369261980057,0.9439907670021057,False,False,False
0,4x16,experience_on,27,27,7,3,24,-0.3120121359825134,0.09610407799482346,0.9013761878013611,False,False,False
0,4x16,experience_on,28,28,7,4,24,-0.3110293745994568,0.009689981117844582,0.845996081829071,False,False,False
0,4x16,experience_on,29,29,8,1,28,-0.3109084367752075,0.014830701053142548,0.7811028957366943,False,False,True
0,4x16,experience_on,30,30,8,2,28,-0.31288790702819824,0.08298642188310623,0.9308109879493713,False,False,False
0,4x16,experience_on,31,31,8,3,28,-0.3108408749103546,0.10017859190702438,0.9418050646781921,False,False,False
0,4x16,experience_on,32,32,8,4,28,-0.31209418177604675,0.1162959560751915,0.902839183807373,False,False,False
0,4x16,experience_on,33,33,9,1,32,-0.3061884045600891,0.236677885055542,0.9204189777374268,False,False,False
0,4x16,experience_on,34,34,9,2,32,-0.3091144561767578,0.12957799434661865,0.9734088778495789,False,False,False
0,4x16,experience_on,35,35,9,3,32,-0.3164485692977905,0.03244919329881668,1.0008238554000854,False,False,False
0,4x16,experience_on,36,36,9,4,32,-0.3144144117832184,0.01917351596057415,1.067345142364502,False,False,False
0,4x16,experience_on,37,37,10,1,36,-0.30991971492767334,0.014562605880200863,0.9895163774490356,False,False,False
0,4x16,experience_on,38,38,10,2,36,-0.3154357969760895,0.08497249335050583,0.9321075081825256,False,False,False
0,4x16,experience_on,39,39,10,3,36,-0.3157249391078949,0.08375401794910431,0.9074530005455017,False,False,False
0,4x16,experience_on,40,40,10,4,36,-0.313667893409729,0.07957002520561218,0.8955508470535278,False,False,False
0,4x16,experience_on,41,41,11,1,40,-0.30718061327934265,0.12511837482452393,1.0000743865966797,False,False,False
0,4x16,experience_on,42,42,11,2,40,-0.31003275513648987,0.09269016981124878,0.908410370349884,False,False,False
0,4x16,experience_on,43,43,11,3,40,-0.3182690739631653,0.036005109548568726,0.8919637203216553,False,False,False
0,4x16,experience_on,44,44,11,4,40,-0.3116387128829956,0.028900831937789917,0.9634127616882324,False,False,False
0,4x16,experience_on,45,45,12,1,44,-0.3106151521205902,0.08883784711360931,0.9465076327323914,False,False,False
0,4x16,experience_on,46,46,12,2,44,-0.313891738653183,0.11209560930728912,0.8243681192398071,False,False,False
0,4x16,experience_on,47,47,12,3,44,-0.31125107407569885,0.045385174453258514,0.8992888927459717,False,False,False
0,4x16,experience_on,48,48,12,4,44,-0.3086804747581482,0.04795626923441887,0.8770469427108765,False,False,False
0,4x16,experience_on,49,49,13,1,48,-0.31346240639686584,0.11034773290157318,0.9813818335533142,False,False,False
0,4x16,experience_on,50,50,13,2,48,-0.3077698349952698,0.1482723504304886,0.8773292303085327,False,False,False
0,4x16,experience_on,51,51,13,3,48,-0.3107811510562897,0.10127408802509308,1.0875046253204346,False,False,False
0,4x16,experience_on,52,52,13,4,48,-0.30629774928092957,0.15141230821609497,0.9180595278739929,False,False,False
0,4x16,experience_on,53,53,14,1,52,-0.3123084008693695,0.07574048638343811,0.9558424949645996,False,False,False
0,4x16,experience_on,54,54,14,2,52,-0.31876760721206665,0.11686905473470688,0.9853461384773254,True,False,False
0,4x16,experience_on,55,55,14,3,52,-0.31171944737434387,0.08130285888910294,1.0396428108215332,False,False,False
0,4x16,experience_on,56,56,14,4,52,-0.31469666957855225,0.14244207739830017,0.8025321960449219,False,False,False
0,4x16,experience_on,57,57,15,1,56,-0.308594673871994,0.045334503054618835,0.8764578700065613,False,False,False
0,4x16,experience_on,58,58,15,2,56,-0.3095698058605194,0.04753294587135315,0.9785153269767761,False,False,False
0,4x16,experience_on,59,59,15,3,56,-0.31513282656669617,0.10377760231494904,0.9880563020706177,False,False,False
0,4x16,experience_on,60,60,15,4,56,-0.3138424754142761,0.010009239427745342,0.9403329491615295,False,False,False
0,4x16,experience_on,61,61,16,1,60,-0.31489822268486023,0.014601074159145355,1.0321776866912842,False,False,False
0,4x16,experience_on,62,62,16,2,60,-0.3116164803504944,0.03336668759584427,0.8822765946388245,False,False,False
0,4x16,experience_on,63,63,16,3,60,-0.31159210205078125,0.027751177549362183,0.8392646312713623,False,False,False
0,4x16,experience_on,64,64,16,4,60,-0.3064582049846649,0.12573540210723877,0.9606069922447205,False,False,False
1,64x1,experience_off,1,1,1,1,0,-0.340679407119751,0.053927939385175705,0.41829851269721985,False,False,False
1,64x1,experience_off,2,2,1,2,0,-0.3378334045410156,0.03370187431573868,0.43852499127388,False,False,False
1,64x1,experience_off,3,3,1,3,0,-0.34233593940734863,0.02964402362704277,0.5250689387321472,False,False,False
1,64x1,experience_off,4,4,1,4,0,-0.33168649673461914,0.03428046032786369,0.44008010625839233,False,False,False
1,64x1,experience_off,5,5,1,5,0,-0.34185004234313965,0.051309164613485336,0.48089903593063354,False,False,False
1,64x1,experience_off,6,6,1,6,0,-0.34014052152633667,0.04697310924530029,0.4729953706264496,False,False,False
1,64x1,experience_off,7,7,1,7,0,-0.3428272008895874,0.07574909180402756,0.44435733556747437,False,False,False
1,64x1,experience_off,8,8,1,8,0,-0.3331156075000763,0.03762643411755562,0.44891464710235596,False,False,False
1,64x1,experience_off,9,9,1,9,0,-0.33795520663261414,0.020810270681977272,0.4147324562072754,False,False,False
1,64x1,experience_off,10,10,1,10,0,-0.3419267535209656,0.052067458629608154,0.48387452960014343,False,False,False
1,64x1,experience_off,11,11,1,11,0,-0.3374861478805542,0.028758516535162926,0.4792085289955139,False,False,False
1,64x1,experience_off,12,12,1,12,0,-0.34224265813827515,0.034499332308769226,0.4652356505393982,False,False,False
1,64x1,experience_off,13,13,1,13,0,-0.3277457654476166,0.030127456411719322,0.4809306859970093,False,False,False
1,64x1,experience_off,14,14,1,14,0,-0.3402264714241028,0.04458814486861229,0.431533545255661,False,False,False
1,64x1,experience_off,15,15,1,15,0,-0.34246665239334106,0.04805753752589226,0.388283371925354,False,False,False
1,64x1,experience_off,16,16,1,16,0,-0.340520977973938,0.039217449724674225,0.42930901050567627,False,False,False
1,64x1,experience_off,17,17,1,17,0,-0.3356913924217224,0.04915890097618103,0.4547329545021057,False,False,False
1,64x1,experience_off,18,18,1,18,0,-0.33942893147468567,0.025142107158899307,0.43180492520332336,False,False,False
1,64x1,experience_off,19,19,1,19,0,-0.33285409212112427,0.017088908702135086,0.4818727374076843,False,False,False
1,64x1,experience_off,20,20,1,20,0,-0.33796367049217224,0.03073485754430294,0.4317162334918976,False,False,False
1,64x1,experience_off,21,21,1,21,0,-0.33600348234176636,0.027410849928855896,0.41427940130233765,False,False,False
1,64x1,experience_off,22,22,1,22,0,-0.34115609526634216,0.04998219013214111,0.37516456842422485,False,False,False
1,64x1,experience_off,23,23,1,23,0,-0.34125882387161255,0.058529332280159,0.4989534914493561,False,False,False
1,64x1,experience_off,24,24,1,24,0,-0.33380717039108276,0.04159409552812576,0.5319103598594666,False,False,False
1,64x1,experience_off,25,25,1,25,0,-0.3395324945449829,0.03838620334863663,0.43419042229652405,False,False,False
1,64x1,experience_off,26,26,1,26,0,-0.3420320749282837,0.029458850622177124,0.4173668622970581,False,False,False
1,64x1,experience_off,27,27,1,27,0,-0.34263741970062256,0.04770849272608757,0.46929726004600525,False,False,False
1,64x1,experience_off,28,28,1,28,0,-0.3306301236152649,0.03770510107278824,0.47566160559654236,False,False,False
1,64x1,experience_off,29,29,1,29,0,-0.3446890413761139,0.05566006153821945,0.418979287147522,True,False,False
1,64x1,experience_off,30,30,1,30,0,-0.3371114432811737,0.03618994727730751,0.44662392139434814,False,False,False
1,64x1,experience_off,31,31,1,31,0,-0.33478671312332153,0.036266423761844635,0.4140489995479584,False,False,False
1,64x1,experience_off,32,32,1,32,0,-0.3390364646911621,0.064409039914608,0.42277586460113525,False,False,False
1,64x1,experience_off,33,33,1,33,0,-0.34039604663848877,0.04901490733027458,0.43477797508239746,False,False,False
1,64x1,experience_off,34,34,1,34,0,-0.33431878685951233,0.07855826616287231,0.42325401306152344,False,False,False
1,64x1,experience_off,35,35,1,35,0,-0.33670035004615784,0.024201512336730957,0.46835729479789734,False,False,False
1,64x1,experience_off,36,36,1,36,0,-0.3391972482204437,0.05006129667162895,0.42716822028160095,False,False,False
1,64x1,experience_off,37,37,1,37,0,-0.335688054561615,0.040877535939216614,0.4521939754486084,False,False,False
1,64x1,experience_off,38,38,1,38,0,-0.3377956748008728,0.03690394014120102,0.45009225606918335,False,False,False
1,64x1,experience_off,39,39,1,39,0,-0.3380085527896881,0.03472980856895447,0.4348233640193939,False,False,False
1,64x1,experience_off,40,40,1,40,0,-0.34319138526916504,0.03026323765516281,0.39938703179359436,False,False,False
1,64x1,experience_off,41,41,1,41,0,-0.3327639102935791,0.023633822798728943,0.4772801995277405,False,False,False
1,64x1,experience_off,42,42,1,42,0,-0.33640849590301514,0.032506369054317474,0.4341338574886322,False,False,False
1,64x1,experience_off,43,43,1,43,0,-0.33563974499702454,0.04081302136182785,0.45528602600097656,False,False,False
1,64x1,experience_off,44,44,1,44,0,-0.33561792969703674,0.0420236811041832,0.3662791848182678,False,False,True
1,64x1,experience_off,45,45,1,45,0,-0.3394036889076233,0.016568705439567566,0.47437185049057007,False,True,False
1,64x1,experience_off,46,46,1,46,0,-0.3386685848236084,0.052773237228393555,0.43017086386680603,False,False,False
1,64x1,experience_off,47,47,1,47,0,-0.3342166543006897,0.02014715038239956,0.4789396822452545,False,False,False
1,64x1,experience_off,48,48,1,48,0,-0.3378753960132599,0.0284238513559103,0.5024020075798035,False,False,False
1,64x1,experience_off,49,49,1,49,0,-0.3432939052581787,0.04145161807537079,0.44302457571029663,False,False,False
1,64x1,experience_off,50,50,1,50,0,-0.33994027972221375,0.03124755434691906,0.5031593441963196,False,False,False
1,64x1,experience_off,51,51,1,51,0,-0.3402867615222931,0.034875404089689255,0.4742673337459564,False,False,False
1,64x1,experience_off,52,52,1,52,0,-0.34054264426231384,0.03596068173646927,0.470569372177124,False,False,False
1,64x1,experience_off,53,53,1,53,0,-0.3344665467739105,0.02860274724662304,0.4907257854938507,False,False,False
1,64x1,experience_off,54,54,1,54,0,-0.3366805911064148,0.04214393347501755,0.47510725259780884,False,False,False
1,64x1,experience_off,55,55,1,55,0,-0.34170427918434143,0.02487790212035179,0.4698895812034607,False,False,False
1,64x1,experience_off,56,56,1,56,0,-0.33897823095321655,0.025686707347631454,0.5467944741249084,False,False,False
1,64x1,experience_off,57,57,1,57,0,-0.33363252878189087,0.04265290126204491,0.43649816513061523,False,False,False
1,64x1,experience_off,58,58,1,58,0,-0.34039759635925293,0.030974015593528748,0.454365611076355,False,False,False
1,64x1,experience_off,59,59,1,59,0,-0.33971112966537476,0.032046590000391006,0.44144827127456665,False,False,False
1,64x1,experience_off,60,60,1,60,0,-0.33691054582595825,0.0544758066534996,0.42891520261764526,False,False,False
1,64x1,experience_off,61,61,1,61,0,-0.3380998969078064,0.06139453500509262,0.4269072711467743,False,False,False
1,64x1,experience_off,62,62,1,62,0,-0.3396071195602417,0.05782393366098404,0.4387597143650055,False,False,False
1,64x1,experience_off,63,63,1,63,0,-0.340374618768692,0.029053321108222008,0.436830997467041,False,False,False
1,64x1,experience_off,64,64,1,64,0,-0.3393511474132538,0.05245734006166458,0.4420662522315979,False,False,False
1,32x2,experience_on,1,1,1,1,0,-0.34067970514297485,0.053928013890981674,0.4182985723018646,False,False,False
1,32x2,experience_on,2,2,1,2,0,-0.3378334641456604,0.03370191901922226,0.43852508068084717,False,False,False
1,32x2,experience_on,3,3,1,3,0,-0.34233593940734863,0.029643869027495384,0.5250690579414368,False,False,False
1,32x2,experience_on,4,4,1,4,0,-0.33168652653694153,0.034280598163604736,0.4400802552700043,False,False,False
1,32x2,experience_on,5,5,1,5,0,-0.3418501615524292,0.051309358328580856,0.4808991551399231,False,False,False
1,32x2,experience_on,6,6,1,6,0,-0.3401404619216919,0.04697325825691223,0.47299543023109436,False,False,False
1,32x2,experience_on,7,7,1,7,0,-0.3428272306919098,0.07574918121099472,0.4443572759628296,False,False,False
1,32x2,experience_on,8,8,1,8,0,-0.3331160247325897,0.037626348435878754,0.44891446828842163,False,False,False
1,32x2,experience_on,9,9,1,9,0,-0.337955117225647,0.020810209214687347,0.414732426404953,False,False,False
1,32x2,experience_on,10,10,1,10,0,-0.3419267237186432,0.052067480981349945,0.4838745892047882,False,False,False
1,32x2,experience_on,11,11,1,11,0,-0.337486207485199,0.028758399188518524,0.4792085886001587,False,False,False
1,32x2,experience_on,12,12,1,12,0,-0.34224265813827515,0.034499313682317734,0.46523573994636536,False,False,False
1,32x2,experience_on,13,13,1,13,0,-0.32774585485458374,0.030127573758363724,0.4809306859970093,False,False,False
1,32x2,experience_on,14,14,1,14,0,-0.34022653102874756,0.04458826035261154,0.43153348565101624,False,False,False
1,32x2,experience_on,15,15,1,15,0,-0.342466801404953,0.04805769771337509,0.38828331232070923,False,False,False
1,32x2,experience_on,16,16,1,16,0,-0.3405209183692932,0.03921767324209213,0.42930883169174194,False,False,False
1,32x2,experience_on,17,17,1,17,0,-0.3356914222240448,0.04915895685553551,0.4547331929206848,False,False,False
1,32x2,experience_on,18,18,1,18,0,-0.33942902088165283,0.025142185389995575,0.43180492520332336,False,False,False
1,32x2,experience_on,19,19,1,19,0,-0.33285415172576904,0.017088940367102623,0.4818727672100067,False,False,False
1,32x2,experience_on,20,20,1,20,0,-0.3379635810852051,0.030734850093722343,0.43171629309654236,False,False,False
1,32x2,experience_on,21,21,1,21,0,-0.33600348234176636,0.027410902082920074,0.4142794609069824,False,False,False
1,32x2,experience_on,22,22,1,22,0,-0.34115636348724365,0.04998236149549484,0.37516459822654724,False,False,False
1,32x2,experience_on,23,23,1,23,0,-0.3412589430809021,0.058528926223516464,0.4989534616470337,False,False,False
1,32x2,experience_on,24,24,1,24,0,-0.33380717039108276,0.041594307869672775,0.5319104790687561,False,False,False
1,32x2,experience_on,25,25,1,25,0,-0.33953240513801575,0.038386642932891846,0.43419039249420166,False,False,False
1,32x2,experience_on,26,26,1,26,0,-0.342032253742218,0.029458913952112198,0.41736677289009094,False,False,False
1,32x2,experience_on,27,27,1,27,0,-0.3426375091075897,0.04770861193537712,0.46929728984832764,False,False,False
1,32x2,experience_on,28,28,1,28,0,-0.33063024282455444,0.03770475834608078,0.47566160559654236,False,False,False
1,32x2,experience_on,29,29,1,29,0,-0.34468916058540344,0.05566000938415527,0.418979287147522,True,False,False
1,32x2,experience_on,30,30,1,30,0,-0.33711156249046326,0.0361899733543396,0.4466240704059601,False,False,False
1,32x2,experience_on,31,31,1,31,0,-0.33478695154190063,0.03626634553074837,0.4140489995479584,False,False,False
1,32x2,experience_on,32,32,1,32,0,-0.33903661370277405,0.06440876424312592,0.4227758049964905,False,False,False
1,32x2,experience_on,33,33,2,1,32,-0.33981937170028687,0.04525558277964592,0.4293051064014435,False,False,False
1,32x2,experience_on,34,34,2,2,32,-0.33388620615005493,0.08425333350896835,0.4189349412918091,False,False,False
1,32x2,experience_on,35,35,2,3,32,-0.33642834424972534,0.024475742131471634,0.4622492790222168,False,False,False
1,32x2,experience_on,36,36,2,4,32,-0.33941081166267395,0.052695538848638535,0.4224184453487396,False,False,False
1,32x2,experience_on,37,37,2,5,32,-0.33517351746559143,0.04459603875875473,0.44486963748931885,False,False,False
1,32x2,experience_on,38,38,2,6,32,-0.33725258708000183,0.035453423857688904,0.44533637166023254,False,False,False
1,32x2,experience_on,39,39,2,7,32,-0.337979257106781,0.035181060433387756,0.43125906586647034,False,False,False
1,32x2,experience_on,40,40,2,8,32,-0.34265774488449097,0.03101174160838127,0.3963431417942047,False,False,False
1,32x2,experience_on,41,41,2,9,32,-0.3329942226409912,0.022895824164152145,0.4731082022190094,False,False,False
1,32x2,experience_on,42,42,2,10,32,-0.335940420627594,0.0330018475651741,0.43122556805610657,False,False,False
1,32x2,experience_on,43,43,2,11,32,-0.335598349571228,0.03955570235848427,0.4501512050628662,False,False,False
1,32x2,experience_on,44,44,2,12,32,-0.33562248945236206,0.043516021221876144,0.3638116419315338,False,False,True
1,32x2,experience_on,45,45,2,13,32,-0.3390948176383972,0.015524922870099545,0.4703083038330078,False,True,False
1,32x2,experience_on,46,46,2,14,32,-0.3387724459171295,0.05100436136126518,0.4255934953689575,False,False,False
1,32x2,experience_on,47,47,2,15,32,-0.33427780866622925,0.01956711709499359,0.4724334478378296,False,False,False
1,32x2,experience_on,48,48,2,16,32,-0.33744800090789795,0.030608199536800385,0.49231597781181335,False,False,False
1,32x2,experience_on,49,49,2,17,32,-0.3428690731525421,0.04186253994703293,0.4363670349121094,False,False,False
1,32x2,experience_on,50,50,2,18,32,-0.33948373794555664,0.028912952169775963,0.4968780279159546,False,False,False
1,32x2,experience_on,51,51,2,19,32,-0.3395068943500519,0.0362066850066185,0.4677700400352478,False,False,False
1,32x2,experience_on,52,52,2,20,32,-0.34052103757858276,0.04013792425394058,0.46635350584983826,False,False,False
1,32x2,experience_on,53,53,2,21,32,-0.3341825008392334,0.03189277648925781,0.48281943798065186,False,False,False
1,32x2,experience_on,54,54,2,22,32,-0.33675068616867065,0.03833542764186859,0.46910303831100464,False,False,False
1,32x2,experience_on,55,55,2,23,32,-0.3412771224975586,0.027543969452381134,0.4647918939590454,False,False,False
1,32x2,experience_on,56,56,2,24,32,-0.33879342675209045,0.0271727554500103,0.5363081097602844,False,False,False
1,32x2,experience_on,57,57,2,25,32,-0.3332754373550415,0.040557485073804855,0.43060293793678284,False,False,False
1,32x2,experience_on,58,58,2,26,32,-0.3397536873817444,0.028434928506612778,0.44837629795074463,False,False,False
1,32x2,experience_on,59,59,2,27,32,-0.3395644426345825,0.029936905950307846,0.4379778504371643,False,False,False
1,32x2,experience_on,60,60,2,28,32,-0.3364143967628479,0.056187450885772705,0.42452192306518555,False,False,False
1,32x2,experience_on,61,61,2,29,32,-0.33849725127220154,0.06569007784128189,0.4234900176525116,False,False,False
1,32x2,experience_on,62,62,2,30,32,-0.3395884931087494,0.05674080178141594,0.4354766607284546,False,False,False
1,32x2,experience_on,63,63,2,31,32,-0.3400237560272217,0.031629543751478195,0.4320887625217438,False,False,False
1,32x2,experience_on,64,64,2,32,32,-0.33903437852859497,0.04887467250227928,0.440887987613678,False,False,False
1,16x4,experience_on,1,1,1,1,0,-0.3406795859336853,0.05392789840698242,0.418298602104187,False,False,False
1,16x4,experience_on,2,2,1,2,0,-0.3378334641456604,0.033701956272125244,0.43852493166923523,False,False,False
1,16x4,experience_on,3,3,1,3,0,-0.342335969209671,0.029643908143043518,0.5250691175460815,False,False,False
1,16x4,experience_on,4,4,1,4,0,-0.33168673515319824,0.03428059071302414,0.4400801658630371,False,False,False
1,16x4,experience_on,5,5,1,5,0,-0.3418501317501068,0.05130888521671295,0.4808991849422455,False,False,False
1,16x4,experience_on,6,6,1,6,0,-0.34014058113098145,0.046973228454589844,0.47299543023109436,False,False,False
1,16x4,experience_on,7,7,1,7,0,-0.3428272604942322,0.0757492259144783,0.4443574547767639,False,False,False
1,16x4,experience_on,8,8,1,8,0,-0.333115816116333,0.03762655332684517,0.4489147365093231,False,False,False
1,16x4,experience_on,9,9,1,9,0,-0.33795517683029175,0.020810194313526154,0.4147324562072754,False,False,False
1,16x4,experience_on,10,10,1,10,0,-0.3419267535209656,0.05206746608018875,0.48387476801872253,False,False,False
1,16x4,experience_on,11,11,1,11,0,-0.337486207485199,0.02875838428735733,0.4792082905769348,False,False,False
1,16x4,experience_on,12,12,1,12,0,-0.3422424793243408,0.03449933975934982,0.46523573994636536,False,False,False
1,16x4,experience_on,13,13,1,13,0,-0.327745646238327,0.030127551406621933,0.48093077540397644,False,False,False
1,16x4,experience_on,14,14,1,14,0,-0.34022650122642517,0.04458821937441826,0.43153348565101624,False,False,False
1,16x4,experience_on,15,15,1,15,0,-0.34246671199798584,0.04805786907672882,0.38828322291374207,False,False,False
1,16x4,experience_on,16,16,1,16,0,-0.34052103757858276,0.03921739384531975,0.4293088912963867,False,False,False
1,16x4,experience_on,17,17,2,1,16,-0.3351602256298065,0.049866776913404465,0.4471548795700073,False,False,False
1,16x4,experience_on,18,18,2,2,16,-0.3388155698776245,0.025235524401068687,0.4256645143032074,False,False,False
1,16x4,experience_on,19,19,2,3,16,-0.33210110664367676,0.018071359023451805,0.4737808406352997,False,False,False
1,16x4,experience_on,20,20,2,4,16,-0.3372097313404083,0.031445469707250595,0.4267667233943939,False,False,False
1,16x4,experience_on,21,21,2,5,16,-0.3358200192451477,0.028518034145236015,0.41069015860557556,False,False,False
1,16x4,experience_on,22,22,2,6,16,-0.34090912342071533,0.053958576172590256,0.3701084852218628,False,False,False
1,16x4,experience_on,23,23,2,7,16,-0.34126538038253784,0.06325184553861618,0.4928845763206482,False,False,False
1,16x4,experience_on,24,24,2,8,16,-0.33373188972473145,0.0414469912648201,0.5242351293563843,False,False,False
1,16x4,experience_on,25,25,2,9,16,-0.3391720652580261,0.040468163788318634,0.4296809732913971,False,False,False
1,16x4,experience_on,26,26,2,10,16,-0.34151363372802734,0.029647909104824066,0.4138445258140564,False,False,False
1,16x4,experience_on,27,27,2,11,16,-0.3426782190799713,0.049250852316617966,0.46591147780418396,False,False,False
1,16x4,experience_on,28,28,2,12,16,-0.3307565152645111,0.03500078618526459,0.4712277352809906,False,False,False
1,16x4,experience_on,29,29,2,13,16,-0.3438419699668884,0.0562167726457119,0.41407161951065063,True,False,False
1,16x4,experience_on,30,30,2,14,16,-0.3371477723121643,0.03462698310613632,0.44222089648246765,False,False,False
1,16x4,experience_on,31,31,2,15,16,-0.3341691493988037,0.035299718379974365,0.41080644726753235,False,False,False
1,16x4,experience_on,32,32,2,16,16,-0.3388518691062927,0.06985778361558914,0.4184104800224304,False,False,False
1,16x4,experience_on,33,33,3,1,32,-0.33982089161872864,0.0452561154961586,0.4292825162410736,False,False,False
1,16x4,experience_on,34,34,3,2,32,-0.3338901102542877,0.08424492925405502,0.41892072558403015,False,False,False
1,16x4,experience_on,35,35,3,3,32,-0.3364276885986328,0.02448062226176262,0.46222028136253357,False,False,False
1,16x4,experience_on,36,36,3,4,32,-0.33940839767456055,0.05269330367445946,0.42240622639656067,False,False,False
1,16x4,experience_on,37,37,3,5,32,-0.33517464995384216,0.044608261436223984,0.4448404312133789,False,False,False
1,16x4,experience_on,38,38,3,6,32,-0.33725595474243164,0.0354551300406456,0.44530874490737915,False,False,False
1,16x4,experience_on,39,39,3,7,32,-0.3379778265953064,0.03518451750278473,0.431252121925354,False,False,False
1,16x4,experience_on,40,40,3,8,32,-0.34265702962875366,0.031011268496513367,0.39634376764297485,False,False,False
1,16x4,experience_on,41,41,3,9,32,-0.33299386501312256,0.022899826988577843,0.473080575466156,False,False,False
1,16x4,experience_on,42,42,3,10,32,-0.335941344499588,0.03300683572888374,0.43121138215065,False,False,False
1,16x4,experience_on,43,43,3,11,32,-0.3356008231639862,0.03955923393368721,0.45013079047203064,False,False,False
1,16x4,experience_on,44,44,3,12,32,-0.33562055230140686,0.04352005571126938,0.36380308866500854,False,False,True
1,16x4,experience_on,45,45,3,13,32,-0.3390961289405823,0.015526076778769493,0.4702875316143036,False,True,False
1,16x4,experience_on,46,46,3,14,32,-0.3387695550918579,0.050999488681554794,0.42557668685913086,False,False,False
1,16x4,experience_on,47,47,3,15,32,-0.3342762589454651,0.01956680230796337,0.47239813208580017,False,False,False
1,16x4,experience_on,48,48,3,16,32,-0.3374485373497009,0.03060886822640896,0.49226313829421997,False,False,False
1,16x4,experience_on,49,49,4,1,48,-0.34287068247795105,0.041868649423122406,0.436367392539978,False,False,False
1,16x4,experience_on,50,50,4,2,48,-0.33948609232902527,0.02891434356570244,0.4968702495098114,False,False,False
1,16x4,experience_on,51,51,4,3,48,-0.3395058512687683,0.03621131181716919,0.46777206659317017,False,False,False
1,16x4,experience_on,52,52,4,4,48,-0.34052062034606934,0.040141161531209946,0.4663696885108948,False,False,False
1,16x4,experience_on,53,53,4,5,48,-0.33418047428131104,0.031897369772195816,0.48281410336494446,False,False,False
1,16x4,experience_on,54,54,4,6,48,-0.33675700426101685,0.038340553641319275,0.4690963625907898,False,False,False
1,16x4,experience_on,55,55,4,7,48,-0.3412742614746094,0.027546867728233337,0.464791864156723,False,False,False
1,16x4,experience_on,56,56,4,8,48,-0.33879536390304565,0.02717195451259613,0.5363098978996277,False,False,False
1,16x4,experience_on,57,57,4,9,48,-0.3332672417163849,0.0405636765062809,0.4306022524833679,False,False,False
1,16x4,experience_on,58,58,4,10,48,-0.3397575616836548,0.028434833511710167,0.44836676120758057,False,False,False
1,16x4,experience_on,59,59,4,11,48,-0.33956384658813477,0.029941020533442497,0.43798181414604187,False,False,False
1,16x4,experience_on,60,60,4,12,48,-0.33641162514686584,0.05618606507778168,0.42453786730766296,False,False,False
1,16x4,experience_on,61,61,4,13,48,-0.3384975790977478,0.06569968909025192,0.4234877824783325,False,False,False
1,16x4,experience_on,62,62,4,14,48,-0.33958667516708374,0.05674289911985397,0.4354700446128845,False,False,False
1,16x4,experience_on,63,63,4,15,48,-0.34002628922462463,0.03163261339068413,0.4320935606956482,False,False,False
1,16x4,experience_on,64,64,4,16,48,-0.33904212713241577,0.04887942597270012,0.44089892506599426,False,False,False
1,8x8,experience_on,1,1,1,1,0,-0.34067946672439575,0.05392802879214287,0.4182983636856079,False,False,False
1,8x8,experience_on,2,2,1,2,0,-0.33783358335494995,0.03370209038257599,0.4385250508785248,False,False,False
1,8x8,experience_on,3,3,1,3,0,-0.34233590960502625,0.029643889516592026,0.5250690579414368,False,False,False
1,8x8,experience_on,4,4,1,4,0,-0.3316866159439087,0.034280531108379364,0.4400801658630371,False,False,False
1,8x8,experience_on,5,5,1,5,0,-0.3418504595756531,0.05130958557128906,0.48089903593063354,False,False,False
1,8x8,experience_on,6,6,1,6,0,-0.34014034271240234,0.046973422169685364,0.47299543023109436,False,False,False
1,8x8,experience_on,7,7,1,7,0,-0.3428271412849426,0.07574949413537979,0.4443572163581848,False,False,False
1,8x8,experience_on,8,8,1,8,0,-0.3331155776977539,0.03762643039226532,0.4489145576953888,False,False,False
1,8x8,experience_on,9,9,2,1,8,-0.33796560764312744,0.021025314927101135,0.4102916717529297,False,False,False
1,8x8,experience_on,10,10,2,2,8,-0.3415006101131439,0.04919373244047165,0.47753652930259705,False,False,False
1,8x8,experience_on,11,11,2,3,8,-0.33685439825057983,0.026331011205911636,0.4728686511516571,False,False,False
1,8x8,experience_on,12,12,2,4,8,-0.34198498725891113,0.03265542909502983,0.46243974566459656,False,False,False
1,8x8,experience_on,13,13,2,5,8,-0.32749396562576294,0.03481804579496384,0.4741610288619995,False,False,False
1,8x8,experience_on,14,14,2,6,8,-0.3397776186466217,0.04400981590151787,0.42524588108062744,False,False,False
1,8x8,experience_on,15,15,2,7,8,-0.34202438592910767,0.049369893968105316,0.3861115872859955,False,False,False
1,8x8,experience_on,16,16,2,8,8,-0.34024578332901,0.039972297847270966,0.4244561791419983,False,False,False
1,8x8,experience_on,17,17,3,1,16,-0.335161030292511,0.0498737208545208,0.44711512327194214,False,False,False
1,8x8,experience_on,18,18,3,2,16,-0.33881452679634094,0.025237534195184708,0.42564260959625244,False,False,False
1,8x8,experience_on,19,19,3,3,16,-0.3321044445037842,0.018071984872221947,0.47372886538505554,False,False,False
1,8x8,experience_on,20,20,3,4,16,-0.33720827102661133,0.0314439982175827,0.42674520611763,False,False,False
1,8x8,experience_on,21,21,3,5,16,-0.3358210027217865,0.02851928398013115,0.41067275404930115,False,False,False
1,8x8,experience_on,22,22,3,6,16,-0.3409076929092407,0.05396343767642975,0.3700798749923706,False,False,False
1,8x8,experience_on,23,23,3,7,16,-0.34126532077789307,0.06325961649417877,0.49287307262420654,False,False,False
1,8x8,experience_on,24,24,3,8,16,-0.3337295651435852,0.04144078120589256,0.5242034196853638,False,False,False
1,8x8,experience_on,25,25,4,1,24,-0.33917030692100525,0.04047433286905289,0.42968863248825073,False,False,False
1,8x8,experience_on,26,26,4,2,24,-0.3415165841579437,0.02964986115694046,0.4138558804988861,False,False,False
1,8x8,experience_on,27,27,4,3,24,-0.342680424451828,0.049254775047302246,0.46592170000076294,False,False,False
1,8x8,experience_on,28,28,4,4,24,-0.33076322078704834,0.0349961593747139,0.4712378978729248,False,False,False
1,8x8,experience_on,29,29,4,5,24,-0.3438517451286316,0.05622180551290512,0.4140688478946686,True,False,False
1,8x8,experience_on,30,30,4,6,24,-0.33714431524276733,0.034623611718416214,0.44223490357398987,False,False,False
1,8x8,experience_on,31,31,4,7,24,-0.33416953682899475,0.035300884395837784,0.41081199049949646,False,False,False
1,8x8,experience_on,32,32,4,8,24,-0.3388504981994629,0.0698564276099205,0.4184150695800781,False,False,False
1,8x8,experience_on,33,33,5,1,32,-0.33982163667678833,0.045256178826093674,0.42927128076553345,False,False,False
1,8x8,experience_on,34,34,5,2,32,-0.33389192819595337,0.08424028009176254,0.41891351342201233,False,False,False
1,8x8,experience_on,35,35,5,3,32,-0.336427241563797,0.024483006447553635,0.46220535039901733,False,False,False
1,8x8,experience_on,36,36,5,4,32,-0.33940714597702026,0.052692584693431854,0.4223998188972473,False,False,False
1,8x8,experience_on,37,37,5,5,32,-0.335175096988678,0.04461443051695824,0.44482529163360596,False,False,False
1,8x8,experience_on,38,38,5,6,32,-0.3372575342655182,0.03545571118593216,0.44529464840888977,False,False,False
1,8x8,experience_on,39,39,5,7,32,-0.33797699213027954,0.035186346620321274,0.43124860525131226,False,False,False
1,8x8,experience_on,40,40,5,8,32,-0.3426564633846283,0.031011059880256653,0.39634397625923157,False,False,False
1,8x8,experience_on,41,41,6,1,40,-0.3329930305480957,0.022896964102983475,0.47310152649879456,False,False,False
1,8x8,experience_on,42,42,6,2,40,-0.33594146370887756,0.03300238400697708,0.43122249841690063,False,False,False
1,8x8,experience_on,43,43,6,3,40,-0.3356008529663086,0.03955628722906113,0.4501490592956543,False,False,False
1,8x8,experience_on,44,44,6,4,40,-0.3356211185455322,0.0435175858438015,0.3638097941875458,False,False,True
1,8x8,experience_on,45,45,6,5,40,-0.3390956521034241,0.015525264665484428,0.4703027904033661,False,True,False
1,8x8,experience_on,46,46,6,6,40,-0.33877143263816833,0.05100385099649429,0.42559078335762024,False,False,False
1,8x8,experience_on,47,47,6,7,40,-0.3342776894569397,0.01956801488995552,0.4724280834197998,False,False,False
1,8x8,experience_on,48,48,6,8,40,-0.337448388338089,0.030606335029006004,0.49230679869651794,False,False,False
1,8x8,experience_on,49,49,7,1,48,-0.34287023544311523,0.04186881706118584,0.4363589882850647,False,False,False
1,8x8,experience_on,50,50,7,2,48,-0.3394870162010193,0.028912734240293503,0.4968615472316742,False,False,False
1,8x8,experience_on,51,51,7,3,48,-0.3395054340362549,0.0362134724855423,0.46776527166366577,False,False,False
1,8x8,experience_on,52,52,7,4,48,-0.3405206501483917,0.040142618119716644,0.4663684070110321,False,False,False
1,8x8,experience_on,53,53,7,5,48,-0.33417993783950806,0.031898729503154755,0.48280128836631775,False,False,False
1,8x8,experience_on,54,54,7,6,48,-0.3367575705051422,0.038341037929058075,0.46908530592918396,False,False,False
1,8x8,experience_on,55,55,7,7,48,-0.34127360582351685,0.027547799050807953,0.4647859036922455,False,False,False
1,8x8,experience_on,56,56,7,8,48,-0.3387956917285919,0.02717166766524315,0.536295473575592,False,False,False
1,8x8,experience_on,57,57,8,1,56,-0.33326971530914307,0.040559809654951096,0.4305969178676605,False,False,False
1,8x8,experience_on,58,58,8,2,56,-0.3397563099861145,0.028434239327907562,0.44835996627807617,False,False,False
1,8x8,experience_on,59,59,8,3,56,-0.3395629823207855,0.02993873320519924,0.4379778206348419,False,False,False
1,8x8,experience_on,60,60,8,4,56,-0.33641231060028076,0.056189801543951035,0.4245288372039795,False,False,False
1,8x8,experience_on,61,61,8,5,56,-0.3384975790977478,0.06569924205541611,0.4234853982925415,False,False,False
1,8x8,experience_on,62,62,8,6,56,-0.33958718180656433,0.05674083158373833,0.4354667663574219,False,False,False
1,8x8,experience_on,63,63,8,7,56,-0.3400251269340515,0.031631987541913986,0.43208396434783936,False,False,False
1,8x8,experience_on,64,64,8,8,56,-0.3390401005744934,0.04887927696108818,0.44089263677597046,False,False,False
1,4x16,experience_on,1,1,1,1,0,-0.34067946672439575,0.053927987813949585,0.41829848289489746,False,False,False
1,4x16,experience_on,2,2,1,2,0,-0.3378335237503052,0.03370201587677002,0.43852499127388,False,False,False
1,4x16,experience_on,3,3,1,3,0,-0.34233587980270386,0.02964412234723568,0.5250691771507263,False,False,False
1,4x16,experience_on,4,4,1,4,0,-0.33168670535087585,0.03428036347031593,0.4400801360607147,False,False,False
1,4x16,experience_on,5,5,2,1,4,-0.3414537310600281,0.054416120052337646,0.47510725259780884,False,False,False
1,4x16,experience_on,6,6,2,2,4,-0.33974820375442505,0.05076920986175537,0.46769586205482483,False,False,False
1,4x16,experience_on,7,7,2,3,4,-0.34225526452064514,0.07752834260463715,0.4377225339412689,False,False,False
1,4x16,experience_on,8,8,2,4,4,-0.3326627016067505,0.03574648126959801,0.44343557953834534,False,False,False
1,4x16,experience_on,9,9,3,1,8,-0.337965190410614,0.0210245531052351,0.410270631313324,False,False,False
1,4x16,experience_on,10,10,3,2,8,-0.3415001928806305,0.04918611794710159,0.47751471400260925,False,False,False
1,4x16,experience_on,11,11,3,3,8,-0.3368545174598694,0.02632904052734375,0.47284239530563354,False,False,False
1,4x16,experience_on,12,12,3,4,8,-0.3419853448867798,0.03265497088432312,0.4624316692352295,False,False,False
1,4x16,experience_on,13,13,4,1,12,-0.32749342918395996,0.03482295200228691,0.4741613566875458,False,False,False
1,4x16,experience_on,14,14,4,2,12,-0.33977794647216797,0.044012099504470825,0.4252433180809021,False,False,False
1,4x16,experience_on,15,15,4,3,12,-0.34202417731285095,0.049367740750312805,0.3861132264137268,False,False,False
1,4x16,experience_on,16,16,4,4,12,-0.3402446508407593,0.039971597492694855,0.42445817589759827,False,False,False
1,4x16,experience_on,17,17,5,1,16,-0.3351615071296692,0.049876756966114044,0.4470958113670349,False,False,False
1,4x16,experience_on,18,18,5,2,16,-0.3388139009475708,0.025238603353500366,0.4256323277950287,False,False,False
1,4x16,experience_on,19,19,5,3,16,-0.33210670948028564,0.018072202801704407,0.4737032949924469,False,False,False
1,4x16,experience_on,20,20,5,4,16,-0.3372070789337158,0.03144285827875137,0.4267351031303406,False,False,False
1,4x16,experience_on,21,21,6,1,20,-0.3358263373374939,0.02852126583456993,0.4106557369232178,False,False,False
1,4x16,experience_on,22,22,6,2,20,-0.34090501070022583,0.05396869033575058,0.3700483739376068,False,False,False
1,4x16,experience_on,23,23,6,3,20,-0.34126535058021545,0.06327570974826813,0.492877721786499,False,False,False
1,4x16,experience_on,24,24,6,4,20,-0.33372342586517334,0.041435640305280685,0.5241736173629761,False,False,False
1,4x16,experience_on,25,25,7,1,24,-0.3391690254211426,0.04047712683677673,0.42968207597732544,False,False,False
1,4x16,experience_on,26,26,7,2,24,-0.341516375541687,0.029651042073965073,0.4138539433479309,False,False,False
1,4x16,experience_on,27,27,7,3,24,-0.34268057346343994,0.04925841838121414,0.465916246175766,False,False,False
1,4x16,experience_on,28,28,7,4,24,-0.3307642340660095,0.03499674052000046,0.4712291657924652,False,False,False
1,4x16,experience_on,29,29,8,1,28,-0.3438514173030853,0.0562237910926342,0.4140566885471344,True,False,False
1,4x16,experience_on,30,30,8,2,28,-0.33714497089385986,0.03462677448987961,0.4422207474708557,False,False,False
1,4x16,experience_on,31,31,8,3,28,-0.3341684341430664,0.035303980112075806,0.41080695390701294,False,False,False
1,4x16,experience_on,32,32,8,4,28,-0.33885014057159424,0.069859579205513,0.4184034764766693,False,False,False
1,4x16,experience_on,33,33,9,1,32,-0.3398221731185913,0.045256368815898895,0.429265558719635,False,False,False
1,4x16,experience_on,34,34,9,2,32,-0.33389294147491455,0.08423806726932526,0.4189107418060303,False,False,False
1,4x16,experience_on,35,35,9,3,32,-0.3364269733428955,0.02448420785367489,0.46219825744628906,False,False,False
1,4x16,experience_on,36,36,9,4,32,-0.33940672874450684,0.05269181728363037,0.4223972260951996,False,False,False
1,4x16,experience_on,37,37,10,1,36,-0.3351762294769287,0.04460529983043671,0.44484519958496094,False,False,False
1,4x16,experience_on,38,38,10,2,36,-0.337258517742157,0.03545500338077545,0.4453114867210388,False,False,False
1,4x16,experience_on,39,39,10,3,36,-0.3379773497581482,0.035184346139431,0.43125930428504944,False,False,False
1,4x16,experience_on,40,40,10,4,36,-0.34265613555908203,0.031010664999485016,0.39634886384010315,False,False,False
1,4x16,experience_on,41,41,11,1,40,-0.3329927921295166,0.02289789915084839,0.4730958044528961,False,False,False
1,4x16,experience_on,42,42,11,2,40,-0.3359415829181671,0.033003389835357666,0.43121984601020813,False,False,False
1,4x16,experience_on,43,43,11,3,40,-0.3356015086174011,0.039557117968797684,0.45014479756355286,False,False,False
1,4x16,experience_on,44,44,11,4,40,-0.3356204628944397,0.04351832717657089,0.3638082444667816,False,False,True
1,4x16,experience_on,45,45,12,1,44,-0.3390958309173584,0.01552564837038517,0.4702873229980469,False,True,False
1,4x16,experience_on,46,46,12,2,44,-0.33876901865005493,0.05099955201148987,0.4255805015563965,False,False,False
1,4x16,experience_on,47,47,12,3,44,-0.3342762887477875,0.01956869848072529,0.4724031388759613,False,False,False
1,4x16,experience_on,48,48,12,4,44,-0.33744746446609497,0.03060760162770748,0.4922671914100647,False,False,False
1,4x16,experience_on,49,49,13,1,48,-0.3428703546524048,0.041868906468153,0.4363550841808319,False,False,False
1,4x16,experience_on,50,50,13,2,48,-0.3394872844219208,0.028911855071783066,0.49685704708099365,False,False,False
1,4x16,experience_on,51,51,13,3,48,-0.33950507640838623,0.03621445596218109,0.4677619934082031,False,False,False
1,4x16,experience_on,52,52,13,4,48,-0.34052056074142456,0.04014319181442261,0.46636828780174255,False,False,False
1,4x16,experience_on,53,53,14,1,52,-0.3341802954673767,0.03189931809902191,0.48280173540115356,False,False,False
1,4x16,experience_on,54,54,14,2,52,-0.33675575256347656,0.0383383184671402,0.4690861403942108,False,False,False
1,4x16,experience_on,55,55,14,3,52,-0.34127384424209595,0.027547262609004974,0.46478551626205444,False,False,False
1,4x16,experience_on,56,56,14,4,52,-0.33879512548446655,0.027172503992915154,0.5362933278083801,False,False,False
1,4x16,experience_on,57,57,15,1,56,-0.3332688808441162,0.040560249239206314,0.4305935204029083,False,False,False
1,4x16,experience_on,58,58,15,2,56,-0.33975672721862793,0.028434058651328087,0.44835466146469116,False,False,False
1,4x16,experience_on,59,59,15,3,56,-0.3395628333091736,0.02993900142610073,0.4379766881465912,False,False,False
1,4x16,experience_on,60,60,15,4,56,-0.33641159534454346,0.05619068071246147,0.42452895641326904,False,False,False
1,4x16,experience_on,61,61,16,1,60,-0.3384980857372284,0.06570355594158173,0.423482745885849,False,False,False
1,4x16,experience_on,62,62,16,2,60,-0.3395869731903076,0.056741468608379364,0.43546244502067566,False,False,False
1,4x16,experience_on,63,63,16,3,60,-0.3400253355503082,0.0316333994269371,0.4320814311504364,False,False,False
1,4x16,experience_on,64,64,16,4,60,-0.3390417993068695,0.04888053238391876,0.4408956468105316,False,False,False
2,64x1,experience_off,1,1,1,1,0,-0.2574613094329834,0.30613240599632263,1.0124331712722778,False,False,False
2,64x1,experience_off,2,2,1,2,0,-0.2467440515756607,0.5192309021949768,0.9948646426200867,False,False,False
2,64x1,experience_off,3,3,1,3,0,-0.26246005296707153,0.16963914036750793,0.7021360397338867,False,False,False
2,64x1,experience_off,4,4,1,4,0,-0.2645658254623413,0.10106471180915833,0.7371365427970886,False,False,False
2,64x1,experience_off,5,5,1,5,0,-0.2666282653808594,0.24111422896385193,0.8034617304801941,False,False,False
2,64x1,experience_off,6,6,1,6,0,-0.26112455129623413,0.05106499791145325,0.7539941072463989,False,False,False
2,64x1,experience_off,7,7,1,7,0,-0.24756495654582977,0.30521002411842346,0.9805911183357239,False,False,False
2,64x1,experience_off,8,8,1,8,0,-0.2540016174316406,0.10065826028585434,0.9906248450279236,False,False,False
2,64x1,experience_off,9,9,1,9,0,-0.25690221786499023,0.2521190643310547,0.7566923499107361,False,False,False
2,64x1,experience_off,10,10,1,10,0,-0.260808527469635,0.49194130301475525,0.8044163584709167,False,False,False
2,64x1,experience_off,11,11,1,11,0,-0.2641708254814148,0.5919129252433777,0.8782213926315308,False,False,False
2,64x1,experience_off,12,12,1,12,0,-0.2614620327949524,0.15407323837280273,0.7593067288398743,False,False,False
2,64x1,experience_off,13,13,1,13,0,-0.27100247144699097,0.03300631046295166,0.7802824974060059,False,False,False
2,64x1,experience_off,14,14,1,14,0,-0.2607348561286926,0.07298007607460022,0.784734308719635,False,False,False
2,64x1,experience_off,15,15,1,15,0,-0.24700583517551422,0.1216123104095459,0.6300562620162964,False,False,False
2,64x1,experience_off,16,16,1,16,0,-0.2635692358016968,0.1313101351261139,0.6029700636863708,False,False,False
2,64x1,experience_off,17,17,1,17,0,-0.26045429706573486,0.14607182145118713,0.8018954992294312,False,False,False
2,64x1,experience_off,18,18,1,18,0,-0.2624066472053528,0.062376152724027634,0.7703601121902466,False,False,False
2,64x1,experience_off,19,19,1,19,0,-0.26620617508888245,0.07537099719047546,0.7438383102416992,False,False,False
2,64x1,experience_off,20,20,1,20,0,-0.25913310050964355,0.15121935307979584,0.8080995082855225,False,False,False
2,64x1,experience_off,21,21,1,21,0,-0.2204475998878479,0.13083261251449585,0.85160231590271,False,False,False
2,64x1,experience_off,22,22,1,22,0,-0.26424145698547363,0.022870250046253204,0.7288153767585754,False,True,False
2,64x1,experience_off,23,23,1,23,0,-0.2695765495300293,0.4079429507255554,0.8306448459625244,False,False,False
2,64x1,experience_off,24,24,1,24,0,-0.25996190309524536,0.5673618316650391,0.7779091596603394,False,False,False
2,64x1,experience_off,25,25,1,25,0,-0.2551172375679016,0.05273991823196411,0.7798532843589783,False,False,False
2,64x1,experience_off,26,26,1,26,0,-0.26108497381210327,0.0331944078207016,0.7949025630950928,False,False,False
2,64x1,experience_off,27,27,1,27,0,-0.27505654096603394,0.10546037554740906,0.8128044009208679,False,False,False
2,64x1,experience_off,28,28,1,28,0,-0.26257991790771484,0.15388797223567963,0.6591996550559998,False,False,False
2,64x1,experience_off,29,29,1,29,0,-0.2657098174095154,0.0411485992372036,0.9860140085220337,False,False,False
2,64x1,experience_off,30,30,1,30,0,-0.251051127910614,0.303350031375885,0.8377951383590698,False,False,False
2,64x1,experience_off,31,31,1,31,0,-0.26492297649383545,0.1723952740430832,0.8046630024909973,False,False,False
2,64x1,experience_off,32,32,1,32,0,-0.27222827076911926,0.4996292293071747,0.7653735280036926,False,False,False
2,64x1,experience_off,33,33,1,33,0,-0.2631927728652954,0.11455097049474716,0.7128404974937439,False,False,False
2,64x1,experience_off,34,34,1,34,0,-0.2638416588306427,0.6298622488975525,0.8968133926391602,False,False,False
2,64x1,experience_off,35,35,1,35,0,-0.24115128815174103,0.08860166370868683,0.7561755180358887,False,False,False
2,64x1,experience_off,36,36,1,36,0,-0.2752797603607178,0.11675915122032166,0.7620037198066711,True,False,False
2,64x1,experience_off,37,37,1,37,0,-0.26142674684524536,0.12362878024578094,0.8181254267692566,False,False,False
2,64x1,experience_off,38,38,1,38,0,-0.2701036334037781,0.1603194624185562,0.8920327425003052,False,False,False
2,64x1,experience_off,39,39,1,39,0,-0.2467876523733139,0.08400160074234009,0.7890862822532654,False,False,False
2,64x1,experience_off,40,40,1,40,0,-0.25593018531799316,0.07564666867256165,0.7976034879684448,False,False,False
2,64x1,experience_off,41,41,1,41,0,-0.2636686861515045,0.12769149243831635,0.7728599309921265,False,False,False
2,64x1,experience_off,42,42,1,42,0,-0.2619979977607727,0.18738365173339844,0.685390830039978,False,False,False
2,64x1,experience_off,43,43,1,43,0,-0.2498439997434616,0.036148734390735626,0.6601362228393555,False,False,False
2,64x1,experience_off,44,44,1,44,0,-0.26293686032295227,0.3366398215293884,0.799259603023529,False,False,False
2,64x1,experience_off,45,45,1,45,0,-0.26279938220977783,0.07641030102968216,0.8054030537605286,False,False,False
2,64x1,experience_off,46,46,1,46,0,-0.27206718921661377,0.150105819106102,0.6068735122680664,False,False,False
2,64x1,experience_off,47,47,1,47,0,-0.24724648892879486,0.3029133677482605,0.694617748260498,False,False,False
2,64x1,experience_off,48,48,1,48,0,-0.258952260017395,0.10265080630779266,0.6527196168899536,False,False,False
2,64x1,experience_off,49,49,1,49,0,-0.2680307924747467,0.12516599893569946,0.734402596950531,False,False,False
2,64x1,experience_off,50,50,1,50,0,-0.253318727016449,0.04218373820185661,0.8764681816101074,False,False,False
2,64x1,experience_off,51,51,1,51,0,-0.2621779441833496,0.11800901591777802,0.7045286297798157,False,False,False
2,64x1,experience_off,52,52,1,52,0,-0.25744372606277466,0.05138949677348137,0.6300525665283203,False,False,False
2,64x1,experience_off,53,53,1,53,0,-0.27346670627593994,0.20230400562286377,0.7066245675086975,False,False,False
2,64x1,experience_off,54,54,1,54,0,-0.2578606605529785,0.13105975091457367,0.7773075699806213,False,False,False
2,64x1,experience_off,55,55,1,55,0,-0.2674572169780731,0.07287465035915375,0.6904986500740051,False,False,False
2,64x1,experience_off,56,56,1,56,0,-0.243658646941185,0.06450311839580536,0.7637234330177307,False,False,False
2,64x1,experience_off,57,57,1,57,0,-0.25834283232688904,0.27017414569854736,0.7335042953491211,False,False,False
2,64x1,experience_off,58,58,1,58,0,-0.2715604901313782,0.035380084067583084,0.8066897988319397,False,False,False
2,64x1,experience_off,59,59,1,59,0,-0.25324180722236633,0.09479080140590668,0.7241930365562439,False,False,False
2,64x1,experience_off,60,60,1,60,0,-0.2555153965950012,0.5741844177246094,0.8226322531700134,False,False,False
2,64x1,experience_off,61,61,1,61,0,-0.2608455419540405,0.24791860580444336,0.9442504644393921,False,False,False
2,64x1,experience_off,62,62,1,62,0,-0.2519434690475464,0.13090315461158752,0.8029546141624451,False,False,False
2,64x1,experience_off,63,63,1,63,0,-0.2651190459728241,0.11526834964752197,0.8362956047058105,False,False,False
2,64x1,experience_off,64,64,1,64,0,-0.25677433609962463,0.12381496280431747,0.5831895470619202,False,False,True
2,32x2,experience_on,1,1,1,1,0,-0.25746142864227295,0.30613136291503906,1.0124329328536987,False,False,False
2,32x2,experience_on,2,2,1,2,0,-0.24674390256404877,0.5192289352416992,0.9948643445968628,False,False,False
2,32x2,experience_on,3,3,1,3,0,-0.26246005296707153,0.16963832080364227,0.7021359205245972,False,False,False
2,32x2,experience_on,4,4,1,4,0,-0.2645660638809204,0.10106438398361206,0.7371366620063782,False,False,False
2,32x2,experience_on,5,5,1,5,0,-0.26662832498550415,0.24111559987068176,0.8034616112709045,False,False,False
2,32x2,experience_on,6,6,1,6,0,-0.2611244022846222,0.05106478929519653,0.7539942860603333,False,False,False
2,32x2,experience_on,7,7,1,7,0,-0.247564896941185,0.30521008372306824,0.9805909395217896,False,False,False
2,32x2,experience_on,8,8,1,8,0,-0.2540017366409302,0.10065750777721405,0.9906248450279236,False,False,False
2,32x2,experience_on,9,9,1,9,0,-0.25690239667892456,0.2521181106567383,0.7566923499107361,False,False,False
2,32x2,experience_on,10,10,1,10,0,-0.260808527469635,0.49194085597991943,0.8044161796569824,False,False,False
2,32x2,experience_on,11,11,1,11,0,-0.2641708552837372,0.5919111967086792,0.8782210946083069,False,False,False
2,32x2,experience_on,12,12,1,12,0,-0.2614622116088867,0.15407273173332214,0.7593066096305847,False,False,False
2,32x2,experience_on,13,13,1,13,0,-0.2710026502609253,0.03300651162862778,0.7802823185920715,False,False,False
2,32x2,experience_on,14,14,1,14,0,-0.2607349753379822,0.07297968864440918,0.7847341895103455,False,False,False
2,32x2,experience_on,15,15,1,15,0,-0.2470063418149948,0.12161336839199066,0.6300559639930725,False,False,False
2,32x2,experience_on,16,16,1,16,0,-0.2635692358016968,0.13131102919578552,0.6029701232910156,False,False,False
2,32x2,experience_on,17,17,1,17,0,-0.2604542076587677,0.14607103168964386,0.8018954396247864,False,False,False
2,32x2,experience_on,18,18,1,18,0,-0.26240670680999756,0.06237561255693436,0.7703602313995361,False,False,False
2,32x2,experience_on,19,19,1,19,0,-0.26620620489120483,0.07537072896957397,0.7438383102416992,False,False,False
2,32x2,experience_on,20,20,1,20,0,-0.2591332197189331,0.15121930837631226,0.8080994486808777,False,False,False
2,32x2,experience_on,21,21,1,21,0,-0.22044748067855835,0.13083261251449585,0.8516023755073547,False,False,False
2,32x2,experience_on,22,22,1,22,0,-0.26424139738082886,0.022870168089866638,0.7288153171539307,False,True,False
2,32x2,experience_on,23,23,1,23,0,-0.2695764899253845,0.40794193744659424,0.8306446075439453,False,False,False
2,32x2,experience_on,24,24,1,24,0,-0.2599620819091797,0.5673596262931824,0.7779094576835632,False,False,False
2,32x2,experience_on,25,25,1,25,0,-0.2551175355911255,0.052740029990673065,0.7798532843589783,False,False,False
2,32x2,experience_on,26,26,1,26,0,-0.2610851526260376,0.03319455310702324,0.7949026226997375,False,False,False
2,32x2,experience_on,27,27,1,27,0,-0.27505654096603394,0.10546039044857025,0.8128041625022888,False,False,False
2,32x2,experience_on,28,28,1,28,0,-0.2625799775123596,0.15388789772987366,0.6591998338699341,False,False,False
2,32x2,experience_on,29,29,1,29,0,-0.26570984721183777,0.04114822670817375,0.9860143661499023,False,False,False
2,32x2,experience_on,30,30,1,30,0,-0.251051127910614,0.3033484220504761,0.8377951383590698,False,False,False
2,32x2,experience_on,31,31,1,31,0,-0.26492321491241455,0.17239484190940857,0.8046633005142212,False,False,False
2,32x2,experience_on,32,32,1,32,0,-0.27222833037376404,0.49962568283081055,0.7653735280036926,False,False,False
2,32x2,experience_on,33,33,2,1,32,-0.26538991928100586,0.11562640964984894,0.7108303904533386,False,False,False
2,32x2,experience_on,34,34,2,2,32,-0.2651326656341553,0.6134274005889893,0.884317934513092,False,False,False
2,32x2,experience_on,35,35,2,3,32,-0.24530933797359467,0.09224091470241547,0.7444259524345398,False,False,False
2,32x2,experience_on,36,36,2,4,32,-0.2766917943954468,0.11381128430366516,0.7425521016120911,True,False,False
2,32x2,experience_on,37,37,2,5,32,-0.2624620795249939,0.11833752691745758,0.8074890971183777,False,False,False
2,32x2,experience_on,38,38,2,6,32,-0.27176225185394287,0.16212581098079681,0.8847100734710693,False,False,False
2,32x2,experience_on,39,39,2,7,32,-0.24917732179164886,0.08789925277233124,0.7764138579368591,False,False,False
2,32x2,experience_on,40,40,2,8,32,-0.2582613229751587,0.08416323363780975,0.7888919115066528,False,False,False
2,32x2,experience_on,41,41,2,9,32,-0.26483088731765747,0.1267985701560974,0.771953284740448,False,False,False
2,32x2,experience_on,42,42,2,10,32,-0.2645934820175171,0.16821913421154022,0.6790751218795776,False,False,False
2,32x2,experience_on,43,43,2,11,32,-0.25224870443344116,0.039399102330207825,0.6547837853431702,False,False,False
2,32x2,experience_on,44,44,2,12,32,-0.2642987370491028,0.3272024989128113,0.7899142503738403,False,False,False
2,32x2,experience_on,45,45,2,13,32,-0.2641766667366028,0.07276308536529541,0.7902383208274841,False,False,False
2,32x2,experience_on,46,46,2,14,32,-0.2725706696510315,0.14882493019104004,0.6084042191505432,False,False,False
2,32x2,experience_on,47,47,2,15,32,-0.2525877356529236,0.3172829747200012,0.6811524629592896,False,False,False
2,32x2,experience_on,48,48,2,16,32,-0.2613932490348816,0.10245265811681747,0.6420208811759949,False,False,False
2,32x2,experience_on,49,49,2,17,32,-0.2694864273071289,0.14429616928100586,0.7251200675964355,False,False,False
2,32x2,experience_on,50,50,2,18,32,-0.25572726130485535,0.052579134702682495,0.8564159870147705,False,False,False
2,32x2,experience_on,51,51,2,19,32,-0.2649153172969818,0.1243879646062851,0.6918307542800903,False,False,False
2,32x2,experience_on,52,52,2,20,32,-0.2602556645870209,0.06165602058172226,0.6043899059295654,False,False,False
2,32x2,experience_on,53,53,2,21,32,-0.2742250859737396,0.20818573236465454,0.6972784399986267,False,False,False
2,32x2,experience_on,54,54,2,22,32,-0.2587810754776001,0.11861923336982727,0.770901620388031,False,False,False
2,32x2,experience_on,55,55,2,23,32,-0.26969829201698303,0.07207002490758896,0.6835744380950928,False,False,False
2,32x2,experience_on,56,56,2,24,32,-0.2465149611234665,0.06385722756385803,0.7541817426681519,False,False,False
2,32x2,experience_on,57,57,2,25,32,-0.2606460154056549,0.25977838039398193,0.7396033406257629,False,False,False
2,32x2,experience_on,58,58,2,26,32,-0.27284762263298035,0.03913913294672966,0.7964954972267151,False,False,False
2,32x2,experience_on,59,59,2,27,32,-0.25539106130599976,0.0840061828494072,0.7116647362709045,False,False,False
2,32x2,experience_on,60,60,2,28,32,-0.2570049464702606,0.5497801303863525,0.807098388671875,False,False,False
2,32x2,experience_on,61,61,2,29,32,-0.26286429166793823,0.27879032492637634,0.931549072265625,False,False,False
2,32x2,experience_on,62,62,2,30,32,-0.25422966480255127,0.12557300925254822,0.7880073189735413,False,False,False
2,32x2,experience_on,63,63,2,31,32,-0.2659669518470764,0.13017986714839935,0.8255149126052856,False,False,False
2,32x2,experience_on,64,64,2,32,32,-0.25959131121635437,0.1187579482793808,0.5783632397651672,False,False,True
2,16x4,experience_on,1,1,1,1,0,-0.25746142864227295,0.30613288283348083,1.0124328136444092,False,False,False
2,16x4,experience_on,2,2,1,2,0,-0.24674402177333832,0.5192285180091858,0.9948643445968628,False,False,False
2,16x4,experience_on,3,3,1,3,0,-0.262459933757782,0.16963963210582733,0.7021357417106628,False,False,False
2,16x4,experience_on,4,4,1,4,0,-0.26456591486930847,0.10106527805328369,0.7371366620063782,False,False,False
2,16x4,experience_on,5,5,1,5,0,-0.2666282653808594,0.2411162555217743,0.8034613728523254,False,False,False
2,16x4,experience_on,6,6,1,6,0,-0.26112455129623413,0.05106450244784355,0.7539938688278198,False,False,False
2,16x4,experience_on,7,7,1,7,0,-0.24756495654582977,0.3052096664905548,0.9805905222892761,False,False,False
2,16x4,experience_on,8,8,1,8,0,-0.2540013790130615,0.10065849870443344,0.9906246662139893,False,False,False
2,16x4,experience_on,9,9,1,9,0,-0.2569023370742798,0.252119779586792,0.7566921710968018,False,False,False
2,16x4,experience_on,10,10,1,10,0,-0.2608085870742798,0.4919428825378418,0.8044161796569824,False,False,False
2,16x4,experience_on,11,11,1,11,0,-0.26417088508605957,0.591911256313324,0.8782209753990173,False,False,False
2,16x4,experience_on,12,12,1,12,0,-0.2614619731903076,0.15407299995422363,0.759306788444519,False,False,False
2,16x4,experience_on,13,13,1,13,0,-0.2710024118423462,0.03300631046295166,0.7802820205688477,False,False,False
2,16x4,experience_on,14,14,1,14,0,-0.2607349753379822,0.07298014312982559,0.7847342491149902,False,False,False
2,16x4,experience_on,15,15,1,15,0,-0.24700571596622467,0.12161308526992798,0.6300561428070068,False,False,False
2,16x4,experience_on,16,16,1,16,0,-0.263569176197052,0.13131102919578552,0.6029700040817261,False,False,False
2,16x4,experience_on,17,17,2,1,16,-0.2623788118362427,0.15625181794166565,0.7856077551841736,False,False,False
2,16x4,experience_on,18,18,2,2,16,-0.2633492648601532,0.07538390159606934,0.7603294253349304,False,False,False
2,16x4,experience_on,19,19,2,3,16,-0.2674132287502289,0.08830226957798004,0.7365504503250122,False,False,False
2,16x4,experience_on,20,20,2,4,16,-0.2606365978717804,0.15323390066623688,0.7889108061790466,False,False,False
2,16x4,experience_on,21,21,2,5,16,-0.22478578984737396,0.1231924444437027,0.8481390476226807,False,False,False
2,16x4,experience_on,22,22,2,6,16,-0.2656998038291931,0.027357002720236778,0.717181384563446,False,True,False
2,16x4,experience_on,23,23,2,7,16,-0.27057117223739624,0.39053958654403687,0.8185326457023621,False,False,False
2,16x4,experience_on,24,24,2,8,16,-0.26241016387939453,0.5763144493103027,0.7691395878791809,False,False,False
2,16x4,experience_on,25,25,2,9,16,-0.2572878301143646,0.046213649213314056,0.7694990634918213,False,False,False
2,16x4,experience_on,26,26,2,10,16,-0.26264744997024536,0.036173656582832336,0.7802814841270447,False,False,False
2,16x4,experience_on,27,27,2,11,16,-0.2760225236415863,0.12315116822719574,0.7996526956558228,False,False,False
2,16x4,experience_on,28,28,2,12,16,-0.26344412565231323,0.15909364819526672,0.6569005250930786,False,False,False
2,16x4,experience_on,29,29,2,13,16,-0.2675473392009735,0.04650696739554405,0.9745941162109375,False,False,False
2,16x4,experience_on,30,30,2,14,16,-0.25371500849723816,0.2970629334449768,0.8284878134727478,False,False,False
2,16x4,experience_on,31,31,2,15,16,-0.2664707899093628,0.16137948632240295,0.7989810109138489,False,False,False
2,16x4,experience_on,32,32,2,16,16,-0.2730077803134918,0.49370282888412476,0.7558422684669495,False,False,False
2,16x4,experience_on,33,33,3,1,32,-0.26539814472198486,0.11558070033788681,0.7106951475143433,False,False,False
2,16x4,experience_on,34,34,3,2,32,-0.2651466727256775,0.6134697794914246,0.8843783140182495,False,False,False
2,16x4,experience_on,35,35,3,3,32,-0.24531684815883636,0.09229698032140732,0.7446954250335693,False,False,False
2,16x4,experience_on,36,36,3,4,32,-0.2767070531845093,0.11396460235118866,0.7426742911338806,True,False,False
2,16x4,experience_on,37,37,3,5,32,-0.26246994733810425,0.11837905645370483,0.8075178861618042,False,False,False
2,16x4,experience_on,38,38,3,6,32,-0.27177220582962036,0.16213920712471008,0.8845818638801575,False,False,False
2,16x4,experience_on,39,39,3,7,32,-0.24917887151241302,0.08783670514822006,0.7765424847602844,False,False,False
2,16x4,experience_on,40,40,3,8,32,-0.2582683563232422,0.08422893285751343,0.7890293598175049,False,False,False
2,16x4,experience_on,41,41,3,9,32,-0.2648443877696991,0.1267392933368683,0.7718545198440552,False,False,False
2,16x4,experience_on,42,42,3,10,32,-0.2646074593067169,0.16813024878501892,0.6791151165962219,False,False,False
2,16x4,experience_on,43,43,3,11,32,-0.25224632024765015,0.03942648693919182,0.654755711555481,False,False,False
2,16x4,experience_on,44,44,3,12,32,-0.2643105387687683,0.3267645537853241,0.789934515953064,False,False,False
2,16x4,experience_on,45,45,3,13,32,-0.26419270038604736,0.07276812940835953,0.7902165055274963,False,False,False
2,16x4,experience_on,46,46,3,14,32,-0.2725849449634552,0.14874540269374847,0.6081064939498901,False,False,False
2,16x4,experience_on,47,47,3,15,32,-0.2526003122329712,0.317276269197464,0.6813690066337585,False,False,False
2,16x4,experience_on,48,48,3,16,32,-0.26140856742858887,0.10239499807357788,0.641856849193573,False,False,False
2,16x4,experience_on,49,49,4,1,48,-0.2694961726665497,0.14411424100399017,0.72500079870224,False,False,False
2,16x4,experience_on,50,50,4,2,48,-0.25573810935020447,0.05272480100393295,0.8561481833457947,False,False,False
2,16x4,experience_on,51,51,4,3,48,-0.26491430401802063,0.12424246966838837,0.6918152570724487,False,False,False
2,16x4,experience_on,52,52,4,4,48,-0.26026076078414917,0.0615028440952301,0.6047021150588989,False,False,False
2,16x4,experience_on,53,53,4,5,48,-0.27423277497291565,0.2079884260892868,0.6972164511680603,False,False,False
2,16x4,experience_on,54,54,4,6,48,-0.25879818201065063,0.11869388818740845,0.7710707783699036,False,False,False
2,16x4,experience_on,55,55,4,7,48,-0.26971009373664856,0.07193293422460556,0.6838060021400452,False,False,False
2,16x4,experience_on,56,56,4,8,48,-0.24651245772838593,0.06374296545982361,0.7543003559112549,False,False,False
2,16x4,experience_on,57,57,4,9,48,-0.2606590688228607,0.2599884271621704,0.7393375039100647,False,False,False
2,16x4,experience_on,58,58,4,10,48,-0.27285823225975037,0.03910209611058235,0.7966657876968384,False,False,False
2,16x4,experience_on,59,59,4,11,48,-0.2553948760032654,0.08418099582195282,0.7119165062904358,False,False,False
2,16x4,experience_on,60,60,4,12,48,-0.2569929361343384,0.5494346022605896,0.8069534301757812,False,False,False
2,16x4,experience_on,61,61,4,13,48,-0.2628570795059204,0.2785210609436035,0.9314485788345337,False,False,False
2,16x4,experience_on,62,62,4,14,48,-0.25424784421920776,0.12553296983242035,0.7882187366485596,False,False,False
2,16x4,experience_on,63,63,4,15,48,-0.2659739851951599,0.12996506690979004,0.8256281614303589,False,False,False
2,16x4,experience_on,64,64,4,16,48,-0.2595953643321991,0.11864878982305527,0.5783801078796387,False,False,True
2,8x8,experience_on,1,1,1,1,0,-0.2574613690376282,0.3061318099498749,1.0124331712722778,False,False,False
2,8x8,experience_on,2,2,1,2,0,-0.246743842959404,0.5192301273345947,0.9948643445968628,False,False,False
2,8x8,experience_on,3,3,1,3,0,-0.2624598443508148,0.16963908076286316,0.7021360397338867,False,False,False
2,8x8,experience_on,4,4,1,4,0,-0.2645660638809204,0.1010640561580658,0.7371366620063782,False,False,False
2,8x8,experience_on,5,5,1,5,0,-0.2666281461715698,0.24111518263816833,0.8034617304801941,False,False,False
2,8x8,experience_on,6,6,1,6,0,-0.2611244022846222,0.051064591854810715,0.7539942264556885,False,False,False
2,8x8,experience_on,7,7,1,7,0,-0.24756492674350739,0.30521005392074585,0.9805908203125,False,False,False
2,8x8,experience_on,8,8,1,8,0,-0.25400134921073914,0.10065670311450958,0.9906249046325684,False,False,False
2,8x8,experience_on,9,9,2,1,8,-0.2591955065727234,0.27331480383872986,0.7464640140533447,False,False,False
2,8x8,experience_on,10,10,2,2,8,-0.2623470723628998,0.48248228430747986,0.7915830612182617,False,False,False
2,8x8,experience_on,11,11,2,3,8,-0.26582199335098267,0.5260705351829529,0.8606971502304077,False,False,False
2,8x8,experience_on,12,12,2,4,8,-0.26275572180747986,0.16111615300178528,0.7511172890663147,False,False,False
2,8x8,experience_on,13,13,2,5,8,-0.27181148529052734,0.03998427838087082,0.7688207626342773,False,False,False
2,8x8,experience_on,14,14,2,6,8,-0.26205363869667053,0.069137804210186,0.7721920609474182,False,False,False
2,8x8,experience_on,15,15,2,7,8,-0.2489498108625412,0.1147906705737114,0.6244001388549805,False,False,False
2,8x8,experience_on,16,16,2,8,8,-0.26462507247924805,0.13070444762706757,0.5907098650932312,False,False,False
2,8x8,experience_on,17,17,3,1,16,-0.26238948106765747,0.1561238318681717,0.7856988310813904,False,False,False
2,8x8,experience_on,18,18,3,2,16,-0.2633468806743622,0.07532920688390732,0.7603762149810791,False,False,False
2,8x8,experience_on,19,19,3,3,16,-0.26741576194763184,0.08820873498916626,0.7365573644638062,False,False,False
2,8x8,experience_on,20,20,3,4,16,-0.26065322756767273,0.15315958857536316,0.7889643907546997,False,False,False
2,8x8,experience_on,21,21,3,5,16,-0.22481735050678253,0.1232224553823471,0.8482778668403625,False,False,False
2,8x8,experience_on,22,22,3,6,16,-0.2657115161418915,0.027307387441396713,0.7172448635101318,False,True,False
2,8x8,experience_on,23,23,3,7,16,-0.27058184146881104,0.39076751470565796,0.818552553653717,False,False,False
2,8x8,experience_on,24,24,3,8,16,-0.2624177038669586,0.5763484239578247,0.7691457867622375,False,False,False
2,8x8,experience_on,25,25,4,1,24,-0.2573336958885193,0.046128273010253906,0.7693933844566345,False,False,False
2,8x8,experience_on,26,26,4,2,24,-0.2626766860485077,0.03616393357515335,0.7802153825759888,False,False,False
2,8x8,experience_on,27,27,4,3,24,-0.27603232860565186,0.12310206890106201,0.7996147274971008,False,False,False
2,8x8,experience_on,28,28,4,4,24,-0.26346641778945923,0.159060999751091,0.6568360924720764,False,False,False
2,8x8,experience_on,29,29,4,5,24,-0.2675832509994507,0.04654451459646225,0.9745314717292786,False,False,False
2,8x8,experience_on,30,30,4,6,24,-0.2537471354007721,0.2968800961971283,0.828476071357727,False,False,False
2,8x8,experience_on,31,31,4,7,24,-0.26650336384773254,0.16122834384441376,0.7990294694900513,False,False,False
2,8x8,experience_on,32,32,4,8,24,-0.27302709221839905,0.49347150325775146,0.7557848691940308,False,False,False
2,8x8,experience_on,33,33,5,1,32,-0.2654021382331848,0.11555670201778412,0.7106338143348694,False,False,False
2,8x8,experience_on,34,34,5,2,32,-0.2651526629924774,0.6134568452835083,0.8843972682952881,False,False,False
2,8x8,experience_on,35,35,5,3,32,-0.24532179534435272,0.0923212319612503,0.7447998523712158,False,False,False
2,8x8,experience_on,36,36,5,4,32,-0.27671360969543457,0.11401797831058502,0.7427161931991577,True,False,False
2,8x8,experience_on,37,37,5,5,32,-0.2624736428260803,0.11837568879127502,0.8075234889984131,False,False,False
2,8x8,experience_on,38,38,5,6,32,-0.2717767357826233,0.16213731467723846,0.8845251202583313,False,False,False
2,8x8,experience_on,39,39,5,7,32,-0.24918054044246674,0.08781605958938599,0.7765836119651794,False,False,False
2,8x8,experience_on,40,40,5,8,32,-0.2582717835903168,0.08425626158714294,0.7890760898590088,False,False,False
2,8x8,experience_on,41,41,6,1,40,-0.2648516893386841,0.1267038732767105,0.7718198299407959,False,False,False
2,8x8,experience_on,42,42,6,2,40,-0.2646189332008362,0.1681024432182312,0.6791292428970337,False,False,False
2,8x8,experience_on,43,43,6,3,40,-0.25225263833999634,0.039439357817173004,0.6547524333000183,False,False,False
2,8x8,experience_on,44,44,6,4,40,-0.2643171548843384,0.326474666595459,0.7899491786956787,False,False,False
2,8x8,experience_on,45,45,6,5,40,-0.2642015814781189,0.07278182357549667,0.7901937961578369,False,False,False
2,8x8,experience_on,46,46,6,6,40,-0.2725897431373596,0.14870350062847137,0.6079678535461426,False,False,False
2,8x8,experience_on,47,47,6,7,40,-0.2526134252548218,0.3173120617866516,0.6814791560173035,False,False,False
2,8x8,experience_on,48,48,6,8,40,-0.26142215728759766,0.10235463827848434,0.6417759656906128,False,False,False
2,8x8,experience_on,49,49,7,1,48,-0.2694988250732422,0.14407923817634583,0.7249674797058105,False,False,False
2,8x8,experience_on,50,50,7,2,48,-0.2557421922683716,0.05275089293718338,0.8560717701911926,False,False,False
2,8x8,experience_on,51,51,7,3,48,-0.26491621136665344,0.12421651929616928,0.6918061971664429,False,False,False
2,8x8,experience_on,52,52,7,4,48,-0.26026415824890137,0.06147262454032898,0.6047560572624207,False,False,False
2,8x8,experience_on,53,53,7,5,48,-0.27423518896102905,0.20794343948364258,0.6971975564956665,False,False,False
2,8x8,experience_on,54,54,7,6,48,-0.258802205324173,0.11868850886821747,0.7711048722267151,False,False,False
2,8x8,experience_on,55,55,7,7,48,-0.2697145938873291,0.0718948245048523,0.6838486194610596,False,False,False
2,8x8,experience_on,56,56,7,8,48,-0.2465144544839859,0.0637197196483612,0.7543240189552307,False,False,False
2,8x8,experience_on,57,57,8,1,56,-0.26064401865005493,0.26001375913619995,0.7393183708190918,False,False,False
2,8x8,experience_on,58,58,8,2,56,-0.27285248041152954,0.039094530045986176,0.7966616749763489,False,False,False
2,8x8,experience_on,59,59,8,3,56,-0.2553821802139282,0.08423584699630737,0.7119131088256836,False,False,False
2,8x8,experience_on,60,60,8,4,56,-0.2569843530654907,0.5495695471763611,0.8070135116577148,False,False,False
2,8x8,experience_on,61,61,8,5,56,-0.26284313201904297,0.27840662002563477,0.9314614534378052,False,False,False
2,8x8,experience_on,62,62,8,6,56,-0.2542387843132019,0.1255957931280136,0.7882220149040222,False,False,False
2,8x8,experience_on,63,63,8,7,56,-0.2659739851951599,0.1298510730266571,0.8256210088729858,False,False,False
2,8x8,experience_on,64,64,8,8,56,-0.25957611203193665,0.1186390221118927,0.5783634185791016,False,False,True
2,4x16,experience_on,1,1,1,1,0,-0.2574613690376282,0.3061322569847107,1.0124330520629883,False,False,False
2,4x16,experience_on,2,2,1,2,0,-0.24674390256404877,0.5192300081253052,0.9948644042015076,False,False,False
2,4x16,experience_on,3,3,1,3,0,-0.2624598741531372,0.1696394383907318,0.7021357417106628,False,False,False
2,4x16,experience_on,4,4,1,4,0,-0.26456594467163086,0.10106454789638519,0.7371368408203125,False,False,False
2,4x16,experience_on,5,5,2,1,4,-0.26826515793800354,0.21308451890945435,0.8051686882972717,False,False,False
2,4x16,experience_on,6,6,2,2,4,-0.2629343867301941,0.05558180809020996,0.7454796433448792,False,False,False
2,4x16,experience_on,7,7,2,3,4,-0.2492913454771042,0.29795587062835693,0.9703475832939148,False,False,False
2,4x16,experience_on,8,8,2,4,4,-0.2564232051372528,0.09931308031082153,0.9867474436759949,False,False,False
2,4x16,experience_on,9,9,3,1,8,-0.25920790433883667,0.27314481139183044,0.7464125156402588,False,False,False
2,4x16,experience_on,10,10,3,2,8,-0.2623636722564697,0.48294878005981445,0.791674792766571,False,False,False
2,4x16,experience_on,11,11,3,3,8,-0.2658371329307556,0.5262050628662109,0.8606756329536438,False,False,False
2,4x16,experience_on,12,12,3,4,8,-0.26275765895843506,0.16095539927482605,0.7510643005371094,False,False,False
2,4x16,experience_on,13,13,4,1,12,-0.2718438506126404,0.039949364960193634,0.7690908908843994,False,False,False
2,4x16,experience_on,14,14,4,2,12,-0.2621093988418579,0.06909053027629852,0.7724413871765137,False,False,False
2,4x16,experience_on,15,15,4,3,12,-0.24900297820568085,0.11511529982089996,0.6247165203094482,False,False,False
2,4x16,experience_on,16,16,4,4,12,-0.26462075114250183,0.1299876570701599,0.5909788012504578,False,False,False
2,4x16,experience_on,17,17,5,1,16,-0.2623952031135559,0.1560378074645996,0.7857860922813416,False,False,False
2,4x16,experience_on,18,18,5,2,16,-0.2633470296859741,0.07529022544622421,0.7604124546051025,False,False,False
2,4x16,experience_on,19,19,5,3,16,-0.267416775226593,0.08812876045703888,0.7365676760673523,False,False,False
2,4x16,experience_on,20,20,5,4,16,-0.260664701461792,0.1531265377998352,0.7890156507492065,False,False,False
2,4x16,experience_on,21,21,6,1,20,-0.2248288244009018,0.12333294004201889,0.8485394716262817,False,False,False
2,4x16,experience_on,22,22,6,2,20,-0.2657124698162079,0.02720126137137413,0.7173671722412109,False,True,False
2,4x16,experience_on,23,23,6,3,20,-0.27058500051498413,0.39123696088790894,0.8186184763908386,False,False,False
2,4x16,experience_on,24,24,6,4,20,-0.26240289211273193,0.5765551924705505,0.7691929340362549,False,False,False
2,4x16,experience_on,25,25,7,1,24,-0.25733762979507446,0.04612821340560913,0.7694092988967896,False,False,False
2,4x16,experience_on,26,26,7,2,24,-0.2626802325248718,0.036155007779598236,0.7802447080612183,False,False,False
2,4x16,experience_on,27,27,7,3,24,-0.2760353088378906,0.12310566753149033,0.799647331237793,False,False,False
2,4x16,experience_on,28,28,7,4,24,-0.2634671628475189,0.15895211696624756,0.6567946672439575,False,False,False
2,4x16,experience_on,29,29,8,1,28,-0.2675926685333252,0.04643448442220688,0.9747307896614075,False,False,False
2,4x16,experience_on,30,30,8,2,28,-0.2537652850151062,0.2969691753387451,0.8286920785903931,False,False,False
2,4x16,experience_on,31,31,8,3,28,-0.26651185750961304,0.16109997034072876,0.7992908358573914,False,False,False
2,4x16,experience_on,32,32,8,4,28,-0.27303552627563477,0.49403810501098633,0.755856990814209,False,False,False
2,4x16,experience_on,33,33,9,1,32,-0.2654038369655609,0.11554425954818726,0.7105940580368042,False,False,False
2,4x16,experience_on,34,34,9,2,32,-0.2651553452014923,0.6134709715843201,0.8844118118286133,False,False,False
2,4x16,experience_on,35,35,9,3,32,-0.24532432854175568,0.09233757853507996,0.7448765635490417,False,False,False
2,4x16,experience_on,36,36,9,4,32,-0.27671733498573303,0.11406378448009491,0.742752194404602,True,False,False
2,4x16,experience_on,37,37,10,1,36,-0.2624600827693939,0.11844348907470703,0.8075436353683472,False,False,False
2,4x16,experience_on,38,38,10,2,36,-0.2717699110507965,0.1621217578649521,0.8844883441925049,False,False,False
2,4x16,experience_on,39,39,10,3,36,-0.249171182513237,0.08780626952648163,0.7766081094741821,False,False,False
2,4x16,experience_on,40,40,10,4,36,-0.2582554221153259,0.08419911563396454,0.7890764474868774,False,False,False
2,4x16,experience_on,41,41,11,1,40,-0.2648545205593109,0.1266879439353943,0.7717969417572021,False,False,False
2,4x16,experience_on,42,42,11,2,40,-0.2646225094795227,0.16808049380779266,0.6791374087333679,False,False,False
2,4x16,experience_on,43,43,11,3,40,-0.2522532641887665,0.0394459068775177,0.6547460556030273,False,False,False
2,4x16,experience_on,44,44,11,4,40,-0.2643197178840637,0.32636749744415283,0.789953887462616,False,False,False
2,4x16,experience_on,45,45,12,1,44,-0.26419857144355774,0.07280495762825012,0.7902052402496338,False,False,False
2,4x16,experience_on,46,46,12,2,44,-0.27259108424186707,0.14871273934841156,0.6079227924346924,False,False,False
2,4x16,experience_on,47,47,12,3,44,-0.25259822607040405,0.317320317029953,0.681525707244873,False,False,False
2,4x16,experience_on,48,48,12,4,44,-0.2614187002182007,0.1023721694946289,0.641780436038971,False,False,False
2,4x16,experience_on,49,49,13,1,48,-0.26950037479400635,0.1440506875514984,0.7249485850334167,False,False,False
2,4x16,experience_on,50,50,13,2,48,-0.25574421882629395,0.05277305096387863,0.8560203313827515,False,False,False
2,4x16,experience_on,51,51,13,3,48,-0.26491737365722656,0.12419374287128448,0.6918035745620728,False,False,False
2,4x16,experience_on,52,52,13,4,48,-0.26026588678359985,0.0614490732550621,0.6048043966293335,False,False,False
2,4x16,experience_on,53,53,14,1,52,-0.2742336392402649,0.20795533061027527,0.6972024440765381,False,False,False
2,4x16,experience_on,54,54,14,2,52,-0.2588007152080536,0.11868347972631454,0.7710942625999451,False,False,False
2,4x16,experience_on,55,55,14,3,52,-0.2697035074234009,0.07194511592388153,0.6838167905807495,False,False,False
2,4x16,experience_on,56,56,14,4,52,-0.24649883806705475,0.06372588872909546,0.7543157935142517,False,False,False
2,4x16,experience_on,57,57,15,1,56,-0.2606464624404907,0.2600349187850952,0.7392799854278564,False,False,False
2,4x16,experience_on,58,58,15,2,56,-0.2728537321090698,0.039088450372219086,0.7966827750205994,False,False,False
2,4x16,experience_on,59,59,15,3,56,-0.25538283586502075,0.08425480127334595,0.7119455337524414,False,False,False
2,4x16,experience_on,60,60,15,4,56,-0.256982684135437,0.5495125651359558,0.806991696357727,False,False,False
2,4x16,experience_on,61,61,16,1,60,-0.2628338932991028,0.2783428728580475,0.9314724802970886,False,False,False
2,4x16,experience_on,62,62,16,2,60,-0.2542305588722229,0.1256369799375534,0.7882363796234131,False,False,False
2,4x16,experience_on,63,63,16,3,60,-0.2659713923931122,0.1297849714756012,0.8256280422210693,False,False,False
2,4x16,experience_on,64,64,16,4,60,-0.2595614790916443,0.11863236129283905,0.5783581137657166,False,False,True
3,64x1,experience_off,1,1,1,1,0,-0.33464065194129944,0.2811046242713928,1.5367828607559204,False,False,False
3,64x1,experience_off,2,2,1,2,0,-0.3176549971103668,0.18161660432815552,1.1989234685897827,False,False,False
3,64x1,experience_off,3,3,1,3,0,-0.3555886447429657,0.15894493460655212,0.6948051452636719,False,False,False
3,64x1,experience_off,4,4,1,4,0,-0.3384758234024048,0.15557542443275452,0.9139819145202637,False,False,False
3,64x1,experience_off,5,5,1,5,0,-0.3525809347629547,0.27975961565971375,0.6946531534194946,False,False,False
3,64x1,experience_off,6,6,1,6,0,-0.3209485411643982,0.40143704414367676,1.3778430223464966,False,False,False
3,64x1,experience_off,7,7,1,7,0,-0.3527451157569885,0.17839376628398895,0.4679734706878662,False,False,True
3,64x1,experience_off,8,8,1,8,0,-0.32206010818481445,0.17086009681224823,1.5437225103378296,False,False,False
3,64x1,experience_off,9,9,1,9,0,-0.31433892250061035,0.2120790332555771,0.777802050113678,False,False,False
3,64x1,experience_off,10,10,1,10,0,-0.3267955780029297,0.22083744406700134,1.3070710897445679,False,False,False
3,64x1,experience_off,11,11,1,11,0,-0.3389078378677368,0.6203657984733582,1.4965873956680298,False,False,False
3,64x1,experience_off,12,12,1,12,0,-0.3195587992668152,0.12701228260993958,1.4653396606445312,False,False,False
3,64x1,experience_off,13,13,1,13,0,-0.3316025733947754,0.1318695843219757,1.4716464281082153,False,False,False
3,64x1,experience_off,14,14,1,14,0,-0.33223313093185425,0.16032618284225464,0.6812434196472168,False,False,False
3,64x1,experience_off,15,15,1,15,0,-0.3352358341217041,0.3678306043148041,1.5907491445541382,False,False,False
3,64x1,experience_off,16,16,1,16,0,-0.32133859395980835,0.15157920122146606,1.3737468719482422,False,False,False
3,64x1,experience_off,17,17,1,17,0,-0.34040552377700806,0.1648791879415512,0.8281417489051819,False,False,False
3,64x1,experience_off,18,18,1,18,0,-0.34790879487991333,0.24389266967773438,1.054099440574646,False,False,False
3,64x1,experience_off,19,19,1,19,0,-0.34123820066452026,0.1842828094959259,1.0874083042144775,False,False,False
3,64x1,experience_off,20,20,1,20,0,-0.3245340883731842,0.19503465294837952,1.7852749824523926,False,False,False
3,64x1,experience_off,21,21,1,21,0,-0.3348921537399292,0.08227044343948364,1.7471526861190796,False,True,False
3,64x1,experience_off,22,22,1,22,0,-0.35578179359436035,0.3081192970275879,1.5024391412734985,False,False,False
3,64x1,experience_off,23,23,1,23,0,-0.3274837136268616,0.2303846776485443,0.8567187190055847,False,False,False
3,64x1,experience_off,24,24,1,24,0,-0.32585057616233826,0.10782773792743683,0.7823558449745178,False,False,False
3,64x1,experience_off,25,25,1,25,0,-0.3468192517757416,0.27356162667274475,1.4034456014633179,False,False,False
3,64x1,experience_off,26,26,1,26,0,-0.35580766201019287,0.23695628345012665,1.7154330015182495,False,False,False
3,64x1,experience_off,27,27,1,27,0,-0.330500990152359,0.2646692395210266,1.1575077772140503,False,False,False
3,64x1,experience_off,28,28,1,28,0,-0.32584086060523987,0.11510130017995834,1.4044800996780396,False,False,False
3,64x1,experience_off,29,29,1,29,0,-0.3270048201084137,0.17638224363327026,0.7944709062576294,False,False,False
3,64x1,experience_off,30,30,1,30,0,-0.3192656636238098,0.20019064843654633,1.4223874807357788,False,False,False
3,64x1,experience_off,31,31,1,31,0,-0.3393458127975464,0.1270521581172943,1.3344433307647705,False,False,False
3,64x1,experience_off,32,32,1,32,0,-0.3465732932090759,0.261441171169281,0.5749179124832153,False,False,False
3,64x1,experience_off,33,33,1,33,0,-0.3233126401901245,0.1315995156764984,1.5433629751205444,False,False,False
3,64x1,experience_off,34,34,1,34,0,-0.32204747200012207,1.0013396739959717,0.7639591693878174,False,False,False
3,64x1,experience_off,35,35,1,35,0,-0.3289303779602051,0.2677054703235626,1.8540068864822388,False,False,False
3,64x1,experience_off,36,36,1,36,0,-0.3433193862438202,0.1680791825056076,0.5797008275985718,False,False,False
3,64x1,experience_off,37,37,1,37,0,-0.3269200623035431,0.09808856248855591,1.468074917793274,False,False,False
3,64x1,experience_off,38,38,1,38,0,-0.3454648554325104,0.128195121884346,0.6349456310272217,False,False,False
3,64x1,experience_off,39,39,1,39,0,-0.3054681122303009,0.3464127480983734,1.0749239921569824,False,False,False
3,64x1,experience_off,40,40,1,40,0,-0.3303678035736084,0.22053544223308563,0.8529810905456543,False,False,False
3,64x1,experience_off,41,41,1,41,0,-0.33299750089645386,0.1562574952840805,1.7870256900787354,False,False,False
3,64x1,experience_off,42,42,1,42,0,-0.3463062047958374,0.7476229667663574,1.9056123495101929,False,False,False
3,64x1,experience_off,43,43,1,43,0,-0.27348214387893677,0.13771143555641174,1.4119426012039185,False,False,False
3,64x1,experience_off,44,44,1,44,0,-0.33102527260780334,0.20017223060131073,1.3114831447601318,False,False,False
3,64x1,experience_off,45,45,1,45,0,-0.3367905020713806,0.11708774417638779,1.5557714700698853,False,False,False
3,64x1,experience_off,46,46,1,46,0,-0.33462560176849365,0.3434291481971741,1.8289824724197388,False,False,False
3,64x1,experience_off,47,47,1,47,0,-0.32828983664512634,0.5258442163467407,1.6059542894363403,False,False,False
3,64x1,experience_off,48,48,1,48,0,-0.3393332362174988,0.599492073059082,1.3552191257476807,False,False,False
3,64x1,experience_off,49,49,1,49,0,-0.3453661799430847,0.42549893260002136,1.145367980003357,False,False,False
3,64x1,experience_off,50,50,1,50,0,-0.3356543481349945,0.13365191221237183,0.9345914125442505,False,False,False
3,64x1,experience_off,51,51,1,51,0,-0.31086504459381104,0.43200334906578064,1.365863561630249,False,False,False
3,64x1,experience_off,52,52,1,52,0,-0.3185366690158844,0.3308609426021576,1.9758214950561523,False,False,False
3,64x1,experience_off,53,53,1,53,0,-0.33325543999671936,0.30753275752067566,1.9012421369552612,False,False,False
3,64x1,experience_off,54,54,1,54,0,-0.3514528274536133,0.40667641162872314,1.7303311824798584,False,False,False
3,64x1,experience_off,55,55,1,55,0,-0.3334310054779053,0.14325441420078278,1.0071451663970947,False,False,False
3,64x1,experience_off,56,56,1,56,0,-0.3307402431964874,0.24701814353466034,1.1697076559066772,False,False,False
3,64x1,experience_off,57,57,1,57,0,-0.3379768133163452,0.1928701251745224,0.946406364440918,False,False,False
3,64x1,experience_off,58,58,1,58,0,-0.3245490491390228,0.16809269785881042,1.0666773319244385,False,False,False
3,64x1,experience_off,59,59,1,59,0,-0.3156294524669647,0.11657947301864624,0.9005100131034851,False,False,False
3,64x1,experience_off,60,60,1,60,0,-0.32591432332992554,0.2595537304878235,1.022591471672058,False,False,False
3,64x1,experience_off,61,61,1,61,0,-0.3524072468280792,0.16057586669921875,0.6126009821891785,False,False,False
3,64x1,experience_off,62,62,1,62,0,-0.3261845111846924,0.2779601216316223,0.9734416604042053,False,False,False
3,64x1,experience_off,63,63,1,63,0,-0.3692883849143982,0.1721508949995041,0.9930679202079773,True,False,False
3,64x1,experience_off,64,64,1,64,0,-0.3200141191482544,0.2030213326215744,1.2592567205429077,False,False,False
3,32x2,experience_on,1,1,1,1,0,-0.3346408009529114,0.2811046242713928,1.5367828607559204,False,False,False
3,32x2,experience_on,2,2,1,2,0,-0.3176555633544922,0.1816163957118988,1.198923110961914,False,False,False
3,32x2,experience_on,3,3,1,3,0,-0.3555888235569,0.15894484519958496,0.6948051452636719,False,False,False
3,32x2,experience_on,4,4,1,4,0,-0.3384758234024048,0.15557539463043213,0.913982093334198,False,False,False
3,32x2,experience_on,5,5,1,5,0,-0.3525812029838562,0.2797596752643585,0.6946528553962708,False,False,False
3,32x2,experience_on,6,6,1,6,0,-0.3209485113620758,0.4014378786087036,1.377842664718628,False,False,False
3,32x2,experience_on,7,7,1,7,0,-0.3527449369430542,0.17839381098747253,0.46797335147857666,False,False,True
3,32x2,experience_on,8,8,1,8,0,-0.3220605254173279,0.17086035013198853,1.5437226295471191,False,False,False
3,32x2,experience_on,9,9,1,9,0,-0.31433865427970886,0.2120787352323532,0.7778016328811646,False,False,False
3,32x2,experience_on,10,10,1,10,0,-0.32679590582847595,0.2208370566368103,1.3070712089538574,False,False,False
3,32x2,experience_on,11,11,1,11,0,-0.33890804648399353,0.6203668117523193,1.4965871572494507,False,False,False
3,32x2,experience_on,12,12,1,12,0,-0.3195587694644928,0.12701207399368286,1.4653393030166626,False,False,False
3,32x2,experience_on,13,13,1,13,0,-0.3316025733947754,0.1318695843219757,1.4716466665267944,False,False,False
3,32x2,experience_on,14,14,1,14,0,-0.33223310112953186,0.16032589972019196,0.6812439560890198,False,False,False
3,32x2,experience_on,15,15,1,15,0,-0.3352356255054474,0.3678309917449951,1.5907495021820068,False,False,False
3,32x2,experience_on,16,16,1,16,0,-0.3213384747505188,0.151578888297081,1.3737465143203735,False,False,False
3,32x2,experience_on,17,17,1,17,0,-0.3404054045677185,0.16487912833690643,0.8281417489051819,False,False,False
3,32x2,experience_on,18,18,1,18,0,-0.34790897369384766,0.24389240145683289,1.054099440574646,False,False,False
3,32x2,experience_on,19,19,1,19,0,-0.34123826026916504,0.1842835396528244,1.0874080657958984,False,False,False
3,32x2,experience_on,20,20,1,20,0,-0.32453417778015137,0.19503486156463623,1.785274624824524,False,False,False
3,32x2,experience_on,21,21,1,21,0,-0.334892213344574,0.0822705328464508,1.7471520900726318,False,True,False
3,32x2,experience_on,22,22,1,22,0,-0.35578200221061707,0.308119535446167,1.502439260482788,False,False,False
3,32x2,experience_on,23,23,1,23,0,-0.32748350501060486,0.23038461804389954,0.8567185997962952,False,False,False
3,32x2,experience_on,24,24,1,24,0,-0.3258504867553711,0.10782770812511444,0.7823558449745178,False,False,False
3,32x2,experience_on,25,25,1,25,0,-0.34681951999664307,0.27356165647506714,1.4034456014633179,False,False,False
3,32x2,experience_on,26,26,1,26,0,-0.3558078408241272,0.23695680499076843,1.7154326438903809,False,False,False
3,32x2,experience_on,27,27,1,27,0,-0.3305012285709381,0.2646696865558624,1.1575077772140503,False,False,False
3,32x2,experience_on,28,28,1,28,0,-0.3258410394191742,0.11510121077299118,1.404480218887329,False,False,False
3,32x2,experience_on,29,29,1,29,0,-0.32700490951538086,0.17638187110424042,0.7944709658622742,False,False,False
3,32x2,experience_on,30,30,1,30,0,-0.31926587224006653,0.20019063353538513,1.422387957572937,False,False,False
3,32x2,experience_on,31,31,1,31,0,-0.3393460810184479,0.12705209851264954,1.33444344997406,False,False,False
3,32x2,experience_on,32,32,1,32,0,-0.3465733826160431,0.26144155859947205,0.5749176144599915,False,False,False
3,32x2,experience_on,33,33,2,1,32,-0.32361799478530884,0.14425545930862427,1.5013298988342285,False,False,False
3,32x2,experience_on,34,34,2,2,32,-0.3223193287849426,0.9647369384765625,0.7338409423828125,False,False,False
3,32x2,experience_on,35,35,2,3,32,-0.32892823219299316,0.23409166932106018,1.799662709236145,False,False,False
3,32x2,experience_on,36,36,2,4,32,-0.34316176176071167,0.16553722321987152,0.5475746989250183,False,False,False
3,32x2,experience_on,37,37,2,5,32,-0.3275423049926758,0.09676679223775864,1.4576548337936401,False,False,False
3,32x2,experience_on,38,38,2,6,32,-0.3444482684135437,0.12838630378246307,0.6021729707717896,False,False,False
3,32x2,experience_on,39,39,2,7,32,-0.30653268098831177,0.3362537622451782,1.023061752319336,False,False,False
3,32x2,experience_on,40,40,2,8,32,-0.33005473017692566,0.22252795100212097,0.8353064656257629,False,False,False
3,32x2,experience_on,41,41,2,9,32,-0.3334313631057739,0.15517538785934448,1.7096489667892456,False,False,False
3,32x2,experience_on,42,42,2,10,32,-0.34428298473358154,0.755084216594696,1.8467892408370972,False,False,False
3,32x2,experience_on,43,43,2,11,32,-0.27830880880355835,0.13820037245750427,1.420290231704712,False,False,False
3,32x2,experience_on,44,44,2,12,32,-0.3304736018180847,0.2061425894498825,1.2769169807434082,False,False,False
3,32x2,experience_on,45,45,2,13,32,-0.33756574988365173,0.11340411752462387,1.5299121141433716,False,False,False
3,32x2,experience_on,46,46,2,14,32,-0.3338678479194641,0.22687779366970062,1.7215722799301147,False,False,False
3,32x2,experience_on,47,47,2,15,32,-0.3289719521999359,0.495209664106369,1.5691269636154175,False,False,False
3,32x2,experience_on,48,48,2,16,32,-0.3382384777069092,0.6303306221961975,1.317373514175415,False,False,False
3,32x2,experience_on,49,49,2,17,32,-0.34646087884902954,0.43143200874328613,1.1190236806869507,False,False,False
3,32x2,experience_on,50,50,2,18,32,-0.33495616912841797,0.15089420974254608,0.9082089066505432,False,False,False
3,32x2,experience_on,51,51,2,19,32,-0.3114841878414154,0.4224151074886322,1.2811682224273682,False,False,False
3,32x2,experience_on,52,52,2,20,32,-0.31939226388931274,0.32393649220466614,1.900665283203125,False,False,False
3,32x2,experience_on,53,53,2,21,32,-0.33355095982551575,0.3092927932739258,1.8468972444534302,False,False,False
3,32x2,experience_on,54,54,2,22,32,-0.3507126569747925,0.4080096483230591,1.6720519065856934,False,False,False
3,32x2,experience_on,55,55,2,23,32,-0.33233025670051575,0.16422823071479797,0.9862439036369324,False,False,False
3,32x2,experience_on,56,56,2,24,32,-0.33007368445396423,0.23422884941101074,1.1269563436508179,False,False,False
3,32x2,experience_on,57,57,2,25,32,-0.3371092677116394,0.20985625684261322,0.9033550024032593,False,False,False
3,32x2,experience_on,58,58,2,26,32,-0.32572120428085327,0.16737660765647888,1.0316768884658813,False,False,False
3,32x2,experience_on,59,59,2,27,32,-0.3143956661224365,0.12000053375959396,0.8645063638687134,False,False,False
3,32x2,experience_on,60,60,2,28,32,-0.32619428634643555,0.24069711565971375,0.9462563991546631,False,False,False
3,32x2,experience_on,61,61,2,29,32,-0.3516872525215149,0.1730554699897766,0.6010834574699402,False,False,False
3,32x2,experience_on,62,62,2,30,32,-0.3288176953792572,0.34259724617004395,0.9468721747398376,False,False,False
3,32x2,experience_on,63,63,2,31,32,-0.36861348152160645,0.14594630897045135,0.9339314103126526,True,False,False
3,32x2,experience_on,64,64,2,32,32,-0.32043328881263733,0.1966695487499237,1.2574626207351685,False,False,False
3,16x4,experience_on,1,1,1,1,0,-0.33464086055755615,0.28110456466674805,1.5367826223373413,False,False,False
3,16x4,experience_on,2,2,1,2,0,-0.31765544414520264,0.18161651492118835,1.1989238262176514,False,False,False
3,16x4,experience_on,3,3,1,3,0,-0.3555886745452881,0.15894466638565063,0.694804847240448,False,False,False
3,16x4,experience_on,4,4,1,4,0,-0.3384760022163391,0.15557508170604706,0.9139817357063293,False,False,False
3,16x4,experience_on,5,5,1,5,0,-0.35258132219314575,0.2797594964504242,0.6946526765823364,False,False,False
3,16x4,experience_on,6,6,1,6,0,-0.3209488093852997,0.4014357030391693,1.3778421878814697,False,False,False
3,16x4,experience_on,7,7,1,7,0,-0.3527451753616333,0.17839393019676208,0.4679734408855438,False,False,True
3,16x4,experience_on,8,8,1,8,0,-0.3220602869987488,0.17086009681224823,1.5437227487564087,False,False,False
3,16x4,experience_on,9,9,1,9,0,-0.3143390417098999,0.21207904815673828,0.7778019309043884,False,False,False
3,16x4,experience_on,10,10,1,10,0,-0.3267960548400879,0.22083716094493866,1.3070707321166992,False,False,False
3,16x4,experience_on,11,11,1,11,0,-0.33890825510025024,0.6203679442405701,1.4965871572494507,False,False,False
3,16x4,experience_on,12,12,1,12,0,-0.319559246301651,0.12701238691806793,1.4653387069702148,False,False,False
3,16x4,experience_on,13,13,1,13,0,-0.3316028118133545,0.13186949491500854,1.4716465473175049,False,False,False
3,16x4,experience_on,14,14,1,14,0,-0.33223286271095276,0.1603260040283203,0.6812437176704407,False,False,False
3,16x4,experience_on,15,15,1,15,0,-0.3352358937263489,0.367831826210022,1.5907491445541382,False,False,False
3,16x4,experience_on,16,16,1,16,0,-0.3213389217853546,0.15157900750637054,1.3737465143203735,False,False,False
3,16x4,experience_on,17,17,2,1,16,-0.33884501457214355,0.18247735500335693,0.8008337020874023,False,False,False
3,16x4,experience_on,18,18,2,2,16,-0.34806281328201294,0.25787168741226196,0.9982891082763672,False,False,False
3,16x4,experience_on,19,19,2,3,16,-0.3407928943634033,0.28441667556762695,0.9984111785888672,False,False,False
3,16x4,experience_on,20,20,2,4,16,-0.32479381561279297,0.20962604880332947,1.7027759552001953,False,False,False
3,16x4,experience_on,21,21,2,5,16,-0.33466607332229614,0.08961407840251923,1.6779921054840088,False,True,False
3,16x4,experience_on,22,22,2,6,16,-0.3550065755844116,0.31378984451293945,1.4917269945144653,False,False,False
3,16x4,experience_on,23,23,2,7,16,-0.33038684725761414,0.2282247543334961,0.8415084481239319,False,False,False
3,16x4,experience_on,24,24,2,8,16,-0.3258572518825531,0.12565569579601288,0.7620161175727844,False,False,False
3,16x4,experience_on,25,25,2,9,16,-0.3475479483604431,0.26892316341400146,1.3185927867889404,False,False,False
3,16x4,experience_on,26,26,2,10,16,-0.35465121269226074,0.2738567590713501,1.6526143550872803,False,False,False
3,16x4,experience_on,27,27,2,11,16,-0.328054279088974,0.26932770013809204,1.0967625379562378,False,False,False
3,16x4,experience_on,28,28,2,12,16,-0.32685375213623047,0.09193795919418335,1.4116690158843994,False,False,False
3,16x4,experience_on,29,29,2,13,16,-0.3282785713672638,0.17006158828735352,0.755161702632904,False,False,False
3,16x4,experience_on,30,30,2,14,16,-0.31898266077041626,0.2027650773525238,1.3845129013061523,False,False,False
3,16x4,experience_on,31,31,2,15,16,-0.3393487334251404,0.12758538126945496,1.28548264503479,False,False,False
3,16x4,experience_on,32,32,2,16,16,-0.3465273976325989,0.2555806040763855,0.5659204125404358,False,False,False
3,16x4,experience_on,33,33,3,1,32,-0.3236088752746582,0.1442561149597168,1.5013830661773682,False,False,False
3,16x4,experience_on,34,34,3,2,32,-0.32230666279792786,0.965080738067627,0.7339532375335693,False,False,False
3,16x4,experience_on,35,35,3,3,32,-0.32891950011253357,0.2341640442609787,1.7997628450393677,False,False,False
3,16x4,experience_on,36,36,3,4,32,-0.34314531087875366,0.16551189124584198,0.5476740002632141,False,False,False
3,16x4,experience_on,37,37,3,5,32,-0.32753700017929077,0.09677749127149582,1.4576220512390137,False,False,False
3,16x4,experience_on,38,38,3,6,32,-0.3444390296936035,0.12839490175247192,0.6022651791572571,False,False,False
3,16x4,experience_on,39,39,3,7,32,-0.30652284622192383,0.3363288640975952,1.023218035697937,False,False,False
3,16x4,experience_on,40,40,3,8,32,-0.33004292845726013,0.2225072979927063,0.8353561162948608,False,False,False
3,16x4,experience_on,41,41,3,9,32,-0.33342719078063965,0.155169278383255,1.7097723484039307,False,False,False
3,16x4,experience_on,42,42,3,10,32,-0.34427979588508606,0.755048930644989,1.8469938039779663,False,False,False
3,16x4,experience_on,43,43,3,11,32,-0.2782933712005615,0.13819891214370728,1.420343041419983,False,False,False
3,16x4,experience_on,44,44,3,12,32,-0.3304620385169983,0.206122487783432,1.27701735496521,False,False,False
3,16x4,experience_on,45,45,3,13,32,-0.3375551700592041,0.11341221630573273,1.5299311876296997,False,False,False
3,16x4,experience_on,46,46,3,14,32,-0.33386725187301636,0.22724281251430511,1.7218587398529053,False,False,False
3,16x4,experience_on,47,47,3,15,32,-0.32896655797958374,0.49529287219047546,1.5692483186721802,False,False,False
3,16x4,experience_on,48,48,3,16,32,-0.33823344111442566,0.6305797100067139,1.3176541328430176,False,False,False
3,16x4,experience_on,49,49,4,1,48,-0.346423864364624,0.43075788021087646,1.1191381216049194,False,False,False
3,16x4,experience_on,50,50,4,2,48,-0.3350396454334259,0.15120621025562286,0.9086320400238037,False,False,False
3,16x4,experience_on,51,51,4,3,48,-0.31164050102233887,0.42232078313827515,1.2820507287979126,False,False,False
3,16x4,experience_on,52,52,4,4,48,-0.3193175494670868,0.32317304611206055,1.9008833169937134,False,False,False
3,16x4,experience_on,53,53,4,5,48,-0.33360448479652405,0.3094167113304138,1.8451417684555054,False,False,False
3,16x4,experience_on,54,54,4,6,48,-0.3508133888244629,0.40822625160217285,1.671732783317566,False,False,False
3,16x4,experience_on,55,55,4,7,48,-0.33246633410453796,0.16444367170333862,0.9862799048423767,False,False,False
3,16x4,experience_on,56,56,4,8,48,-0.3302313983440399,0.235025092959404,1.1270290613174438,False,False,False
3,16x4,experience_on,57,57,4,9,48,-0.3372315764427185,0.20984205603599548,0.9034817218780518,False,False,False
3,16x4,experience_on,58,58,4,10,48,-0.3258054554462433,0.1674472540616989,1.0318222045898438,False,False,False
3,16x4,experience_on,59,59,4,11,48,-0.3144505023956299,0.11998942494392395,0.8644020557403564,False,False,False
3,16x4,experience_on,60,60,4,12,48,-0.32616671919822693,0.24053792655467987,0.946578323841095,False,False,False
3,16x4,experience_on,61,61,4,13,48,-0.3516639471054077,0.17336516082286835,0.6015260815620422,False,False,False
3,16x4,experience_on,62,62,4,14,48,-0.32879361510276794,0.3412262201309204,0.9475463628768921,False,False,False
3,16x4,experience_on,63,63,4,15,48,-0.36871179938316345,0.14590397477149963,0.9361570477485657,True,False,False
3,16x4,experience_on,64,64,4,16,48,-0.3204469382762909,0.19667427241802216,1.256614327430725,False,False,False
3,8x8,experience_on,1,1,1,1,0,-0.33464086055755615,0.28110435605049133,1.5367828607559204,False,False,False
3,8x8,experience_on,2,2,1,2,0,-0.3176555037498474,0.18161647021770477,1.1989235877990723,False,False,False
3,8x8,experience_on,3,3,1,3,0,-0.35558879375457764,0.15894493460655212,0.6948049664497375,False,False,False
3,8x8,experience_on,4,4,1,4,0,-0.3384760022163391,0.1555752158164978,0.9139819145202637,False,False,False
3,8x8,experience_on,5,5,1,5,0,-0.3525814414024353,0.2797594964504242,0.694652259349823,False,False,False
3,8x8,experience_on,6,6,1,6,0,-0.3209489583969116,0.40143758058547974,1.377842664718628,False,False,False
3,8x8,experience_on,7,7,1,7,0,-0.35274508595466614,0.17839376628398895,0.4679732322692871,False,False,True
3,8x8,experience_on,8,8,1,8,0,-0.32206034660339355,0.17086026072502136,1.543722152709961,False,False,False
3,8x8,experience_on,9,9,2,1,8,-0.3178173899650574,0.211933895945549,0.7488332986831665,False,False,False
3,8x8,experience_on,10,10,2,2,8,-0.32931196689605713,0.21624962985515594,1.2705192565917969,False,False,False
3,8x8,experience_on,11,11,2,3,8,-0.3373033106327057,0.46612048149108887,1.376705288887024,False,False,False
3,8x8,experience_on,12,12,2,4,8,-0.32092607021331787,0.12385779619216919,1.3604754209518433,False,False,False
3,8x8,experience_on,13,13,2,5,8,-0.3303016722202301,0.12050279229879379,1.4424108266830444,False,False,False
3,8x8,experience_on,14,14,2,6,8,-0.3315778970718384,0.1613374799489975,0.6543040871620178,False,False,False
3,8x8,experience_on,15,15,2,7,8,-0.3349882960319519,0.3466683030128479,1.5313732624053955,False,False,False
3,8x8,experience_on,16,16,2,8,8,-0.3216220438480377,0.15859609842300415,1.2970918416976929,False,False,False
3,8x8,experience_on,17,17,3,1,16,-0.3388108015060425,0.18249206244945526,0.8009674549102783,False,False,False
3,8x8,experience_on,18,18,3,2,16,-0.3480527997016907,0.257837176322937,0.9984170794487,False,False,False
3,8x8,experience_on,19,19,3,3,16,-0.34078043699264526,0.2842342257499695,0.9985685348510742,False,False,False
3,8x8,experience_on,20,20,3,4,16,-0.32477664947509766,0.20956632494926453,1.7030065059661865,False,False,False
3,8x8,experience_on,21,21,3,5,16,-0.33465713262557983,0.08960817754268646,1.6781554222106934,False,True,False
3,8x8,experience_on,22,22,3,6,16,-0.35499128699302673,0.31396424770355225,1.4921914339065552,False,False,False
3,8x8,experience_on,23,23,3,7,16,-0.3303849697113037,0.2282465696334839,0.8415732979774475,False,False,False
3,8x8,experience_on,24,24,3,8,16,-0.3258468508720398,0.12562711536884308,0.762103796005249,False,False,False
3,8x8,experience_on,25,25,4,1,24,-0.34752315282821655,0.2692396342754364,1.320609450340271,False,False,False
3,8x8,experience_on,26,26,4,2,24,-0.3546023368835449,0.2744898498058319,1.6549406051635742,False,False,False
3,8x8,experience_on,27,27,4,3,24,-0.32793569564819336,0.27045464515686035,1.098789930343628,False,False,False
3,8x8,experience_on,28,28,4,4,24,-0.3268052935600281,0.0922214686870575,1.4108859300613403,False,False,False
3,8x8,experience_on,29,29,4,5,24,-0.328174352645874,0.1699843853712082,0.7558915615081787,False,False,False
3,8x8,experience_on,30,30,4,6,24,-0.3188911974430084,0.20292672514915466,1.3844420909881592,False,False,False
3,8x8,experience_on,31,31,4,7,24,-0.3392879366874695,0.12758801877498627,1.2860428094863892,False,False,False
3,8x8,experience_on,32,32,4,8,24,-0.3463255763053894,0.25554630160331726,0.567535936832428,False,False,False
3,8x8,experience_on,33,33,5,1,32,-0.3236035108566284,0.1442522406578064,1.5014920234680176,False,False,False
3,8x8,experience_on,34,34,5,2,32,-0.3222993314266205,0.9650779962539673,0.7340297698974609,False,False,False
3,8x8,experience_on,35,35,5,3,32,-0.3289140462875366,0.2342289537191391,1.7998528480529785,False,False,False
3,8x8,experience_on,36,36,5,4,32,-0.3431273102760315,0.16551849246025085,0.5477184653282166,False,False,False
3,8x8,experience_on,37,37,5,5,32,-0.32753270864486694,0.09681263566017151,1.4576541185379028,False,False,False
3,8x8,experience_on,38,38,5,6,32,-0.34443217515945435,0.12839186191558838,0.6023033261299133,False,False,False
3,8x8,experience_on,39,39,5,7,32,-0.30651530623435974,0.33634066581726074,1.0232772827148438,False,False,False
3,8x8,experience_on,40,40,5,8,32,-0.3300290107727051,0.2225187122821808,0.83540940284729,False,False,False
3,8x8,experience_on,41,41,6,1,40,-0.33342045545578003,0.15516184270381927,1.7098500728607178,False,False,False
3,8x8,experience_on,42,42,6,2,40,-0.3442820906639099,0.7551103830337524,1.8466726541519165,False,False,False
3,8x8,experience_on,43,43,6,3,40,-0.2782842516899109,0.13812685012817383,1.4205901622772217,False,False,False
3,8x8,experience_on,44,44,6,4,40,-0.3304786682128906,0.20612025260925293,1.2769439220428467,False,False,False
3,8x8,experience_on,45,45,6,5,40,-0.33756035566329956,0.11339312791824341,1.5298309326171875,False,False,False
3,8x8,experience_on,46,46,6,6,40,-0.3338490128517151,0.22725361585617065,1.721818447113037,False,False,False
3,8x8,experience_on,47,47,6,7,40,-0.32898640632629395,0.4954223036766052,1.569059133529663,False,False,False
3,8x8,experience_on,48,48,6,8,40,-0.3382415175437927,0.6312516927719116,1.3176223039627075,False,False,False
3,8x8,experience_on,49,49,7,1,48,-0.3464218080043793,0.4307340085506439,1.1191842555999756,False,False,False
3,8x8,experience_on,50,50,7,2,48,-0.33503323793411255,0.15121665596961975,0.9087217450141907,False,False,False
3,8x8,experience_on,51,51,7,3,48,-0.3116305470466614,0.42233365774154663,1.2821725606918335,False,False,False
3,8x8,experience_on,52,52,7,4,48,-0.31931769847869873,0.3231963515281677,1.9010385274887085,False,False,False
3,8x8,experience_on,53,53,7,5,48,-0.33359986543655396,0.3094206154346466,1.8452277183532715,False,False,False
3,8x8,experience_on,54,54,7,6,48,-0.3508087992668152,0.408268541097641,1.6718602180480957,False,False,False
3,8x8,experience_on,55,55,7,7,48,-0.332456111907959,0.1644439548254013,0.9863356351852417,False,False,False
3,8x8,experience_on,56,56,7,8,48,-0.33022481203079224,0.23502938449382782,1.1270675659179688,False,False,False
3,8x8,experience_on,57,57,8,1,56,-0.3372263014316559,0.20983225107192993,0.9032780528068542,False,False,False
3,8x8,experience_on,58,58,8,2,56,-0.325805127620697,0.16740089654922485,1.0316753387451172,False,False,False
3,8x8,experience_on,59,59,8,3,56,-0.31445732712745667,0.12003827095031738,0.8642553687095642,False,False,False
3,8x8,experience_on,60,60,8,4,56,-0.3261878788471222,0.24056771397590637,0.9463566541671753,False,False,False
3,8x8,experience_on,61,61,8,5,56,-0.3516956567764282,0.1732112616300583,0.6011308431625366,False,False,False
3,8x8,experience_on,62,62,8,6,56,-0.3288208246231079,0.3416632115840912,0.9471262097358704,False,False,False
3,8x8,experience_on,63,63,8,7,56,-0.3687090277671814,0.14595894515514374,0.9350945949554443,True,False,False
3,8x8,experience_on,64,64,8,8,56,-0.3204675614833832,0.196661576628685,1.2567362785339355,False,False,False
3,4x16,experience_on,1,1,1,1,0,-0.3346405625343323,0.28110429644584656,1.5367825031280518,False,False,False
3,4x16,experience_on,2,2,1,2,0,-0.317655473947525,0.18161654472351074,1.1989232301712036,False,False,False
3,4x16,experience_on,3,3,1,3,0,-0.35558873414993286,0.15894488990306854,0.694804847240448,False,False,False
3,4x16,experience_on,4,4,1,4,0,-0.3384760618209839,0.15557530522346497,0.9139814376831055,False,False,False
3,4x16,experience_on,5,5,2,1,4,-0.352927565574646,0.27620095014572144,0.6753223538398743,False,False,False
3,4x16,experience_on,6,6,2,2,4,-0.3203052878379822,0.3932541012763977,1.3644436597824097,False,False,False
3,4x16,experience_on,7,7,2,3,4,-0.3515477776527405,0.18533644080162048,0.4488990604877472,False,False,True
3,4x16,experience_on,8,8,2,4,4,-0.3224260210990906,0.19855009019374847,1.4579747915267944,False,False,False
3,4x16,experience_on,9,9,3,1,8,-0.31777071952819824,0.21197955310344696,0.7493079900741577,False,False,False
3,4x16,experience_on,10,10,3,2,8,-0.32923024892807007,0.21608392894268036,1.2710109949111938,False,False,False
3,4x16,experience_on,11,11,3,3,8,-0.33729445934295654,0.46626216173171997,1.3778666257858276,False,False,False
3,4x16,experience_on,12,12,3,4,8,-0.32086101174354553,0.12396141141653061,1.3616933822631836,False,False,False
3,4x16,experience_on,13,13,4,1,12,-0.33025866746902466,0.12067648023366928,1.4425725936889648,False,False,False
3,4x16,experience_on,14,14,4,2,12,-0.33155155181884766,0.16117273271083832,0.6552445292472839,False,False,False
3,4x16,experience_on,15,15,4,3,12,-0.33497869968414307,0.346142053604126,1.5317693948745728,False,False,False
3,4x16,experience_on,16,16,4,4,12,-0.3215521574020386,0.15834280848503113,1.2984869480133057,False,False,False
3,4x16,experience_on,17,17,5,1,16,-0.33879902958869934,0.1824071854352951,0.8012077212333679,False,False,False
3,4x16,experience_on,18,18,5,2,16,-0.34804075956344604,0.25776827335357666,0.998632550239563,False,False,False
3,4x16,experience_on,19,19,5,3,16,-0.3407754898071289,0.2834387719631195,0.9993646144866943,False,False,False
3,4x16,experience_on,20,20,5,4,16,-0.32475507259368896,0.20946429669857025,1.7035170793533325,False,False,False
3,4x16,experience_on,21,21,6,1,20,-0.3346221446990967,0.08963718265295029,1.6797730922698975,False,True,False
3,4x16,experience_on,22,22,6,2,20,-0.35494428873062134,0.3145257234573364,1.4944170713424683,False,False,False
3,4x16,experience_on,23,23,6,3,20,-0.3303186297416687,0.22832414507865906,0.8417922258377075,False,False,False
3,4x16,experience_on,24,24,6,4,20,-0.3257860243320465,0.1256302297115326,0.762635350227356,False,False,False
3,4x16,experience_on,25,25,7,1,24,-0.3475160598754883,0.26928582787513733,1.3209692239761353,False,False,False
3,4x16,experience_on,26,26,7,2,24,-0.3545982837677002,0.27450573444366455,1.6552059650421143,False,False,False
3,4x16,experience_on,27,27,7,3,24,-0.32792654633522034,0.27060067653656006,1.099122405052185,False,False,False
3,4x16,experience_on,28,28,7,4,24,-0.3267980217933655,0.09227915853261948,1.410740613937378,False,False,False
3,4x16,experience_on,29,29,8,1,28,-0.3281311094760895,0.16998836398124695,0.7562299966812134,False,False,False
3,4x16,experience_on,30,30,8,2,28,-0.3188607096672058,0.20295493304729462,1.3845539093017578,False,False,False
3,4x16,experience_on,31,31,8,3,28,-0.33926618099212646,0.12760812044143677,1.2864145040512085,False,False,False
3,4x16,experience_on,32,32,8,4,28,-0.34625059366226196,0.25552308559417725,0.5681285262107849,False,False,False
3,4x16,experience_on,33,33,9,1,32,-0.3235907256603241,0.14426393806934357,1.5015298128128052,False,False,False
3,4x16,experience_on,34,34,9,2,32,-0.3222820460796356,0.9657104015350342,0.7341758608818054,False,False,False
3,4x16,experience_on,35,35,9,3,32,-0.32890379428863525,0.23431430757045746,1.7999625205993652,False,False,False
3,4x16,experience_on,36,36,9,4,32,-0.34311339259147644,0.16547755897045135,0.5478430390357971,False,False,False
3,4x16,experience_on,37,37,10,1,36,-0.3275471329689026,0.09674271196126938,1.4577980041503906,False,False,False
3,4x16,experience_on,38,38,10,2,36,-0.344482958316803,0.12831604480743408,0.6018568277359009,False,False,False
3,4x16,experience_on,39,39,10,3,36,-0.3065580725669861,0.3359343409538269,1.0225082635879517,False,False,False
3,4x16,experience_on,40,40,10,4,36,-0.33007919788360596,0.22264789044857025,0.8351127505302429,False,False,False
3,4x16,experience_on,41,41,11,1,40,-0.33341652154922485,0.15515738725662231,1.7099683284759521,False,False,False
3,4x16,experience_on,42,42,11,2,40,-0.3442799150943756,0.7550516128540039,1.846860647201538,False,False,False
3,4x16,experience_on,43,43,11,3,40,-0.27826762199401855,0.13810640573501587,1.4206513166427612,False,False,False
3,4x16,experience_on,44,44,11,4,40,-0.3304704427719116,0.20610126852989197,1.2770475149154663,False,False,False
3,4x16,experience_on,45,45,12,1,44,-0.3375455439090729,0.11360590159893036,1.5291211605072021,False,False,False
3,4x16,experience_on,46,46,12,2,44,-0.3338175415992737,0.22919338941574097,1.7227216958999634,False,False,False
3,4x16,experience_on,47,47,12,3,44,-0.3289943337440491,0.4952201843261719,1.569219946861267,False,False,False
3,4x16,experience_on,48,48,12,4,44,-0.3383088707923889,0.63482266664505,1.3183609247207642,False,False,False
3,4x16,experience_on,49,49,13,1,48,-0.3464154005050659,0.43068939447402954,1.1192508935928345,False,False,False
3,4x16,experience_on,50,50,13,2,48,-0.3350270986557007,0.15123461186885834,0.9088534116744995,False,False,False
3,4x16,experience_on,51,51,13,3,48,-0.3116239905357361,0.4223353862762451,1.2824311256408691,False,False,False
3,4x16,experience_on,52,52,13,4,48,-0.3193117380142212,0.323152631521225,1.9012590646743774,False,False,False
3,4x16,experience_on,53,53,14,1,52,-0.3336036503314972,0.3094167411327362,1.84503972530365,False,False,False
3,4x16,experience_on,54,54,14,2,52,-0.350811243057251,0.40817946195602417,1.6717150211334229,False,False,False
3,4x16,experience_on,55,55,14,3,52,-0.3324671983718872,0.16441984474658966,0.9863056540489197,False,False,False
3,4x16,experience_on,56,56,14,4,52,-0.3302323818206787,0.23504528403282166,1.1270495653152466,False,False,False
3,4x16,experience_on,57,57,15,1,56,-0.3372246325016022,0.20982295274734497,0.9033440947532654,False,False,False
3,4x16,experience_on,58,58,15,2,56,-0.3258000314235687,0.16740339994430542,1.0317269563674927,False,False,False
3,4x16,experience_on,59,59,15,3,56,-0.31445297598838806,0.12002172321081161,0.8643167018890381,False,False,False
3,4x16,experience_on,60,60,15,4,56,-0.32618236541748047,0.24057182669639587,0.9464432597160339,False,False,False
3,4x16,experience_on,61,61,16,1,60,-0.3516504764556885,0.17333005368709564,0.6016268134117126,False,False,False
3,4x16,experience_on,62,62,16,2,60,-0.32877451181411743,0.34096401929855347,0.9477720260620117,False,False,False
3,4x16,experience_on,63,63,16,3,60,-0.3686966300010681,0.14596067368984222,0.9365240335464478,True,False,False
3,4x16,experience_on,64,64,16,4,60,-0.32043203711509705,0.19671368598937988,1.256507396697998,False,False,False
4,64x1,experience_off,1,1,1,1,0,-0.25131115317344666,0.026592567563056946,0.7956401109695435,False,False,False
4,64x1,experience_off,2,2,1,2,0,-0.2551332712173462,0.0293717198073864,0.9846500754356384,False,False,False
4,64x1,experience_off,3,3,1,3,0,-0.2635125517845154,0.08405935764312744,1.0164916515350342,False,False,False
4,64x1,experience_off,4,4,1,4,0,-0.2552661597728729,0.033707477152347565,0.902611494064331,False,False,False
4,64x1,experience_off,5,5,1,5,0,-0.25243115425109863,0.02551225945353508,0.8862943649291992,False,False,False
4,64x1,experience_off,6,6,1,6,0,-0.26272517442703247,0.07358072698116302,0.8618276715278625,False,False,False
4,64x1,experience_off,7,7,1,7,0,-0.23658841848373413,0.06944235414266586,0.9611803293228149,False,False,False
4,64x1,experience_off,8,8,1,8,0,-0.24663297832012177,0.0241023451089859,0.7429592609405518,False,False,False
4,64x1,experience_off,9,9,1,9,0,-0.26705819368362427,0.04904358834028244,0.8476822972297668,False,False,False
4,64x1,experience_off,10,10,1,10,0,-0.2598002851009369,0.03979086875915527,0.8640846610069275,False,False,False
4,64x1,experience_off,11,11,1,11,0,-0.2600460648536682,0.031299374997615814,0.904420018196106,False,False,False
4,64x1,experience_off,12,12,1,12,0,-0.257478266954422,0.05941305682063103,0.8845748901367188,False,False,False
4,64x1,experience_off,13,13,1,13,0,-0.2576984763145447,0.05747421830892563,0.6909706592559814,False,False,True
4,64x1,experience_off,14,14,1,14,0,-0.26646050810813904,0.041803374886512756,0.9431130886077881,False,False,False
4,64x1,experience_off,15,15,1,15,0,-0.25659114122390747,0.0894700139760971,0.75288987159729,False,False,False
4,64x1,experience_off,16,16,1,16,0,-0.2543339729309082,0.03534212335944176,0.8507165312767029,False,False,False
4,64x1,experience_off,17,17,1,17,0,-0.26569855213165283,0.04580330848693848,0.7390886545181274,False,False,False
4,64x1,experience_off,18,18,1,18,0,-0.26554206013679504,0.07309902459383011,1.0431766510009766,False,False,False
4,64x1,experience_off,19,19,1,19,0,-0.2609439194202423,0.04032865911722183,0.8530987501144409,False,False,False
4,64x1,experience_off,20,20,1,20,0,-0.2506482005119324,0.022723190486431122,0.7795355916023254,False,False,False
4,64x1,experience_off,21,21,1,21,0,-0.25840187072753906,0.034061264246702194,0.919731855392456,False,False,False
4,64x1,experience_off,22,22,1,22,0,-0.2546928822994232,0.02952377125620842,0.9016438126564026,False,False,False
4,64x1,experience_off,23,23,1,23,0,-0.26178839802742004,0.02875451371073723,0.7461000084877014,False,False,False
4,64x1,experience_off,24,24,1,24,0,-0.2648625373840332,0.04468430206179619,0.8727840185165405,False,False,False
4,64x1,experience_off,25,25,1,25,0,-0.2702401578426361,0.040587037801742554,0.8521317839622498,False,False,False
4,64x1,experience_off,26,26,1,26,0,-0.2658666670322418,0.036121122539043427,0.9683866500854492,False,False,False
4,64x1,experience_off,27,27,1,27,0,-0.25391292572021484,0.03718037158250809,0.8011532425880432,False,False,False
4,64x1,experience_off,28,28,1,28,0,-0.26366108655929565,0.0470602884888649,0.8310526609420776,False,False,False
4,64x1,experience_off,29,29,1,29,0,-0.24166332185268402,0.03741087764501572,0.8753513097763062,False,False,False
4,64x1,experience_off,30,30,1,30,0,-0.2519139051437378,0.05814039707183838,0.7735325694084167,False,False,False
4,64x1,experience_off,31,31,1,31,0,-0.2539452910423279,0.036388155072927475,0.8366395235061646,False,False,False
4,64x1,experience_off,32,32,1,32,0,-0.262224018573761,0.04128321260213852,0.8690478205680847,False,False,False
4,64x1,experience_off,33,33,1,33,0,-0.26136234402656555,0.02803579345345497,0.8606826663017273,False,False,False
4,64x1,experience_off,34,34,1,34,0,-0.25928962230682373,0.041447822004556656,0.8300550580024719,False,False,False
4,64x1,experience_off,35,35,1,35,0,-0.2569634020328522,0.025740161538124084,0.7758840918540955,False,False,False
4,64x1,experience_off,36,36,1,36,0,-0.2675668001174927,0.04611992835998535,0.9198993444442749,False,False,False
4,64x1,experience_off,37,37,1,37,0,-0.261768102645874,0.04213093966245651,0.8342190384864807,False,False,False
4,64x1,experience_off,38,38,1,38,0,-0.25682932138442993,0.04512660950422287,0.7791631817817688,False,False,False
4,64x1,experience_off,39,39,1,39,0,-0.26525625586509705,0.06234809756278992,0.9480732679367065,False,False,False
4,64x1,experience_off,40,40,1,40,0,-0.2620049715042114,0.04917368292808533,0.9211986064910889,False,False,False
4,64x1,experience_off,41,41,1,41,0,-0.2735547721385956,0.0878257006406784,0.9702701568603516,True,False,False
4,64x1,experience_off,42,42,1,42,0,-0.2566859722137451,0.06084195896983147,0.8283891677856445,False,False,False
4,64x1,experience_off,43,43,1,43,0,-0.2514325976371765,0.04186487942934036,0.8389148712158203,False,False,False
4,64x1,experience_off,44,44,1,44,0,-0.2544921934604645,0.02244776487350464,0.9379134774208069,False,True,False
4,64x1,experience_off,45,45,1,45,0,-0.2552562654018402,0.026973500847816467,0.8668407797813416,False,False,False
4,64x1,experience_off,46,46,1,46,0,-0.24844805896282196,0.03846840560436249,0.8525736927986145,False,False,False
4,64x1,experience_off,47,47,1,47,0,-0.2590359151363373,0.023894181475043297,0.8609690070152283,False,False,False
4,64x1,experience_off,48,48,1,48,0,-0.25874003767967224,0.05912695452570915,0.9283976554870605,False,False,False
4,64x1,experience_off,49,49,1,49,0,-0.2606235146522522,0.031627148389816284,0.8064353466033936,False,False,False
4,64x1,experience_off,50,50,1,50,0,-0.2490917593240738,0.03294093906879425,0.7632395625114441,False,False,False
4,64x1,experience_off,51,51,1,51,0,-0.25318455696105957,0.05725334212183952,0.9576161503791809,False,False,False
4,64x1,experience_off,52,52,1,52,0,-0.2730562388896942,0.030641119927167892,0.8677500486373901,False,False,False
4,64x1,experience_off,53,53,1,53,0,-0.24982590973377228,0.02590576373040676,0.8489446640014648,False,False,False
4,64x1,experience_off,54,54,1,54,0,-0.24877874553203583,0.038289785385131836,0.9152453541755676,False,False,False
4,64x1,experience_off,55,55,1,55,0,-0.2558789849281311,0.026411671191453934,0.82932049036026,False,False,False
4,64x1,experience_off,56,56,1,56,0,-0.2497643083333969,0.04648030549287796,0.7565286159515381,False,False,False
4,64x1,experience_off,57,57,1,57,0,-0.266108900308609,0.02885083481669426,0.9030628800392151,False,False,False
4,64x1,experience_off,58,58,1,58,0,-0.2599022388458252,0.03546467050909996,0.7470709085464478,False,False,False
4,64x1,experience_off,59,59,1,59,0,-0.2561373710632324,0.04825564846396446,0.8849675059318542,False,False,False
4,64x1,experience_off,60,60,1,60,0,-0.2665904760360718,0.06077923625707626,0.8304771184921265,False,False,False
4,64x1,experience_off,61,61,1,61,0,-0.25138360261917114,0.02807636186480522,0.781318187713623,False,False,False
4,64x1,experience_off,62,62,1,62,0,-0.25449317693710327,0.028865322470664978,0.7810686230659485,False,False,False
4,64x1,experience_off,63,63,1,63,0,-0.2638521194458008,0.035570040345191956,0.9029760360717773,False,False,False
4,64x1,experience_off,64,64,1,64,0,-0.2542010545730591,0.033299993723630905,0.8615777492523193,False,False,False
4,32x2,experience_on,1,1,1,1,0,-0.2513112425804138,0.026592612266540527,0.7956402897834778,False,False,False
4,32x2,experience_on,2,2,1,2,0,-0.25513309240341187,0.02937169186770916,0.9846500754356384,False,False,False
4,32x2,experience_on,3,3,1,3,0,-0.2635125517845154,0.08405955880880356,1.0164916515350342,False,False,False
4,32x2,experience_on,4,4,1,4,0,-0.25526630878448486,0.03370744362473488,0.9026116728782654,False,False,False
4,32x2,experience_on,5,5,1,5,0,-0.2524312138557434,0.025512179359793663,0.8862943649291992,False,False,False
4,32x2,experience_on,6,6,1,6,0,-0.2627251148223877,0.07358067482709885,0.8618274331092834,False,False,False
4,32x2,experience_on,7,7,1,7,0,-0.23658841848373413,0.06944238394498825,0.9611803889274597,False,False,False
4,32x2,experience_on,8,8,1,8,0,-0.24663297832012177,0.02410231903195381,0.742959201335907,False,False,False
4,32x2,experience_on,9,9,1,9,0,-0.2670581638813019,0.04904363676905632,0.8476824760437012,False,False,False
4,32x2,experience_on,10,10,1,10,0,-0.2598003149032593,0.03979086875915527,0.864084780216217,False,False,False
4,32x2,experience_on,11,11,1,11,0,-0.2600463032722473,0.03129946440458298,0.9044198393821716,False,False,False
4,32x2,experience_on,12,12,1,12,0,-0.2574784457683563,0.05941331386566162,0.8845750093460083,False,False,False
4,32x2,experience_on,13,13,1,13,0,-0.2576984465122223,0.05747425556182861,0.6909705400466919,False,False,True
4,32x2,experience_on,14,14,1,14,0,-0.2664605677127838,0.04180334135890007,0.9431133270263672,False,False,False
4,32x2,experience_on,15,15,1,15,0,-0.256591260433197,0.08946990966796875,0.7528900504112244,False,False,False
4,32x2,experience_on,16,16,1,16,0,-0.2543342411518097,0.035342127084732056,0.8507168292999268,False,False,False
4,32x2,experience_on,17,17,1,17,0,-0.2656986713409424,0.04580339789390564,0.7390887141227722,False,False,False
4,32x2,experience_on,18,18,1,18,0,-0.2655419111251831,0.0730990320444107,1.0431766510009766,False,False,False
4,32x2,experience_on,19,19,1,19,0,-0.2609438896179199,0.04032857343554497,0.8530988097190857,False,False,False
4,32x2,experience_on,20,20,1,20,0,-0.2506484389305115,0.0227232426404953,0.7795355916023254,False,False,False
4,32x2,experience_on,21,21,1,21,0,-0.25840187072753906,0.03406132012605667,0.919731855392456,False,False,False
4,32x2,experience_on,22,22,1,22,0,-0.2546929121017456,0.029523763805627823,0.9016439914703369,False,False,False
4,32x2,experience_on,23,23,1,23,0,-0.26178842782974243,0.02875453047454357,0.7461000084877014,False,False,False
4,32x2,experience_on,24,24,1,24,0,-0.26486265659332275,0.04468425363302231,0.8727836608886719,False,False,False
4,32x2,experience_on,25,25,1,25,0,-0.2702401280403137,0.04058695584535599,0.8521320819854736,False,False,False
4,32x2,experience_on,26,26,1,26,0,-0.2658667266368866,0.036121100187301636,0.9683863520622253,False,False,False
4,32x2,experience_on,27,27,1,27,0,-0.25391310453414917,0.03718040883541107,0.801153302192688,False,False,False
4,32x2,experience_on,28,28,1,28,0,-0.2636609971523285,0.04706033319234848,0.8310526013374329,False,False,False
4,32x2,experience_on,29,29,1,29,0,-0.24166353046894073,0.03741089627146721,0.8753515481948853,False,False,False
4,32x2,experience_on,30,30,1,30,0,-0.2519140839576721,0.05814037844538689,0.7735329866409302,False,False,False
4,32x2,experience_on,31,31,1,31,0,-0.25394532084465027,0.036388300359249115,0.8366392254829407,False,False,False
4,32x2,experience_on,32,32,1,32,0,-0.2622241675853729,0.04128338024020195,0.8690478205680847,False,False,False
4,32x2,experience_on,33,33,2,1,32,-0.26352620124816895,0.02835368737578392,0.8531126379966736,False,False,False
4,32x2,experience_on,34,34,2,2,32,-0.2625439763069153,0.034989114850759506,0.8175103664398193,False,False,False
4,32x2,experience_on,35,35,2,3,32,-0.25987380743026733,0.023608660325407982,0.7568257451057434,False,False,False
4,32x2,experience_on,36,36,2,4,32,-0.2693805694580078,0.04387104511260986,0.903372049331665,False,False,False
4,32x2,experience_on,37,37,2,5,32,-0.26440221071243286,0.04339052736759186,0.8097943067550659,False,False,False
4,32x2,experience_on,38,38,2,6,32,-0.2591843903064728,0.047140032052993774,0.753201425075531,False,False,False
4,32x2,experience_on,39,39,2,7,32,-0.2672325670719147,0.05463165044784546,0.9374566674232483,False,False,False
4,32x2,experience_on,40,40,2,8,32,-0.26450350880622864,0.044986139982938766,0.9010969400405884,False,False,False
4,32x2,experience_on,41,41,2,9,32,-0.2755548655986786,0.08292841911315918,0.9438862204551697,True,False,False
4,32x2,experience_on,42,42,2,10,32,-0.25985410809516907,0.05752091854810715,0.803091287612915,False,False,False
4,32x2,experience_on,43,43,2,11,32,-0.2555449903011322,0.040013812482357025,0.8031516671180725,False,False,False
4,32x2,experience_on,44,44,2,12,32,-0.25795120000839233,0.020026331767439842,0.907159149646759,False,True,False
4,32x2,experience_on,45,45,2,13,32,-0.2570735216140747,0.02742680162191391,0.8357362747192383,False,False,False
4,32x2,experience_on,46,46,2,14,32,-0.25090208649635315,0.034646257758140564,0.8214251399040222,False,False,False
4,32x2,experience_on,47,47,2,15,32,-0.262523889541626,0.021504398435354233,0.8397473692893982,False,False,False
4,32x2,experience_on,48,48,2,16,32,-0.2607758045196533,0.06416019052267075,0.8967832922935486,False,False,False
4,32x2,experience_on,49,49,2,17,32,-0.26358091831207275,0.03343242034316063,0.791928231716156,False,False,False
4,32x2,experience_on,50,50,2,18,32,-0.2529584765434265,0.03555960953235626,0.746796727180481,False,False,False
4,32x2,experience_on,51,51,2,19,32,-0.2559414505958557,0.05395316332578659,0.927864670753479,False,False,False
4,32x2,experience_on,52,52,2,20,32,-0.27492058277130127,0.027274873107671738,0.8431845903396606,False,False,False
4,32x2,experience_on,53,53,2,21,32,-0.25317320227622986,0.02499816194176674,0.826861560344696,False,False,False
4,32x2,experience_on,54,54,2,22,32,-0.25056642293930054,0.037628889083862305,0.8875758051872253,False,False,False
4,32x2,experience_on,55,55,2,23,32,-0.2588745951652527,0.027907222509384155,0.8017113208770752,False,False,False
4,32x2,experience_on,56,56,2,24,32,-0.2524578273296356,0.05334949120879173,0.7239828109741211,False,False,False
4,32x2,experience_on,57,57,2,25,32,-0.2676261365413666,0.027678145095705986,0.8779807686805725,False,False,False
4,32x2,experience_on,58,58,2,26,32,-0.26189786195755005,0.03368961066007614,0.7200168967247009,False,False,False
4,32x2,experience_on,59,59,2,27,32,-0.25830981135368347,0.044931184500455856,0.8448840975761414,False,False,False
4,32x2,experience_on,60,60,2,28,32,-0.26874178647994995,0.05371638759970665,0.8032952547073364,False,False,False
4,32x2,experience_on,61,61,2,29,32,-0.2548781633377075,0.030923163518309593,0.7679359316825867,False,False,False
4,32x2,experience_on,62,62,2,30,32,-0.25833553075790405,0.027111448347568512,0.7557885646820068,False,False,False
4,32x2,experience_on,63,63,2,31,32,-0.2661643624305725,0.03677971661090851,0.9028217792510986,False,False,False
4,32x2,experience_on,64,64,2,32,32,-0.2564905285835266,0.03627040982246399,0.8359882831573486,False,False,False
4,16x4,experience_on,1,1,1,1,0,-0.25131097435951233,0.02659263089299202,0.795640230178833,False,False,False
4,16x4,experience_on,2,2,1,2,0,-0.25513315200805664,0.029371649026870728,0.984650194644928,False,False,False
4,16x4,experience_on,3,3,1,3,0,-0.2635122537612915,0.08405949920415878,1.016491413116455,False,False,False
4,16x4,experience_on,4,4,1,4,0,-0.25526636838912964,0.03370741009712219,0.9026116728782654,False,False,False
4,16x4,experience_on,5,5,1,5,0,-0.2524310052394867,0.025512177497148514,0.8862945437431335,False,False,False
4,16x4,experience_on,6,6,1,6,0,-0.2627251148223877,0.07358065247535706,0.861827552318573,False,False,False
4,16x4,experience_on,7,7,1,7,0,-0.23658835887908936,0.06944260746240616,0.9611803889274597,False,False,False
4,16x4,experience_on,8,8,1,8,0,-0.24663250148296356,0.024102330207824707,0.7429594397544861,False,False,False
4,16x4,experience_on,9,9,1,9,0,-0.26705819368362427,0.04904352128505707,0.8476824164390564,False,False,False
4,16x4,experience_on,10,10,1,10,0,-0.2598003149032593,0.0397908091545105,0.864084780216217,False,False,False
4,16x4,experience_on,11,11,1,11,0,-0.26004600524902344,0.031299442052841187,0.9044201374053955,False,False,False
4,16x4,experience_on,12,12,1,12,0,-0.25747811794281006,0.05941344052553177,0.8845749497413635,False,False,False
4,16x4,experience_on,13,13,1,13,0,-0.25769853591918945,0.057474285364151,0.690970778465271,False,False,True
4,16x4,experience_on,14,14,1,14,0,-0.26646047830581665,0.04180338978767395,0.9431134462356567,False,False,False
4,16x4,experience_on,15,15,1,15,0,-0.25659117102622986,0.08947005122900009,0.7528901696205139,False,False,False
4,16x4,experience_on,16,16,1,16,0,-0.2543339729309082,0.03534206748008728,0.8507168292999268,False,False,False
4,16x4,experience_on,17,17,2,1,16,-0.267676442861557,0.04403521865606308,0.708257257938385,False,False,False
4,16x4,experience_on,18,18,2,2,16,-0.2672257423400879,0.06928174197673798,1.0127532482147217,False,False,False
4,16x4,experience_on,19,19,2,3,16,-0.2634364366531372,0.03582075983285904,0.8331530094146729,False,False,False
4,16x4,experience_on,20,20,2,4,16,-0.2551575005054474,0.020438114181160927,0.7644808888435364,False,False,False
4,16x4,experience_on,21,21,2,5,16,-0.26007384061813354,0.031205903738737106,0.8884885311126709,False,False,False
4,16x4,experience_on,22,22,2,6,16,-0.2579914331436157,0.02823856845498085,0.864588737487793,False,False,False
4,16x4,experience_on,23,23,2,7,16,-0.2643592953681946,0.02999584935605526,0.7289336919784546,False,False,False
4,16x4,experience_on,24,24,2,8,16,-0.26658594608306885,0.04712299630045891,0.8528844118118286,False,False,False
4,16x4,experience_on,25,25,2,9,16,-0.2720136046409607,0.04278723895549774,0.851232647895813,False,False,False
4,16x4,experience_on,26,26,2,10,16,-0.2676596939563751,0.03070194274187088,0.9383347630500793,False,False,False
4,16x4,experience_on,27,27,2,11,16,-0.2573784589767456,0.033756788820028305,0.7948771715164185,False,False,False
4,16x4,experience_on,28,28,2,12,16,-0.266603022813797,0.04785015434026718,0.8076589107513428,False,False,False
4,16x4,experience_on,29,29,2,13,16,-0.24437622725963593,0.035727061331272125,0.863372266292572,False,False,False
4,16x4,experience_on,30,30,2,14,16,-0.25512444972991943,0.059885185211896896,0.7282716035842896,False,False,False
4,16x4,experience_on,31,31,2,15,16,-0.25668203830718994,0.037746720016002655,0.81321781873703,False,False,False
4,16x4,experience_on,32,32,2,16,16,-0.26521021127700806,0.03912820667028427,0.8611120581626892,False,False,False
4,16x4,experience_on,33,33,3,1,32,-0.2635369896888733,0.02834637090563774,0.8531345129013062,False,False,False
4,16x4,experience_on,34,34,3,2,32,-0.2625386714935303,0.0349976122379303,0.8175733089447021,False,False,False
4,16x4,experience_on,35,35,3,3,32,-0.2598728537559509,0.023606598377227783,0.7568565011024475,False,False,False
4,16x4,experience_on,36,36,3,4,32,-0.2693876624107361,0.043872278183698654,0.9033971428871155,False,False,False
4,16x4,experience_on,37,37,3,5,32,-0.26439812779426575,0.0433761328458786,0.8098060488700867,False,False,False
4,16x4,experience_on,38,38,3,6,32,-0.2591956555843353,0.04711412638425827,0.7532243132591248,False,False,False
4,16x4,experience_on,39,39,3,7,32,-0.26723772287368774,0.05463714525103569,0.93747878074646,False,False,False
4,16x4,experience_on,40,40,3,8,32,-0.2645133137702942,0.044999636709690094,0.9011293053627014,False,False,False
4,16x4,experience_on,41,41,3,9,32,-0.27555614709854126,0.08293920755386353,0.9439371228218079,True,False,False
4,16x4,experience_on,42,42,3,10,32,-0.2598649859428406,0.05751720070838928,0.8031315207481384,False,False,False
4,16x4,experience_on,43,43,3,11,32,-0.2555420398712158,0.040018707513809204,0.8031335473060608,False,False,False
4,16x4,experience_on,44,44,3,12,32,-0.2579442858695984,0.020029470324516296,0.9071826934814453,False,True,False
4,16x4,experience_on,45,45,3,13,32,-0.25708580017089844,0.0274173766374588,0.8357617259025574,False,False,False
4,16x4,experience_on,46,46,3,14,32,-0.25091201066970825,0.034644715487957,0.8214330673217773,False,False,False
4,16x4,experience_on,47,47,3,15,32,-0.2625236511230469,0.021500885486602783,0.8397651314735413,False,False,False
4,16x4,experience_on,48,48,3,16,32,-0.26077908277511597,0.06414015591144562,0.896769642829895,False,False,False
4,16x4,experience_on,49,49,4,1,48,-0.26359814405441284,0.03343605995178223,0.7919517159461975,False,False,False
4,16x4,experience_on,50,50,4,2,48,-0.25295326113700867,0.03551802784204483,0.7468546628952026,False,False,False
4,16x4,experience_on,51,51,4,3,48,-0.25593772530555725,0.05395479500293732,0.9278367161750793,False,False,False
4,16x4,experience_on,52,52,4,4,48,-0.27491483092308044,0.027284791693091393,0.8432390689849854,False,False,False
4,16x4,experience_on,53,53,4,5,48,-0.2531801760196686,0.02498326078057289,0.8268583416938782,False,False,False
4,16x4,experience_on,54,54,4,6,48,-0.2505911886692047,0.037624772638082504,0.8875741362571716,False,False,False
4,16x4,experience_on,55,55,4,7,48,-0.25888484716415405,0.027888044714927673,0.8017300367355347,False,False,False
4,16x4,experience_on,56,56,4,8,48,-0.2524709105491638,0.05331186577677727,0.7239678502082825,False,False,False
4,16x4,experience_on,57,57,4,9,48,-0.267609179019928,0.02766566537320614,0.8779761791229248,False,False,False
4,16x4,experience_on,58,58,4,10,48,-0.26191356778144836,0.03367713838815689,0.7200635075569153,False,False,False
4,16x4,experience_on,59,59,4,11,48,-0.25830599665641785,0.044911883771419525,0.8449757099151611,False,False,False
4,16x4,experience_on,60,60,4,12,48,-0.26874053478240967,0.05373850464820862,0.8032656908035278,False,False,False
4,16x4,experience_on,61,61,4,13,48,-0.254859060049057,0.030894529074430466,0.7679858207702637,False,False,False
4,16x4,experience_on,62,62,4,14,48,-0.2583047151565552,0.027109313756227493,0.7558414340019226,False,False,False
4,16x4,experience_on,63,63,4,15,48,-0.2661505937576294,0.036760114133358,0.9028557538986206,False,False,False
4,16x4,experience_on,64,64,4,16,48,-0.2564808130264282,0.03624781593680382,0.835953414440155,False,False,False
4,8x8,experience_on,1,1,1,1,0,-0.25131094455718994,0.02659257873892784,0.7956401109695435,False,False,False
4,8x8,experience_on,2,2,1,2,0,-0.2551330626010895,0.02937156707048416,0.9846502542495728,False,False,False
4,8x8,experience_on,3,3,1,3,0,-0.2635127007961273,0.08405932784080505,1.0164916515350342,False,False,False
4,8x8,experience_on,4,4,1,4,0,-0.25526630878448486,0.033707473427057266,0.902611494064331,False,False,False
4,8x8,experience_on,5,5,1,5,0,-0.2524310052394867,0.025512253865599632,0.8862945437431335,False,False,False
4,8x8,experience_on,6,6,1,6,0,-0.26272517442703247,0.07358071953058243,0.861827552318573,False,False,False
4,8x8,experience_on,7,7,1,7,0,-0.23658840358257294,0.06944242864847183,0.9611806869506836,False,False,False
4,8x8,experience_on,8,8,1,8,0,-0.24663294851779938,0.024102330207824707,0.742959201335907,False,False,False
4,8x8,experience_on,9,9,2,1,8,-0.26937615871429443,0.046748533844947815,0.8411622643470764,False,False,False
4,8x8,experience_on,10,10,2,2,8,-0.2622193694114685,0.03561435639858246,0.8350929021835327,False,False,False
4,8x8,experience_on,11,11,2,3,8,-0.26223188638687134,0.03142756223678589,0.875009298324585,False,False,False
4,8x8,experience_on,12,12,2,4,8,-0.26002925634384155,0.052240096032619476,0.8579756021499634,False,False,False
4,8x8,experience_on,13,13,2,5,8,-0.26052162051200867,0.058387063443660736,0.6765915751457214,False,False,True
4,8x8,experience_on,14,14,2,6,8,-0.2685624659061432,0.04505368322134018,0.9155868291854858,False,False,False
4,8x8,experience_on,15,15,2,7,8,-0.2588948607444763,0.09431923925876617,0.7314996123313904,False,False,False
4,8x8,experience_on,16,16,2,8,8,-0.25709542632102966,0.038102664053440094,0.8375110626220703,False,False,False
4,8x8,experience_on,17,17,3,1,16,-0.2676791250705719,0.04402697831392288,0.7082920670509338,False,False,False
4,8x8,experience_on,18,18,3,2,16,-0.26723000407218933,0.06928709149360657,1.0127516984939575,False,False,False
4,8x8,experience_on,19,19,3,3,16,-0.2634469270706177,0.03582335263490677,0.8331735134124756,False,False,False
4,8x8,experience_on,20,20,3,4,16,-0.2551591396331787,0.020437639206647873,0.7644976377487183,False,False,False
4,8x8,experience_on,21,21,3,5,16,-0.26009196043014526,0.03120316192507744,0.8885026574134827,False,False,False
4,8x8,experience_on,22,22,3,6,16,-0.2579900026321411,0.02823411300778389,0.8646228313446045,False,False,False
4,8x8,experience_on,23,23,3,7,16,-0.2643568217754364,0.02997950278222561,0.7289609313011169,False,False,False
4,8x8,experience_on,24,24,3,8,16,-0.2665987014770508,0.047100916504859924,0.85289067029953,False,False,False
4,8x8,experience_on,25,25,4,1,24,-0.27202820777893066,0.04274968057870865,0.8513423204421997,False,False,False
4,8x8,experience_on,26,26,4,2,24,-0.26765942573547363,0.03075461834669113,0.9384934902191162,False,False,False
4,8x8,experience_on,27,27,4,3,24,-0.25738993287086487,0.03375526890158653,0.7949788570404053,False,False,False
4,8x8,experience_on,28,28,4,4,24,-0.2665923237800598,0.047846801578998566,0.8077563047409058,False,False,False
4,8x8,experience_on,29,29,4,5,24,-0.24443648755550385,0.0357181690633297,0.8634668588638306,False,False,False
4,8x8,experience_on,30,30,4,6,24,-0.255121111869812,0.059838246554136276,0.7284424901008606,False,False,False
4,8x8,experience_on,31,31,4,7,24,-0.2566872239112854,0.037707626819610596,0.8133814930915833,False,False,False
4,8x8,experience_on,32,32,4,8,24,-0.26520395278930664,0.03912421688437462,0.8612047433853149,False,False,False
4,8x8,experience_on,33,33,5,1,32,-0.2635410726070404,0.028342589735984802,0.8531436920166016,False,False,False
4,8x8,experience_on,34,34,5,2,32,-0.26253563165664673,0.0350024476647377,0.8176013231277466,False,False,False
4,8x8,experience_on,35,35,5,3,32,-0.2598716914653778,0.023605860769748688,0.7568705677986145,False,False,False
4,8x8,experience_on,36,36,5,4,32,-0.269390344619751,0.0438726469874382,0.9034073948860168,False,False,False
4,8x8,experience_on,37,37,5,5,32,-0.2643960118293762,0.04336876422166824,0.8098121285438538,False,False,False
4,8x8,experience_on,38,38,5,6,32,-0.2591995596885681,0.04710104316473007,0.7532354593276978,False,False,False
4,8x8,experience_on,39,39,5,7,32,-0.2672392427921295,0.05464091897010803,0.937487781047821,False,False,False
4,8x8,experience_on,40,40,5,8,32,-0.26451680064201355,0.04500643163919449,0.9011440873146057,False,False,False
4,8x8,experience_on,41,41,6,1,40,-0.2755565643310547,0.08294305205345154,0.9439638257026672,True,False,False
4,8x8,experience_on,42,42,6,2,40,-0.25987669825553894,0.05750581622123718,0.80314040184021,False,False,False
4,8x8,experience_on,43,43,6,3,40,-0.25553882122039795,0.04002024233341217,0.8030715584754944,False,False,False
4,8x8,experience_on,44,44,6,4,40,-0.2579352557659149,0.020030677318572998,0.9071652293205261,False,True,False
4,8x8,experience_on,45,45,6,5,40,-0.2570980191230774,0.02740325592458248,0.8357545137405396,False,False,False
4,8x8,experience_on,46,46,6,6,40,-0.25092172622680664,0.034635357558727264,0.8214052319526672,False,False,False
4,8x8,experience_on,47,47,6,7,40,-0.26252299547195435,0.021494846791028976,0.8397465944290161,False,False,False
4,8x8,experience_on,48,48,6,8,40,-0.26078206300735474,0.06412450969219208,0.8967031836509705,False,False,False
4,8x8,experience_on,49,49,7,1,48,-0.26359957456588745,0.033435992896556854,0.7919601202011108,False,False,False
4,8x8,experience_on,50,50,7,2,48,-0.2529517710208893,0.03551097214221954,0.7468684315681458,False,False,False
4,8x8,experience_on,51,51,7,3,48,-0.2559363842010498,0.05395547300577164,0.9278393387794495,False,False,False
4,8x8,experience_on,52,52,7,4,48,-0.27491316199302673,0.027286872267723083,0.8432511687278748,False,False,False
4,8x8,experience_on,53,53,7,5,48,-0.2531800866127014,0.024980664253234863,0.8268640041351318,False,False,False
4,8x8,experience_on,54,54,7,6,48,-0.2505947947502136,0.03762422502040863,0.8875803351402283,False,False,False
4,8x8,experience_on,55,55,7,7,48,-0.25888538360595703,0.02788485214114189,0.8017404675483704,False,False,False
4,8x8,experience_on,56,56,7,8,48,-0.25247251987457275,0.05330637842416763,0.7239709496498108,False,False,False
4,8x8,experience_on,57,57,8,1,56,-0.2676103115081787,0.02766798436641693,0.8780114650726318,False,False,False
4,8x8,experience_on,58,58,8,2,56,-0.26191258430480957,0.033679746091365814,0.7200914025306702,False,False,False
4,8x8,experience_on,59,59,8,3,56,-0.2583058476448059,0.04491538926959038,0.8450199961662292,False,False,False
4,8x8,experience_on,60,60,8,4,56,-0.2687397599220276,0.053743522614240646,0.8032968044281006,False,False,False
4,8x8,experience_on,61,61,8,5,56,-0.2548578977584839,0.030899103730916977,0.7679986953735352,False,False,False
4,8x8,experience_on,62,62,8,6,56,-0.2583038806915283,0.027110671624541283,0.7558602690696716,False,False,False
4,8x8,experience_on,63,63,8,7,56,-0.26615071296691895,0.03676265478134155,0.902860701084137,False,False,False
4,8x8,experience_on,64,64,8,8,56,-0.2564798593521118,0.03624898940324783,0.8359890580177307,False,False,False
4,4x16,experience_on,1,1,1,1,0,-0.2513112723827362,0.02659260295331478,0.7956401109695435,False,False,False
4,4x16,experience_on,2,2,1,2,0,-0.2551332712173462,0.02937157452106476,0.9846500754356384,False,False,False
4,4x16,experience_on,3,3,1,3,0,-0.26351267099380493,0.08405952155590057,1.0164915323257446,False,False,False
4,4x16,experience_on,4,4,1,4,0,-0.25526633858680725,0.033707451075315475,0.902611494064331,False,False,False
4,4x16,experience_on,5,5,2,1,4,-0.2546720504760742,0.027172517031431198,0.8642298579216003,False,False,False
4,4x16,experience_on,6,6,2,2,4,-0.2663015127182007,0.07711490243673325,0.8495977520942688,False,False,False
4,4x16,experience_on,7,7,2,3,4,-0.23869027197360992,0.0632636547088623,0.9313486814498901,False,False,False
4,4x16,experience_on,8,8,2,4,4,-0.24936555325984955,0.02461731992661953,0.7108346223831177,False,False,False
4,4x16,experience_on,9,9,3,1,8,-0.26937150955200195,0.046750329434871674,0.8411994576454163,False,False,False
4,4x16,experience_on,10,10,3,2,8,-0.2622204124927521,0.03561844676733017,0.8351122736930847,False,False,False
4,4x16,experience_on,11,11,3,3,8,-0.26222649216651917,0.03142186999320984,0.8750605583190918,False,False,False
4,4x16,experience_on,12,12,3,4,8,-0.26003599166870117,0.05225328356027603,0.8580018281936646,False,False,False
4,4x16,experience_on,13,13,4,1,12,-0.26055586338043213,0.05832081660628319,0.6767553091049194,False,False,True
4,4x16,experience_on,14,14,4,2,12,-0.2685723900794983,0.04501500725746155,0.9156255722045898,False,False,False
4,4x16,experience_on,15,15,4,3,12,-0.2589084208011627,0.09424620866775513,0.7315043210983276,False,False,False
4,4x16,experience_on,16,16,4,4,12,-0.25708645582199097,0.038032565265893936,0.837505578994751,False,False,False
4,4x16,experience_on,17,17,5,1,16,-0.2676793336868286,0.04402167722582817,0.7083165049552917,False,False,False
4,4x16,experience_on,18,18,5,2,16,-0.2672334909439087,0.06929605454206467,1.0127546787261963,False,False,False
4,4x16,experience_on,19,19,5,3,16,-0.26344966888427734,0.035822100937366486,0.8331971764564514,False,False,False
4,4x16,experience_on,20,20,5,4,16,-0.2551575303077698,0.020436499267816544,0.7645167112350464,False,False,False
4,4x16,experience_on,21,21,6,1,20,-0.26012688875198364,0.031205717474222183,0.8885801434516907,False,False,False
4,4x16,experience_on,22,22,6,2,20,-0.2579895555973053,0.028229504823684692,0.8647387623786926,False,False,False
4,4x16,experience_on,23,23,6,3,20,-0.2643577456474304,0.029953448101878166,0.7290135025978088,False,False,False
4,4x16,experience_on,24,24,6,4,20,-0.2666226327419281,0.04706890881061554,0.8529323935508728,False,False,False
4,4x16,experience_on,25,25,7,1,24,-0.27202922105789185,0.0427464060485363,0.8513641357421875,False,False,False
4,4x16,experience_on,26,26,7,2,24,-0.26765865087509155,0.030759131535887718,0.9385083317756653,False,False,False
4,4x16,experience_on,27,27,7,3,24,-0.25738972425460815,0.03375186771154404,0.7949910759925842,False,False,False
4,4x16,experience_on,28,28,7,4,24,-0.26658865809440613,0.04784756898880005,0.8077658414840698,False,False,False
4,4x16,experience_on,29,29,8,1,28,-0.24445869028568268,0.035716865211725235,0.8635212779045105,False,False,False
4,4x16,experience_on,30,30,8,2,28,-0.2551174759864807,0.05982450768351555,0.7285107374191284,False,False,False
4,4x16,experience_on,31,31,8,3,28,-0.25668758153915405,0.037696294486522675,0.8134779334068298,False,False,False
4,4x16,experience_on,32,32,8,4,28,-0.26519954204559326,0.0391201451420784,0.86126309633255,False,False,False
4,4x16,experience_on,33,33,9,1,32,-0.26354414224624634,0.028341837227344513,0.8531515598297119,False,False,False
4,4x16,experience_on,34,34,9,2,32,-0.262533038854599,0.03500397875905037,0.8176208138465881,False,False,False
4,4x16,experience_on,35,35,9,3,32,-0.2598704993724823,0.023605188354849815,0.7568827867507935,False,False,False
4,4x16,experience_on,36,36,9,4,32,-0.2693905830383301,0.04387393221259117,0.9034214615821838,False,False,False
4,4x16,experience_on,37,37,10,1,36,-0.2643948793411255,0.04336380586028099,0.8097938299179077,False,False,False
4,4x16,experience_on,38,38,10,2,36,-0.25920405983924866,0.047090645879507065,0.753228485584259,False,False,False
4,4x16,experience_on,39,39,10,3,36,-0.2672421932220459,0.05463512986898422,0.9374935030937195,False,False,False
4,4x16,experience_on,40,40,10,4,36,-0.2645217478275299,0.045010101050138474,0.9011480808258057,False,False,False
4,4x16,experience_on,41,41,11,1,40,-0.2755560576915741,0.08294743299484253,0.9439763426780701,True,False,False
4,4x16,experience_on,42,42,11,2,40,-0.25987815856933594,0.057505052536726,0.8031540513038635,False,False,False
4,4x16,experience_on,43,43,11,3,40,-0.2555370330810547,0.04002100229263306,0.8030737042427063,False,False,False
4,4x16,experience_on,44,44,11,4,40,-0.2579333484172821,0.02003052830696106,0.9071723222732544,False,True,False
4,4x16,experience_on,45,45,12,1,44,-0.2571011483669281,0.027399461716413498,0.8357731699943542,False,False,False
4,4x16,experience_on,46,46,12,2,44,-0.2509242296218872,0.03463634103536606,0.8214172124862671,False,False,False
4,4x16,experience_on,47,47,12,3,44,-0.26252198219299316,0.021494930610060692,0.8397555351257324,False,False,False
4,4x16,experience_on,48,48,12,4,44,-0.2607821822166443,0.06411637365818024,0.8967074155807495,False,False,False
4,4x16,experience_on,49,49,13,1,48,-0.2636013627052307,0.03343682736158371,0.7919656038284302,False,False,False
4,4x16,experience_on,50,50,13,2,48,-0.2529497742652893,0.03550886735320091,0.746877908706665,False,False,False
4,4x16,experience_on,51,51,13,3,48,-0.2559347152709961,0.05395704507827759,0.9278417825698853,False,False,False
4,4x16,experience_on,52,52,13,4,48,-0.27491259574890137,0.027287226170301437,0.8432586193084717,False,False,False
4,4x16,experience_on,53,53,14,1,52,-0.25318068265914917,0.02497940883040428,0.8268821239471436,False,False,False
4,4x16,experience_on,54,54,14,2,52,-0.25059887766838074,0.03762469440698624,0.8876023888587952,False,False,False
4,4x16,experience_on,55,55,14,3,52,-0.25888681411743164,0.02788340114057064,0.8017640709877014,False,False,False
4,4x16,experience_on,56,56,14,4,52,-0.252473920583725,0.053302280604839325,0.7239908576011658,False,False,False
4,4x16,experience_on,57,57,15,1,56,-0.2676091492176056,0.027667149901390076,0.8780199289321899,False,False,False
4,4x16,experience_on,58,58,15,2,56,-0.2619131803512573,0.033679038286209106,0.7201007008552551,False,False,False
4,4x16,experience_on,59,59,15,3,56,-0.25830507278442383,0.04491351172327995,0.845035970211029,False,False,False
4,4x16,experience_on,60,60,15,4,56,-0.26873937249183655,0.0537455789744854,0.8033002018928528,False,False,False
4,4x16,experience_on,61,61,16,1,60,-0.2548535466194153,0.03090372309088707,0.768032968044281,False,False,False
4,4x16,experience_on,62,62,16,2,60,-0.2582969665527344,0.027113085612654686,0.755895733833313,False,False,False
4,4x16,experience_on,63,63,16,3,60,-0.2661485970020294,0.03676564246416092,0.902897298336029,False,False,False
4,4x16,experience_on,64,64,16,4,60,-0.2564770579338074,0.036250703036785126,0.8360244631767273,False,False,False
5,64x1,experience_off,1,1,1,1,0,-0.3784886598587036,0.16304120421409607,0.1521594226360321,False,False,True
5,64x1,experience_off,2,2,1,2,0,-0.38411104679107666,0.301296591758728,0.1802869439125061,False,False,False
5,64x1,experience_off,3,3,1,3,0,-0.3839298486709595,0.4132000207901001,0.2107701450586319,False,False,False
5,64x1,experience_off,4,4,1,4,0,-0.3730316162109375,0.23855185508728027,0.21096545457839966,False,False,False
5,64x1,experience_off,5,5,1,5,0,-0.39026975631713867,0.16027161478996277,0.2427382618188858,False,False,False
5,64x1,experience_off,6,6,1,6,0,-0.39180541038513184,0.1649264544248581,0.16287057101726532,False,False,False
5,64x1,experience_off,7,7,1,7,0,-0.38720959424972534,0.33562466502189636,0.1764090657234192,False,False,False
5,64x1,experience_off,8,8,1,8,0,-0.3912649154663086,0.03046872839331627,0.24280938506126404,False,True,False
5,64x1,experience_off,9,9,1,9,0,-0.39768537878990173,0.06877180933952332,0.17849455773830414,True,False,False
5,64x1,experience_off,10,10,1,10,0,-0.37431418895721436,0.3086733818054199,0.1673707216978073,False,False,False
5,64x1,experience_off,11,11,1,11,0,-0.3735029101371765,0.3963598906993866,0.2052774429321289,False,False,False
5,64x1,experience_off,12,12,1,12,0,-0.38823580741882324,0.45468443632125854,0.16431842744350433,False,False,False
5,64x1,experience_off,13,13,1,13,0,-0.38519561290740967,0.36060279607772827,0.20329348742961884,False,False,False
5,64x1,experience_off,14,14,1,14,0,-0.38949209451675415,0.12727224826812744,0.19720305502414703,False,False,False
5,64x1,experience_off,15,15,1,15,0,-0.38576021790504456,0.40160006284713745,0.1745990514755249,False,False,False
5,64x1,experience_off,16,16,1,16,0,-0.38956567645072937,0.12598463892936707,0.18985618650913239,False,False,False
5,64x1,experience_off,17,17,1,17,0,-0.38049155473709106,0.35086938738822937,0.16603732109069824,False,False,False
5,64x1,experience_off,18,18,1,18,0,-0.38616976141929626,0.268623411655426,0.1897587776184082,False,False,False
5,64x1,experience_off,19,19,1,19,0,-0.38417142629623413,0.2311290204524994,0.19729024171829224,False,False,False
5,64x1,experience_off,20,20,1,20,0,-0.3796129822731018,0.15332016348838806,0.1952327936887741,False,False,False
5,64x1,experience_off,21,21,1,21,0,-0.3767297863960266,0.12927107512950897,0.2558872103691101,False,False,False
5,64x1,experience_off,22,22,1,22,0,-0.38878390192985535,0.6912140250205994,0.2004488706588745,False,False,False
5,64x1,experience_off,23,23,1,23,0,-0.38802579045295715,0.22005516290664673,0.2107418328523636,False,False,False
5,64x1,experience_off,24,24,1,24,0,-0.38489753007888794,0.12807756662368774,0.21681176126003265,False,False,False
5,64x1,experience_off,25,25,1,25,0,-0.37326186895370483,0.3384140133857727,0.20640750229358673,False,False,False
5,64x1,experience_off,26,26,1,26,0,-0.39094603061676025,0.09345939755439758,0.19892899692058563,False,False,False
5,64x1,experience_off,27,27,1,27,0,-0.3847544193267822,0.25132879614830017,0.2506024241447449,False,False,False
5,64x1,experience_off,28,28,1,28,0,-0.380024790763855,0.09280923008918762,0.20716728270053864,False,False,False
5,64x1,experience_off,29,29,1,29,0,-0.37178730964660645,0.12311951816082001,0.2567227780818939,False,False,False
5,64x1,experience_off,30,30,1,30,0,-0.3886312246322632,0.2950131893157959,0.1806907206773758,False,False,False
5,64x1,experience_off,31,31,1,31,0,-0.3882905840873718,0.9082021713256836,0.18802288174629211,False,False,False
5,64x1,experience_off,32,32,1,32,0,-0.39204686880111694,0.19594857096672058,0.16125594079494476,False,False,False
5,64x1,experience_off,33,33,1,33,0,-0.39368537068367004,0.17628590762615204,0.177594393491745,False,False,False
5,64x1,experience_off,34,34,1,34,0,-0.3826519250869751,0.2237403690814972,0.2212839424610138,False,False,False
5,64x1,experience_off,35,35,1,35,0,-0.38996702432632446,0.19986581802368164,0.18772628903388977,False,False,False
5,64x1,experience_off,36,36,1,36,0,-0.37783461809158325,0.3192037343978882,0.24290385842323303,False,False,False
5,64x1,experience_off,37,37,1,37,0,-0.384930819272995,0.1595935821533203,0.1755208969116211,False,False,False
5,64x1,experience_off,38,38,1,38,0,-0.37322384119033813,0.23488450050354004,0.21371249854564667,False,False,False
5,64x1,experience_off,39,39,1,39,0,-0.37825918197631836,0.14251813292503357,0.20221580564975739,False,False,False
5,64x1,experience_off,40,40,1,40,0,-0.38359594345092773,0.21524856984615326,0.16937251389026642,False,False,False
5,64x1,experience_off,41,41,1,41,0,-0.37196698784828186,0.29774999618530273,0.19514627754688263,False,False,False
5,64x1,experience_off,42,42,1,42,0,-0.37581419944763184,0.3122362792491913,0.27256619930267334,False,False,False
5,64x1,experience_off,43,43,1,43,0,-0.39136838912963867,0.13130545616149902,0.19723521173000336,False,False,False
5,64x1,experience_off,44,44,1,44,0,-0.3737703263759613,0.264580100774765,0.18341289460659027,False,False,False
5,64x1,experience_off,45,45,1,45,0,-0.3861079812049866,0.8568195104598999,0.17213398218154907,False,False,False
5,64x1,experience_off,46,46,1,46,0,-0.38257119059562683,0.2645381987094879,0.16274528205394745,False,False,False
5,64x1,experience_off,47,47,1,47,0,-0.38696175813674927,0.28428199887275696,0.16191813349723816,False,False,False
5,64x1,experience_off,48,48,1,48,0,-0.37989601492881775,0.2057626098394394,0.24610652029514313,False,False,False
5,64x1,experience_off,49,49,1,49,0,-0.3818836510181427,1.7103980779647827,0.16711930930614471,False,False,False
5,64x1,experience_off,50,50,1,50,0,-0.38963425159454346,0.160832941532135,0.21538695693016052,False,False,False
5,64x1,experience_off,51,51,1,51,0,-0.3875395655632019,0.14496064186096191,0.2065076380968094,False,False,False
5,64x1,experience_off,52,52,1,52,0,-0.37126654386520386,1.265207052230835,0.1808411180973053,False,False,False
5,64x1,experience_off,53,53,1,53,0,-0.37813490629196167,0.5768201947212219,0.21436432003974915,False,False,False
5,64x1,experience_off,54,54,1,54,0,-0.39171773195266724,0.238277405500412,0.20291349291801453,False,False,False
5,64x1,experience_off,55,55,1,55,0,-0.3946479856967926,0.1705876588821411,0.18015891313552856,False,False,False
5,64x1,experience_off,56,56,1,56,0,-0.37793347239494324,0.3015793263912201,0.22172854840755463,False,False,False
5,64x1,experience_off,57,57,1,57,0,-0.38581007719039917,0.21992479264736176,0.15596157312393188,False,False,False
5,64x1,experience_off,58,58,1,58,0,-0.3760697543621063,0.08693330734968185,0.2365865260362625,False,False,False
5,64x1,experience_off,59,59,1,59,0,-0.3924984335899353,0.10473611205816269,0.16709718108177185,False,False,False
5,64x1,experience_off,60,60,1,60,0,-0.39301741123199463,0.07007119059562683,0.20851260423660278,False,False,False
5,64x1,experience_off,61,61,1,61,0,-0.3963049650192261,0.37226948142051697,0.1829901784658432,False,False,False
5,64x1,experience_off,62,62,1,62,0,-0.38948071002960205,0.2595387101173401,0.17696525156497955,False,False,False
5,64x1,experience_off,63,63,1,63,0,-0.3891514539718628,0.08411328494548798,0.18892139196395874,False,False,False
5,64x1,experience_off,64,64,1,64,0,-0.38731998205184937,0.047707587480545044,0.24073590338230133,False,False,False
5,32x2,experience_on,1,1,1,1,0,-0.3784884214401245,0.1630413681268692,0.15215949714183807,False,False,False
5,32x2,experience_on,2,2,1,2,0,-0.38411128520965576,0.301296591758728,0.18028689920902252,False,False,False
5,32x2,experience_on,3,3,1,3,0,-0.3839297592639923,0.41319963335990906,0.21077010035514832,False,False,False
5,32x2,experience_on,4,4,1,4,0,-0.3730316162109375,0.23855218291282654,0.21096549928188324,False,False,False
5,32x2,experience_on,5,5,1,5,0,-0.39026981592178345,0.16027182340621948,0.24273832142353058,False,False,False
5,32x2,experience_on,6,6,1,6,0,-0.39180535078048706,0.16492675244808197,0.1628706008195877,False,False,False
5,32x2,experience_on,7,7,1,7,0,-0.38720977306365967,0.33562514185905457,0.1764090359210968,False,False,False
5,32x2,experience_on,8,8,1,8,0,-0.39126479625701904,0.030468862503767014,0.24280942976474762,False,True,False
5,32x2,experience_on,9,9,1,9,0,-0.3976854383945465,0.06877189129590988,0.1784946173429489,True,False,False
5,32x2,experience_on,10,10,1,10,0,-0.37431421875953674,0.3086739480495453,0.16737066209316254,False,False,False
5,32x2,experience_on,11,11,1,11,0,-0.3735029399394989,0.3963608145713806,0.20527739822864532,False,False,False
5,32x2,experience_on,12,12,1,12,0,-0.3882356882095337,0.45468324422836304,0.16431838274002075,False,False,False
5,32x2,experience_on,13,13,1,13,0,-0.3851955533027649,0.3606031537055969,0.20329348742961884,False,False,False
5,32x2,experience_on,14,14,1,14,0,-0.389492005109787,0.1272723376750946,0.19720298051834106,False,False,False
5,32x2,experience_on,15,15,1,15,0,-0.38576018810272217,0.4016001224517822,0.1745990365743637,False,False,False
5,32x2,experience_on,16,16,1,16,0,-0.3895657956600189,0.1259847730398178,0.18985621631145477,False,False,False
5,32x2,experience_on,17,17,1,17,0,-0.3804915249347687,0.3508695065975189,0.16603732109069824,False,False,False
5,32x2,experience_on,18,18,1,18,0,-0.3861698806285858,0.2686232924461365,0.1897588074207306,False,False,False
5,32x2,experience_on,19,19,1,19,0,-0.3841715455055237,0.2311284840106964,0.19729021191596985,False,False,False
5,32x2,experience_on,20,20,1,20,0,-0.3796127140522003,0.15332068502902985,0.1952328383922577,False,False,False
5,32x2,experience_on,21,21,1,21,0,-0.3767299950122833,0.12927046418190002,0.2558872103691101,False,False,False
5,32x2,experience_on,22,22,1,22,0,-0.3887842297554016,0.6912144422531128,0.2004488855600357,False,False,False
5,32x2,experience_on,23,23,1,23,0,-0.38802582025527954,0.22005508840084076,0.21074187755584717,False,False,False
5,32x2,experience_on,24,24,1,24,0,-0.38489750027656555,0.12807747721672058,0.21681180596351624,False,False,False
5,32x2,experience_on,25,25,1,25,0,-0.3732614517211914,0.33841371536254883,0.20640750229358673,False,False,False
5,32x2,experience_on,26,26,1,26,0,-0.3909459412097931,0.09345926344394684,0.1989290416240692,False,False,False
5,32x2,experience_on,27,27,1,27,0,-0.3847543001174927,0.25132882595062256,0.25060245394706726,False,False,False
5,32x2,experience_on,28,28,1,28,0,-0.38002413511276245,0.09280940145254135,0.20716723799705505,False,False,False
5,32x2,experience_on,29,29,1,29,0,-0.37178725004196167,0.12311973422765732,0.25672289729118347,False,False,False
5,32x2,experience_on,30,30,1,30,0,-0.3886314034461975,0.2950129508972168,0.1806906908750534,False,False,False
5,32x2,experience_on,31,31,1,31,0,-0.3882907032966614,0.9082154035568237,0.1880228966474533,False,False,False
5,32x2,experience_on,32,32,1,32,0,-0.3920467495918274,0.19594810903072357,0.16125598549842834,False,False,False
5,32x2,experience_on,33,33,2,1,32,-0.39287620782852173,0.18126392364501953,0.17223559319972992,False,False,False
5,32x2,experience_on,34,34,2,2,32,-0.3800789713859558,0.2275582253932953,0.2138080596923828,False,False,False
5,32x2,experience_on,35,35,2,3,32,-0.3889685869216919,0.2010604441165924,0.18239767849445343,False,False,False
5,32x2,experience_on,36,36,2,4,32,-0.37800848484039307,0.3103351294994354,0.23647481203079224,False,False,False
5,32x2,experience_on,37,37,2,5,32,-0.38161954283714294,0.1619381457567215,0.16786324977874756,False,False,False
5,32x2,experience_on,38,38,2,6,32,-0.3729275166988373,0.22970156371593475,0.20727011561393738,False,False,False
5,32x2,experience_on,39,39,2,7,32,-0.3775296211242676,0.14529508352279663,0.20167647302150726,False,False,False
5,32x2,experience_on,40,40,2,8,32,-0.38204464316368103,0.22292201220989227,0.16626113653182983,False,False,False
5,32x2,experience_on,41,41,2,9,32,-0.37166357040405273,0.29322975873947144,0.18979552388191223,False,False,False
5,32x2,experience_on,42,42,2,10,32,-0.3757386803627014,0.297131210565567,0.27102911472320557,False,False,False
5,32x2,experience_on,43,43,2,11,32,-0.39117759466171265,0.12365274131298065,0.1929965317249298,False,False,False
5,32x2,experience_on,44,44,2,12,32,-0.37197789549827576,0.26355209946632385,0.17834624648094177,False,False,False
5,32x2,experience_on,45,45,2,13,32,-0.3843787908554077,0.9086117148399353,0.17028802633285522,False,False,False
5,32x2,experience_on,46,46,2,14,32,-0.381350576877594,0.26831695437431335,0.1589903086423874,False,False,False
5,32x2,experience_on,47,47,2,15,32,-0.3859155774116516,0.2817067801952362,0.1572711318731308,False,False,False
5,32x2,experience_on,48,48,2,16,32,-0.37881845235824585,0.21059289574623108,0.24026428163051605,False,False,False
5,32x2,experience_on,49,49,2,17,32,-0.3804274797439575,1.7096648216247559,0.16225621104240417,False,False,False
5,32x2,experience_on,50,50,2,18,32,-0.3900739550590515,0.15632639825344086,0.20847050845623016,False,False,False
5,32x2,experience_on,51,51,2,19,32,-0.3865543603897095,0.15009087324142456,0.19865891337394714,False,False,False
5,32x2,experience_on,52,52,2,20,32,-0.36907726526260376,1.2563292980194092,0.17585887014865875,False,False,False
5,32x2,experience_on,53,53,2,21,32,-0.37679171562194824,0.5748154520988464,0.2107362449169159,False,False,False
5,32x2,experience_on,54,54,2,22,32,-0.3909198045730591,0.24050948023796082,0.19813479483127594,False,False,False
5,32x2,experience_on,55,55,2,23,32,-0.3936029076576233,0.17241975665092468,0.17180375754833221,False,False,False
5,32x2,experience_on,56,56,2,24,32,-0.3778601884841919,0.3034133315086365,0.21427951753139496,False,False,False
5,32x2,experience_on,57,57,2,25,32,-0.38485944271087646,0.23100438714027405,0.15052619576454163,False,False,True
5,32x2,experience_on,58,58,2,26,32,-0.3736470937728882,0.0945112407207489,0.22862045466899872,False,False,False
5,32x2,experience_on,59,59,2,27,32,-0.3912431597709656,0.11079885065555573,0.1620859056711197,False,False,False
5,32x2,experience_on,60,60,2,28,32,-0.3930051922798157,0.08266888558864594,0.20283782482147217,False,False,False
5,32x2,experience_on,61,61,2,29,32,-0.39560550451278687,0.40828847885131836,0.1815710961818695,False,False,False
5,32x2,experience_on,62,62,2,30,32,-0.38903728127479553,0.25742408633232117,0.17276732623577118,False,False,False
5,32x2,experience_on,63,63,2,31,32,-0.38752084970474243,0.0815926119685173,0.17907731235027313,False,False,False
5,32x2,experience_on,64,64,2,32,32,-0.38710635900497437,0.0496516227722168,0.234547957777977,False,False,False
5,16x4,experience_on,1,1,1,1,0,-0.3784884810447693,0.16304133832454681,0.1521594524383545,False,False,False
5,16x4,experience_on,2,2,1,2,0,-0.3841111660003662,0.3012964725494385,0.18028701841831207,False,False,False
5,16x4,experience_on,3,3,1,3,0,-0.3839297890663147,0.41320133209228516,0.21077007055282593,False,False,False
5,16x4,experience_on,4,4,1,4,0,-0.37303149700164795,0.23855191469192505,0.21096546947956085,False,False,False
5,16x4,experience_on,5,5,1,5,0,-0.39026951789855957,0.16027185320854187,0.2427382916212082,False,False,False
5,16x4,experience_on,6,6,1,6,0,-0.3918052911758423,0.1649269461631775,0.1628706157207489,False,False,False
5,16x4,experience_on,7,7,1,7,0,-0.3872096538543701,0.33562469482421875,0.1764090657234192,False,False,False
5,16x4,experience_on,8,8,1,8,0,-0.3912648558616638,0.03046875074505806,0.2428094446659088,False,True,False
5,16x4,experience_on,9,9,1,9,0,-0.39768537878990173,0.0687718540430069,0.17849451303482056,True,False,False
5,16x4,experience_on,10,10,1,10,0,-0.3743142783641815,0.308674156665802,0.1673707365989685,False,False,False
5,16x4,experience_on,11,11,1,11,0,-0.37350285053253174,0.3963601291179657,0.2052774578332901,False,False,False
5,16x4,experience_on,12,12,1,12,0,-0.38823580741882324,0.4546864926815033,0.16431842744350433,False,False,False
5,16x4,experience_on,13,13,1,13,0,-0.38519567251205444,0.3606029152870178,0.2032935470342636,False,False,False
5,16x4,experience_on,14,14,1,14,0,-0.3894919753074646,0.12727218866348267,0.19720305502414703,False,False,False
5,16x4,experience_on,15,15,1,15,0,-0.3857601284980774,0.40160107612609863,0.1745990365743637,False,False,False
5,16x4,experience_on,16,16,1,16,0,-0.3895658254623413,0.12598487734794617,0.1898561418056488,False,False,False
5,16x4,experience_on,17,17,2,1,16,-0.3815043866634369,0.33871015906333923,0.16164344549179077,False,False,False
5,16x4,experience_on,18,18,2,2,16,-0.385479211807251,0.2782049775123596,0.18428362905979156,False,False,False
5,16x4,experience_on,19,19,2,3,16,-0.3818303346633911,0.22590582072734833,0.19364462792873383,False,False,False
5,16x4,experience_on,20,20,2,4,16,-0.37887197732925415,0.1531323492527008,0.19018271565437317,False,False,False
5,16x4,experience_on,21,21,2,5,16,-0.37543684244155884,0.14369730651378632,0.23975755274295807,False,False,False
5,16x4,experience_on,22,22,2,6,16,-0.3876771330833435,0.675959050655365,0.19551226496696472,False,False,False
5,16x4,experience_on,23,23,2,7,16,-0.3870388865470886,0.22147707641124725,0.20461882650852203,False,False,False
5,16x4,experience_on,24,24,2,8,16,-0.38255566358566284,0.13332879543304443,0.20922820270061493,False,False,False
5,16x4,experience_on,25,25,2,9,16,-0.3731519877910614,0.3336833417415619,0.20390407741069794,False,False,False
5,16x4,experience_on,26,26,2,10,16,-0.3899790346622467,0.09116421639919281,0.19224555790424347,False,False,False
5,16x4,experience_on,27,27,2,11,16,-0.38501840829849243,0.2481544464826584,0.2454025149345398,False,False,False
5,16x4,experience_on,28,28,2,12,16,-0.379581093788147,0.09090195596218109,0.2038317620754242,False,False,False
5,16x4,experience_on,29,29,2,13,16,-0.37036851048469543,0.11661046743392944,0.24482788145542145,False,False,False
5,16x4,experience_on,30,30,2,14,16,-0.3881976008415222,0.2880139946937561,0.17720076441764832,False,False,False
5,16x4,experience_on,31,31,2,15,16,-0.3867717385292053,1.1344393491744995,0.18010760843753815,False,False,False
5,16x4,experience_on,32,32,2,16,16,-0.39116960763931274,0.21168896555900574,0.15644574165344238,False,False,False
5,16x4,experience_on,33,33,3,1,32,-0.39289119839668274,0.18128171563148499,0.17223864793777466,False,False,False
5,16x4,experience_on,34,34,3,2,32,-0.3801104724407196,0.2275533378124237,0.21381671726703644,False,False,False
5,16x4,experience_on,35,35,3,3,32,-0.38898640871047974,0.20110830664634705,0.18240247666835785,False,False,False
5,16x4,experience_on,36,36,3,4,32,-0.37802013754844666,0.3104141056537628,0.23647746443748474,False,False,False
5,16x4,experience_on,37,37,3,5,32,-0.3816626965999603,0.16195210814476013,0.16788184642791748,False,False,False
5,16x4,experience_on,38,38,3,6,32,-0.37294358015060425,0.2297414243221283,0.20727472007274628,False,False,False
5,16x4,experience_on,39,39,3,7,32,-0.3775370121002197,0.14531612396240234,0.20166881382465363,False,False,False
5,16x4,experience_on,40,40,3,8,32,-0.3820601999759674,0.22291752696037292,0.1662648320198059,False,False,False
5,16x4,experience_on,41,41,3,9,32,-0.37167805433273315,0.2932838797569275,0.1897978037595749,False,False,False
5,16x4,experience_on,42,42,3,10,32,-0.37574508786201477,0.29716894030570984,0.2710166573524475,False,False,False
5,16x4,experience_on,43,43,3,11,32,-0.3911808133125305,0.12367220222949982,0.19299060106277466,False,False,False
5,16x4,experience_on,44,44,3,12,32,-0.37199825048446655,0.26358428597450256,0.17835284769535065,False,False,False
5,16x4,experience_on,45,45,3,13,32,-0.3844032883644104,0.9093066453933716,0.17028746008872986,False,False,False
5,16x4,experience_on,46,46,3,14,32,-0.38137781620025635,0.2683366537094116,0.15899452567100525,False,False,False
5,16x4,experience_on,47,47,3,15,32,-0.3859333395957947,0.2817310094833374,0.15727023780345917,False,False,False
5,16x4,experience_on,48,48,3,16,32,-0.37884360551834106,0.21058812737464905,0.24027526378631592,False,False,False
5,16x4,experience_on,49,49,4,1,48,-0.3804859519004822,1.7107641696929932,0.1622779220342636,False,False,False
5,16x4,experience_on,50,50,4,2,48,-0.39008858799934387,0.1564115583896637,0.2084638476371765,False,False,False
5,16x4,experience_on,51,51,4,3,48,-0.3866005539894104,0.15012425184249878,0.19869452714920044,False,False,False
5,16x4,experience_on,52,52,4,4,48,-0.36915552616119385,1.2632697820663452,0.17588812112808228,False,False,False
5,16x4,experience_on,53,53,4,5,48,-0.376869261264801,0.575314462184906,0.21070589125156403,False,False,False
5,16x4,experience_on,54,54,4,6,48,-0.3909567594528198,0.24078306555747986,0.19815650582313538,False,False,False
5,16x4,experience_on,55,55,4,7,48,-0.3936275839805603,0.1724371761083603,0.1718437522649765,False,False,False
5,16x4,experience_on,56,56,4,8,48,-0.3778895139694214,0.3035958707332611,0.21429099142551422,False,False,False
5,16x4,experience_on,57,57,4,9,48,-0.3849031925201416,0.23110604286193848,0.15055561065673828,False,False,True
5,16x4,experience_on,58,58,4,10,48,-0.373712956905365,0.09450675547122955,0.22864413261413574,False,False,False
5,16x4,experience_on,59,59,4,11,48,-0.39129912853240967,0.1108110174536705,0.16207969188690186,False,False,False
5,16x4,experience_on,60,60,4,12,48,-0.39302462339401245,0.08267661184072495,0.20285548269748688,False,False,False
5,16x4,experience_on,61,61,4,13,48,-0.39564430713653564,0.4088537096977234,0.18153682351112366,False,False,False
5,16x4,experience_on,62,62,4,14,48,-0.389069527387619,0.25750598311424255,0.17275165021419525,False,False,False
5,16x4,experience_on,63,63,4,15,48,-0.38755494356155396,0.08165214955806732,0.1791151762008667,False,False,False
5,16x4,experience_on,64,64,4,16,48,-0.38713932037353516,0.04967691749334335,0.234546959400177,False,False,False
5,8x8,experience_on,1,1,1,1,0,-0.3784889578819275,0.1630411595106125,0.15215948224067688,False,False,False
5,8x8,experience_on,2,2,1,2,0,-0.3841114044189453,0.3012963533401489,0.1802869439125061,False,False,False
5,8x8,experience_on,3,3,1,3,0,-0.38392993807792664,0.41319888830184937,0.21077020466327667,False,False,False
5,8x8,experience_on,4,4,1,4,0,-0.3730317950248718,0.23855197429656982,0.2109656035900116,False,False,False
5,8x8,experience_on,5,5,1,5,0,-0.39026960730552673,0.16027197241783142,0.2427382469177246,False,False,False
5,8x8,experience_on,6,6,1,6,0,-0.39180561900138855,0.1649261862039566,0.1628706306219101,False,False,False
5,8x8,experience_on,7,7,1,7,0,-0.38720959424972534,0.3356247842311859,0.17640914022922516,False,False,False
5,8x8,experience_on,8,8,1,8,0,-0.39126473665237427,0.03046869859099388,0.2428094446659088,False,True,False
5,8x8,experience_on,9,9,2,1,8,-0.3972952663898468,0.08164361119270325,0.17371292412281036,True,False,False
5,8x8,experience_on,10,10,2,2,8,-0.3733474314212799,0.31253987550735474,0.1655324101448059,False,False,False
5,8x8,experience_on,11,11,2,3,8,-0.37243229150772095,0.40256261825561523,0.2009764462709427,False,False,False
5,8x8,experience_on,12,12,2,4,8,-0.38823190331459045,0.4550662040710449,0.15901194512844086,False,False,False
5,8x8,experience_on,13,13,2,5,8,-0.38374051451683044,0.3448117971420288,0.2006908506155014,False,False,False
5,8x8,experience_on,14,14,2,6,8,-0.38831859827041626,0.13805074989795685,0.19350655376911163,False,False,False
5,8x8,experience_on,15,15,2,7,8,-0.38530629873275757,0.4227900505065918,0.17146801948547363,False,False,False
5,8x8,experience_on,16,16,2,8,8,-0.38908520340919495,0.12786608934402466,0.18481944501399994,False,False,False
5,8x8,experience_on,17,17,3,1,16,-0.3815012574195862,0.33888325095176697,0.16164681315422058,False,False,False
5,8x8,experience_on,18,18,3,2,16,-0.3854873776435852,0.27825233340263367,0.1842813491821289,False,False,False
5,8x8,experience_on,19,19,3,3,16,-0.38185447454452515,0.22592458128929138,0.19364775717258453,False,False,False
5,8x8,experience_on,20,20,3,4,16,-0.3788829445838928,0.15314826369285583,0.19018298387527466,False,False,False
5,8x8,experience_on,21,21,3,5,16,-0.37545496225357056,0.1437133252620697,0.23976784944534302,False,False,False
5,8x8,experience_on,22,22,3,6,16,-0.387690931558609,0.6763848066329956,0.19551001489162445,False,False,False
5,8x8,experience_on,23,23,3,7,16,-0.3870551288127899,0.221477672457695,0.20462462306022644,False,False,False
5,8x8,experience_on,24,24,3,8,16,-0.3825770914554596,0.1333385705947876,0.20922882854938507,False,False,False
5,8x8,experience_on,25,25,4,1,24,-0.3731617331504822,0.3335958421230316,0.2039705216884613,False,False,False
5,8x8,experience_on,26,26,4,2,24,-0.3899867832660675,0.0910714715719223,0.1923149824142456,False,False,False
5,8x8,experience_on,27,27,4,3,24,-0.3850274682044983,0.24810633063316345,0.24553534388542175,False,False,False
5,8x8,experience_on,28,28,4,4,24,-0.3795926570892334,0.09084874391555786,0.20391933619976044,False,False,False
5,8x8,experience_on,29,29,4,5,24,-0.3704048991203308,0.11661579459905624,0.24502061307430267,False,False,False
5,8x8,experience_on,30,30,4,6,24,-0.3881900906562805,0.2878461480140686,0.1772620677947998,False,False,False
5,8x8,experience_on,31,31,4,7,24,-0.38679105043411255,1.127589225769043,0.18019016087055206,False,False,False
5,8x8,experience_on,32,32,4,8,24,-0.39118099212646484,0.21126589179039001,0.1564975529909134,False,False,False
5,8x8,experience_on,33,33,5,1,32,-0.39289695024490356,0.18129074573516846,0.17224039137363434,False,False,False
5,8x8,experience_on,34,34,5,2,32,-0.38012418150901794,0.22755414247512817,0.21381990611553192,False,False,False
5,8x8,experience_on,35,35,5,3,32,-0.38899415731430054,0.20113115012645721,0.18240423500537872,False,False,False
5,8x8,experience_on,36,36,5,4,32,-0.3780254125595093,0.31045156717300415,0.23647594451904297,False,False,False
5,8x8,experience_on,37,37,5,5,32,-0.381680428981781,0.16195973753929138,0.16789039969444275,False,False,False
5,8x8,experience_on,38,38,5,6,32,-0.3729498088359833,0.22976213693618774,0.20727497339248657,False,False,False
5,8x8,experience_on,39,39,5,7,32,-0.37753957509994507,0.14532487094402313,0.20166367292404175,False,False,False
5,8x8,experience_on,40,40,5,8,32,-0.38206666707992554,0.2229173630475998,0.16626527905464172,False,False,False
5,8x8,experience_on,41,41,6,1,40,-0.37170717120170593,0.29343244433403015,0.18976449966430664,False,False,False
5,8x8,experience_on,42,42,6,2,40,-0.3757619857788086,0.29730477929115295,0.2709411084651947,False,False,False
5,8x8,experience_on,43,43,6,3,40,-0.3911886215209961,0.12376298755407333,0.1929422914981842,False,False,False
5,8x8,experience_on,44,44,6,4,40,-0.3720322847366333,0.26366090774536133,0.17833833396434784,False,False,False
5,8x8,experience_on,45,45,6,5,40,-0.3844389319419861,0.9120740294456482,0.17025813460350037,False,False,False
5,8x8,experience_on,46,46,6,6,40,-0.3814176917076111,0.2684836685657501,0.15898582339286804,False,False,False
5,8x8,experience_on,47,47,6,7,40,-0.38596588373184204,0.2818082571029663,0.15724147856235504,False,False,False
5,8x8,experience_on,48,48,6,8,40,-0.378881573677063,0.21061131358146667,0.24023328721523285,False,False,False
5,8x8,experience_on,49,49,7,1,48,-0.3804919421672821,1.7108439207077026,0.16227950155735016,False,False,False
5,8x8,experience_on,50,50,7,2,48,-0.3900899887084961,0.1564173698425293,0.20846281945705414,False,False,False
5,8x8,experience_on,51,51,7,3,48,-0.38660481572151184,0.15012678503990173,0.1986965835094452,False,False,False
5,8x8,experience_on,52,52,7,4,48,-0.36916273832321167,1.2637841701507568,0.17589034140110016,False,False,False
5,8x8,experience_on,53,53,7,5,48,-0.3768764138221741,0.5753549337387085,0.2107025533914566,False,False,False
5,8x8,experience_on,54,54,7,6,48,-0.3909601867198944,0.24080464243888855,0.1981579214334488,False,False,False
5,8x8,experience_on,55,55,7,7,48,-0.3936299979686737,0.1724379062652588,0.17184604704380035,False,False,False
5,8x8,experience_on,56,56,7,8,48,-0.37789246439933777,0.30360886454582214,0.21429118514060974,False,False,False
5,8x8,experience_on,57,57,8,1,56,-0.3849196434020996,0.2311830222606659,0.15054981410503387,False,False,True
5,8x8,experience_on,58,58,8,2,56,-0.3737304210662842,0.09452959150075912,0.22860972583293915,False,False,False
5,8x8,experience_on,59,59,8,3,56,-0.391313761472702,0.11084534972906113,0.16206121444702148,False,False,False
5,8x8,experience_on,60,60,8,4,56,-0.3930304944515228,0.08270587027072906,0.2028355747461319,False,False,False
5,8x8,experience_on,61,61,8,5,56,-0.3956536054611206,0.4093279242515564,0.1815081536769867,False,False,False
5,8x8,experience_on,62,62,8,6,56,-0.389077365398407,0.25756382942199707,0.17272911965847015,False,False,False
5,8x8,experience_on,63,63,8,7,56,-0.3875617980957031,0.08170843869447708,0.1791006475687027,False,False,False
5,8x8,experience_on,64,64,8,8,56,-0.3871467113494873,0.04969553276896477,0.2345101684331894,False,False,False
5,4x16,experience_on,1,1,1,1,0,-0.3784885108470917,0.16304120421409607,0.15215948224067688,False,False,False
5,4x16,experience_on,2,2,1,2,0,-0.38411128520965576,0.3012966513633728,0.1802869737148285,False,False,False
5,4x16,experience_on,3,3,1,3,0,-0.3839297890663147,0.4132004678249359,0.21077010035514832,False,False,False
5,4x16,experience_on,4,4,1,4,0,-0.3730316758155823,0.23855172097682953,0.2109655737876892,False,False,False
5,4x16,experience_on,5,5,2,1,4,-0.3894480764865875,0.17071008682250977,0.23657730221748352,False,False,False
5,4x16,experience_on,6,6,2,2,4,-0.3913063704967499,0.16532167792320251,0.15978947281837463,False,False,False
5,4x16,experience_on,7,7,2,3,4,-0.38745296001434326,0.3348258137702942,0.17249271273612976,False,False,False
5,4x16,experience_on,8,8,2,4,4,-0.39067304134368896,0.026999136433005333,0.22803334891796112,False,True,False
5,4x16,experience_on,9,9,3,1,8,-0.39730319380760193,0.08169078826904297,0.17370368540287018,True,False,False
5,4x16,experience_on,10,10,3,2,8,-0.3733506202697754,0.3126010000705719,0.165524423122406,False,False,False
5,4x16,experience_on,11,11,3,3,8,-0.3724514842033386,0.4026523530483246,0.2009725570678711,False,False,False
5,4x16,experience_on,12,12,3,4,8,-0.3882393538951874,0.45530039072036743,0.15900050103664398,False,False,False
5,4x16,experience_on,13,13,4,1,12,-0.38378798961639404,0.3454485535621643,0.20060008764266968,False,False,False
5,4x16,experience_on,14,14,4,2,12,-0.388361394405365,0.13810700178146362,0.19344794750213623,False,False,False
5,4x16,experience_on,15,15,4,3,12,-0.385328471660614,0.4234238564968109,0.17142358422279358,False,False,False
5,4x16,experience_on,16,16,4,4,12,-0.38910531997680664,0.12795940041542053,0.18479612469673157,False,False,False
5,4x16,experience_on,17,17,5,1,16,-0.3815017342567444,0.3389676809310913,0.16164395213127136,False,False,False
5,4x16,experience_on,18,18,5,2,16,-0.3854907751083374,0.27828705310821533,0.18427467346191406,False,False,False
5,4x16,experience_on,19,19,5,3,16,-0.38186192512512207,0.2259274572134018,0.19364510476589203,False,False,False
5,4x16,experience_on,20,20,5,4,16,-0.3788873553276062,0.1531553715467453,0.1901777982711792,False,False,False
5,4x16,experience_on,21,21,6,1,20,-0.3754565119743347,0.14354588091373444,0.2398972511291504,False,False,False
5,4x16,experience_on,22,22,6,2,20,-0.38769298791885376,0.6747381091117859,0.19555820524692535,False,False,False
5,4x16,experience_on,23,23,6,3,20,-0.38705962896347046,0.22141477465629578,0.2046961486339569,False,False,False
5,4x16,experience_on,24,24,6,4,20,-0.3825787901878357,0.13325047492980957,0.2093169391155243,False,False,False
5,4x16,experience_on,25,25,7,1,24,-0.37316519021987915,0.33361563086509705,0.20396672189235687,False,False,False
5,4x16,experience_on,26,26,7,2,24,-0.3899901509284973,0.0910765528678894,0.19231398403644562,False,False,False
5,4x16,experience_on,27,27,7,3,24,-0.38503047823905945,0.248112291097641,0.24552901089191437,False,False,False
5,4x16,experience_on,28,28,7,4,24,-0.3795941174030304,0.09085514396429062,0.20391573011875153,False,False,False
5,4x16,experience_on,29,29,8,1,28,-0.37041255831718445,0.11661641299724579,0.2451072633266449,False,False,False
5,4x16,experience_on,30,30,8,2,28,-0.3881930112838745,0.2877909243106842,0.17727969586849213,False,False,False
5,4x16,experience_on,31,31,8,3,28,-0.38679176568984985,1.12420654296875,0.18022701144218445,False,False,False
5,4x16,experience_on,32,32,8,4,28,-0.3911662697792053,0.2110259234905243,0.15652132034301758,False,False,False
5,4x16,experience_on,33,33,9,1,32,-0.39289915561676025,0.18130287528038025,0.17223821580410004,False,False,False
5,4x16,experience_on,34,34,9,2,32,-0.38012802600860596,0.22756008803844452,0.21381652355194092,False,False,False
5,4x16,experience_on,35,35,9,3,32,-0.3889971971511841,0.2011447548866272,0.18240174651145935,False,False,False
5,4x16,experience_on,36,36,9,4,32,-0.3780277967453003,0.31046903133392334,0.23647212982177734,False,False,False
5,4x16,experience_on,37,37,10,1,36,-0.381686806678772,0.1620093286037445,0.16786989569664001,False,False,False
5,4x16,experience_on,38,38,10,2,36,-0.3729538321495056,0.22983132302761078,0.2072356939315796,False,False,False
5,4x16,experience_on,39,39,10,3,36,-0.3775444030761719,0.14537569880485535,0.20163825154304504,False,False,False
5,4x16,experience_on,40,40,10,4,36,-0.3820734918117523,0.22298046946525574,0.1662435233592987,False,False,False
5,4x16,experience_on,41,41,11,1,40,-0.3717094659805298,0.2934413552284241,0.18976180255413055,False,False,False
5,4x16,experience_on,42,42,11,2,40,-0.3757631778717041,0.297307550907135,0.27093562483787537,False,False,False
5,4x16,experience_on,43,43,11,3,40,-0.3911893367767334,0.12376739084720612,0.19293875992298126,False,False,False
5,4x16,experience_on,44,44,11,4,40,-0.37203437089920044,0.263667494058609,0.1783369779586792,False,False,False
5,4x16,experience_on,45,45,12,1,44,-0.38445043563842773,0.9104456901550293,0.1702861487865448,False,False,False
5,4x16,experience_on,46,46,12,2,44,-0.3814246952533722,0.26835858821868896,0.1590106189250946,False,False,False
5,4x16,experience_on,47,47,12,3,44,-0.38596370816230774,0.2818095088005066,0.1572849452495575,False,False,False
5,4x16,experience_on,48,48,12,4,44,-0.37888604402542114,0.21056924760341644,0.24030102789402008,False,False,False
5,4x16,experience_on,49,49,13,1,48,-0.3804939091205597,1.7108924388885498,0.1622786670923233,False,False,False
5,4x16,experience_on,50,50,13,2,48,-0.3900908827781677,0.15641847252845764,0.2084599882364273,False,False,False
5,4x16,experience_on,51,51,13,3,48,-0.3866061568260193,0.15013134479522705,0.1986948549747467,False,False,False
5,4x16,experience_on,52,52,13,4,48,-0.3691655099391937,1.2640727758407593,0.17589016258716583,False,False,False
5,4x16,experience_on,53,53,14,1,52,-0.37689387798309326,0.5755365490913391,0.21067523956298828,False,False,False
5,4x16,experience_on,54,54,14,2,52,-0.39096882939338684,0.24088792502880096,0.19814814627170563,False,False,False
5,4x16,experience_on,55,55,14,3,52,-0.393637478351593,0.1724553108215332,0.17183618247509003,False,False,False
5,4x16,experience_on,56,56,14,4,52,-0.3779003620147705,0.30369532108306885,0.21427087485790253,False,False,False
5,4x16,experience_on,57,57,15,1,56,-0.3849213123321533,0.23119056224822998,0.15054886043071747,False,False,True
5,4x16,experience_on,58,58,15,2,56,-0.37373197078704834,0.0945327877998352,0.22860807180404663,False,False,False
5,4x16,experience_on,59,59,15,3,56,-0.3913155198097229,0.11084815114736557,0.16205890476703644,False,False,False
5,4x16,experience_on,60,60,15,4,56,-0.3930312693119049,0.08271179348230362,0.2028343677520752,False,False,False
5,4x16,experience_on,61,61,16,1,60,-0.3956544101238251,0.4095537066459656,0.1814969927072525,False,False,False
5,4x16,experience_on,62,62,16,2,60,-0.3890777826309204,0.2575814127922058,0.1727166473865509,False,False,False
5,4x16,experience_on,63,63,16,3,60,-0.3875613212585449,0.08172471821308136,0.17907854914665222,False,False,False
5,4x16,experience_on,64,64,16,4,60,-0.38714680075645447,0.04970373213291168,0.23448623716831207,False,False,False
6,64x1,experience_off,1,1,1,1,0,-0.31281498074531555,0.2885652780532837,0.3111128509044647,False,False,False
6,64x1,experience_off,2,2,1,2,0,-0.3098185658454895,0.16457125544548035,0.31075334548950195,False,False,False
6,64x1,experience_off,3,3,1,3,0,-0.30445194244384766,0.18881933391094208,0.29503172636032104,False,False,False
6,64x1,experience_off,4,4,1,4,0,-0.30181044340133667,0.08531723916530609,0.3044717609882355,False,False,False
6,64x1,experience_off,5,5,1,5,0,-0.2991048991680145,0.06537210196256638,0.30972087383270264,False,False,False
6,64x1,experience_off,6,6,1,6,0,-0.3103731870651245,0.012758704833686352,0.29977232217788696,False,False,False
6,64x1,experience_off,7,7,1,7,0,-0.3022961914539337,0.12412844598293304,0.3021981716156006,False,False,False
6,64x1,experience_off,8,8,1,8,0,-0.31408920884132385,0.11538323014974594,0.31349486112594604,False,False,False
6,64x1,experience_off,9,9,1,9,0,-0.3051031231880188,0.0766797736287117,0.3096148371696472,False,False,False
6,64x1,experience_off,10,10,1,10,0,-0.30109092593193054,0.16245487332344055,0.29563358426094055,False,False,False
6,64x1,experience_off,11,11,1,11,0,-0.31466400623321533,0.04804348945617676,0.2941471338272095,False,False,False
6,64x1,experience_off,12,12,1,12,0,-0.31423109769821167,0.2435908317565918,0.32753607630729675,False,False,False
6,64x1,experience_off,13,13,1,13,0,-0.3065283000469208,0.14732840657234192,0.3113512098789215,False,False,False
6,64x1,experience_off,14,14,1,14,0,-0.3132500648498535,0.3045384883880615,0.3101673722267151,False,False,False
6,64x1,experience_off,15,15,1,15,0,-0.3169167637825012,0.45630061626434326,0.30478155612945557,False,False,False
6,64x1,experience_off,16,16,1,16,0,-0.3153527081012726,0.14036408066749573,0.29037123918533325,False,False,False
6,64x1,experience_off,17,17,1,17,0,-0.3102532625198364,0.1520915925502777,0.2933354079723358,False,False,False
6,64x1,experience_off,18,18,1,18,0,-0.30825334787368774,0.06025378033518791,0.2887019217014313,False,False,False
6,64x1,experience_off,19,19,1,19,0,-0.32279354333877563,0.20409655570983887,0.31153950095176697,False,False,False
6,64x1,experience_off,20,20,1,20,0,-0.31938794255256653,0.2567150592803955,0.3065139651298523,False,False,False
6,64x1,experience_off,21,21,1,21,0,-0.30025219917297363,0.42572951316833496,0.3319436311721802,False,False,False
6,64x1,experience_off,22,22,1,22,0,-0.3167070746421814,0.6727197170257568,0.3271533250808716,False,False,False
6,64x1,experience_off,23,23,1,23,0,-0.3105017840862274,0.333798348903656,0.315629243850708,False,False,False
6,64x1,experience_off,24,24,1,24,0,-0.322963684797287,0.6611244082450867,0.32317396998405457,False,False,False
6,64x1,experience_off,25,25,1,25,0,-0.30858397483825684,0.38184913992881775,0.3049580752849579,False,False,False
6,64x1,experience_off,26,26,1,26,0,-0.29478901624679565,0.11295446008443832,0.29176318645477295,False,False,False
6,64x1,experience_off,27,27,1,27,0,-0.30381059646606445,0.16781482100486755,0.30919551849365234,False,False,False
6,64x1,experience_off,28,28,1,28,0,-0.3199119567871094,0.419353723526001,0.3143920302391052,False,False,False
6,64x1,experience_off,29,29,1,29,0,-0.3148401379585266,0.556182324886322,0.32447248697280884,False,False,False
6,64x1,experience_off,30,30,1,30,0,-0.31191328167915344,0.31025034189224243,0.29826876521110535,False,False,False
6,64x1,experience_off,31,31,1,31,0,-0.3151013255119324,0.04503723233938217,0.3091720938682556,False,False,False
6,64x1,experience_off,32,32,1,32,0,-0.3048531413078308,0.2150355577468872,0.31418147683143616,False,False,False
6,64x1,experience_off,33,33,1,33,0,-0.3034631609916687,0.27834415435791016,0.29596492648124695,False,False,False
6,64x1,experience_off,34,34,1,34,0,-0.3160897195339203,0.24932143092155457,0.3196578025817871,False,False,False
6,64x1,experience_off,35,35,1,35,0,-0.3073675036430359,0.24088585376739502,0.3200340270996094,False,False,False
6,64x1,experience_off,36,36,1,36,0,-0.30891719460487366,0.09307106584310532,0.30210599303245544,False,False,False
6,64x1,experience_off,37,37,1,37,0,-0.29831403493881226,0.09361423552036285,0.3050175905227661,False,False,False
6,64x1,experience_off,38,38,1,38,0,-0.2986392676830292,0.02049013413488865,0.3052229881286621,False,False,False
6,64x1,experience_off,39,39,1,39,0,-0.3180961012840271,0.1981641948223114,0.3229253590106964,False,False,False
6,64x1,experience_off,40,40,1,40,0,-0.3059301972389221,0.21485154330730438,0.3167007267475128,False,False,False
6,64x1,experience_off,41,41,1,41,0,-0.3000917434692383,0.5624216794967651,0.33855682611465454,False,False,False
6,64x1,experience_off,42,42,1,42,0,-0.3194817900657654,0.10554462671279907,0.312661737203598,False,False,False
6,64x1,experience_off,43,43,1,43,0,-0.3045368194580078,0.29317301511764526,0.3353807032108307,False,False,False
6,64x1,experience_off,44,44,1,44,0,-0.3128303289413452,0.41936248540878296,0.3242432773113251,False,False,False
6,64x1,experience_off,45,45,1,45,0,-0.3078225255012512,0.43707916140556335,0.31995704770088196,False,False,False
6,64x1,experience_off,46,46,1,46,0,-0.30867084860801697,0.3280891478061676,0.32722368836402893,False,False,False
6,64x1,experience_off,47,47,1,47,0,-0.3021518588066101,0.2791004180908203,0.2974245250225067,False,False,False
6,64x1,experience_off,48,48,1,48,0,-0.2962746024131775,0.23371492326259613,0.302142471075058,False,False,False
6,64x1,experience_off,49,49,1,49,0,-0.3168424367904663,0.4373176693916321,0.31090086698532104,False,False,False
6,64x1,experience_off,50,50,1,50,0,-0.32494300603866577,0.5061616897583008,0.32282721996307373,True,False,False
6,64x1,experience_off,51,51,1,51,0,-0.317160040140152,0.21927796304225922,0.3065679967403412,False,False,False
6,64x1,experience_off,52,52,1,52,0,-0.2992570996284485,0.2854239344596863,0.30029648542404175,False,False,False
6,64x1,experience_off,53,53,1,53,0,-0.31958523392677307,0.23152367770671844,0.3199911117553711,False,False,False
6,64x1,experience_off,54,54,1,54,0,-0.3001275658607483,0.48292073607444763,0.3273541331291199,False,False,False
6,64x1,experience_off,55,55,1,55,0,-0.30853575468063354,0.4008871912956238,0.31406351923942566,False,False,False
6,64x1,experience_off,56,56,1,56,0,-0.3117539882659912,0.3476638197898865,0.3100695013999939,False,False,False
6,64x1,experience_off,57,57,1,57,0,-0.30076777935028076,0.14185523986816406,0.29548734426498413,False,False,False
6,64x1,experience_off,58,58,1,58,0,-0.31588929891586304,0.3364299237728119,0.3217661678791046,False,False,False
6,64x1,experience_off,59,59,1,59,0,-0.31854909658432007,0.41017502546310425,0.32127508521080017,False,False,False
6,64x1,experience_off,60,60,1,60,0,-0.3213399052619934,0.39732855558395386,0.2970415949821472,False,False,False
6,64x1,experience_off,61,61,1,61,0,-0.3209691643714905,0.16494303941726685,0.32170364260673523,False,False,False
6,64x1,experience_off,62,62,1,62,0,-0.3131365180015564,0.06396332383155823,0.30062007904052734,False,False,False
6,64x1,experience_off,63,63,1,63,0,-0.3158831298351288,0.0062083713710308075,0.2933357059955597,False,True,False
6,64x1,experience_off,64,64,1,64,0,-0.3130171597003937,0.12874160706996918,0.2883039116859436,False,False,True
6,32x2,experience_on,1,1,1,1,0,-0.3128144145011902,0.2885650396347046,0.31111282110214233,False,False,False
6,32x2,experience_on,2,2,1,2,0,-0.3098185956478119,0.16457200050354004,0.3107534348964691,False,False,False
6,32x2,experience_on,3,3,1,3,0,-0.3044514060020447,0.1888200044631958,0.295031875371933,False,False,False
6,32x2,experience_on,4,4,1,4,0,-0.3018108904361725,0.08531787991523743,0.30447182059288025,False,False,False
6,32x2,experience_on,5,5,1,5,0,-0.29910415410995483,0.06537184119224548,0.3097209334373474,False,False,False
6,32x2,experience_on,6,6,1,6,0,-0.31037309765815735,0.012758585624396801,0.2997722625732422,False,False,False
6,32x2,experience_on,7,7,1,7,0,-0.30229663848876953,0.12412851303815842,0.30219823122024536,False,False,False
6,32x2,experience_on,8,8,1,8,0,-0.31408923864364624,0.1153845340013504,0.3134949505329132,False,False,False
6,32x2,experience_on,9,9,1,9,0,-0.30510303378105164,0.07667975127696991,0.30961477756500244,False,False,False
6,32x2,experience_on,10,10,1,10,0,-0.30109089612960815,0.16245482861995697,0.29563358426094055,False,False,False
6,32x2,experience_on,11,11,1,11,0,-0.31466352939605713,0.04804331064224243,0.2941471338272095,False,False,False
6,32x2,experience_on,12,12,1,12,0,-0.31423109769821167,0.24359211325645447,0.3275361955165863,False,False,False
6,32x2,experience_on,13,13,1,13,0,-0.3065279722213745,0.1473272293806076,0.3113512098789215,False,False,False
6,32x2,experience_on,14,14,1,14,0,-0.3132501542568207,0.30453965067863464,0.31016743183135986,False,False,False
6,32x2,experience_on,15,15,1,15,0,-0.31691667437553406,0.45630133152008057,0.30478164553642273,False,False,False
6,32x2,experience_on,16,16,1,16,0,-0.31535249948501587,0.140364408493042,0.29037126898765564,False,False,False
6,32x2,experience_on,17,17,1,17,0,-0.3102535009384155,0.1520894467830658,0.2933354377746582,False,False,False
6,32x2,experience_on,18,18,1,18,0,-0.30825313925743103,0.06025400757789612,0.28870201110839844,False,False,False
6,32x2,experience_on,19,19,1,19,0,-0.32279324531555176,0.20409683883190155,0.31153953075408936,False,False,False
6,32x2,experience_on,20,20,1,20,0,-0.31938791275024414,0.2567142844200134,0.3065139949321747,False,False,False
6,32x2,experience_on,21,21,1,21,0,-0.30025196075439453,0.4257296323776245,0.33194372057914734,False,False,False
6,32x2,experience_on,22,22,1,22,0,-0.31670713424682617,0.6727191805839539,0.3271532356739044,False,False,False
6,32x2,experience_on,23,23,1,23,0,-0.3105017840862274,0.3337964415550232,0.3156292140483856,False,False,False
6,32x2,experience_on,24,24,1,24,0,-0.3229638338088989,0.6611264944076538,0.32317405939102173,False,False,False
6,32x2,experience_on,25,25,1,25,0,-0.308584064245224,0.38185185194015503,0.30495819449424744,False,False,False
6,32x2,experience_on,26,26,1,26,0,-0.29478928446769714,0.11295323818922043,0.29176318645477295,False,False,False
6,32x2,experience_on,27,27,1,27,0,-0.3038100600242615,0.16781577467918396,0.3091956377029419,False,False,False
6,32x2,experience_on,28,28,1,28,0,-0.3199118375778198,0.4193556308746338,0.3143921196460724,False,False,False
6,32x2,experience_on,29,29,1,29,0,-0.314840167760849,0.5561835169792175,0.3244726359844208,False,False,False
6,32x2,experience_on,30,30,1,30,0,-0.3119135797023773,0.31024929881095886,0.29826870560646057,False,False,False
6,32x2,experience_on,31,31,1,31,0,-0.31510129570961,0.04503672569990158,0.3091720938682556,False,False,False
6,32x2,experience_on,32,32,1,32,0,-0.3048533797264099,0.21503672003746033,0.3141815960407257,False,False,False
6,32x2,experience_on,33,33,2,1,32,-0.3039761185646057,0.24608424305915833,0.29281798005104065,False,False,False
6,32x2,experience_on,34,34,2,2,32,-0.31591135263442993,0.21253244578838348,0.31567326188087463,False,False,False
6,32x2,experience_on,35,35,2,3,32,-0.3079201579093933,0.21433639526367188,0.3165320158004761,False,False,False
6,32x2,experience_on,36,36,2,4,32,-0.3091987669467926,0.07198888063430786,0.29896387457847595,False,False,False
6,32x2,experience_on,37,37,2,5,32,-0.2984929084777832,0.07239250838756561,0.3015248775482178,False,False,False
6,32x2,experience_on,38,38,2,6,32,-0.2987188696861267,0.01851244829595089,0.3024939000606537,False,False,False
6,32x2,experience_on,39,39,2,7,32,-0.317932665348053,0.16815337538719177,0.31945744156837463,False,False,False
6,32x2,experience_on,40,40,2,8,32,-0.3052564561367035,0.18213139474391937,0.31328338384628296,False,False,False
6,32x2,experience_on,41,41,2,9,32,-0.30003148317337036,0.518446683883667,0.33482787013053894,False,False,False
6,32x2,experience_on,42,42,2,10,32,-0.318931519985199,0.08398169279098511,0.31025537848472595,False,False,False
6,32x2,experience_on,43,43,2,11,32,-0.3050041198730469,0.25814229249954224,0.33157119154930115,False,False,False
6,32x2,experience_on,44,44,2,12,32,-0.3129723072052002,0.37196478247642517,0.3204094171524048,False,False,False
6,32x2,experience_on,45,45,2,13,32,-0.3079518675804138,0.4078142046928406,0.31683284044265747,False,False,False
6,32x2,experience_on,46,46,2,14,32,-0.30845531821250916,0.2940216362476349,0.3239988684654236,False,False,False
6,32x2,experience_on,47,47,2,15,32,-0.3023415207862854,0.24154064059257507,0.29427748918533325,False,False,False
6,32x2,experience_on,48,48,2,16,32,-0.2962653636932373,0.2069152593612671,0.2989004850387573,False,False,False
6,32x2,experience_on,49,49,2,17,32,-0.31633439660072327,0.4044496417045593,0.308075487613678,False,False,False
6,32x2,experience_on,50,50,2,18,32,-0.3247266113758087,0.46827492117881775,0.3189603090286255,True,False,False
6,32x2,experience_on,51,51,2,19,32,-0.3171786069869995,0.1930442899465561,0.3024034798145294,False,False,False
6,32x2,experience_on,52,52,2,20,32,-0.2992728352546692,0.2522709369659424,0.29728075861930847,False,False,False
6,32x2,experience_on,53,53,2,21,32,-0.3192318379878998,0.1997237652540207,0.31603381037712097,False,False,False
6,32x2,experience_on,54,54,2,22,32,-0.3007977604866028,0.4419190585613251,0.32351940870285034,False,False,False
6,32x2,experience_on,55,55,2,23,32,-0.30781251192092896,0.36784178018569946,0.3107943534851074,False,False,False
6,32x2,experience_on,56,56,2,24,32,-0.31220102310180664,0.32138293981552124,0.307208389043808,False,False,False
6,32x2,experience_on,57,57,2,25,32,-0.30082249641418457,0.11473684012889862,0.29258114099502563,False,False,False
6,32x2,experience_on,58,58,2,26,32,-0.31603100895881653,0.29565516114234924,0.31707143783569336,False,False,False
6,32x2,experience_on,59,59,2,27,32,-0.3182554244995117,0.37177371978759766,0.31758105754852295,False,False,False
6,32x2,experience_on,60,60,2,28,32,-0.32111310958862305,0.36248666048049927,0.2940508723258972,False,False,False
6,32x2,experience_on,61,61,2,29,32,-0.3217781186103821,0.13535551726818085,0.3185245096683502,False,False,False
6,32x2,experience_on,62,62,2,30,32,-0.3133731186389923,0.0446857325732708,0.2979658246040344,False,False,False
6,32x2,experience_on,63,63,2,31,32,-0.31616777181625366,0.004715660121291876,0.29110512137413025,False,True,False
6,32x2,experience_on,64,64,2,32,32,-0.3128768503665924,0.10491108894348145,0.2853773832321167,False,False,True
6,16x4,experience_on,1,1,1,1,0,-0.3128145933151245,0.28856584429740906,0.31111282110214233,False,False,False
6,16x4,experience_on,2,2,1,2,0,-0.3098185360431671,0.16457200050354004,0.31075337529182434,False,False,False
6,16x4,experience_on,3,3,1,3,0,-0.3044518232345581,0.18882164359092712,0.295031875371933,False,False,False
6,16x4,experience_on,4,4,1,4,0,-0.3018101453781128,0.08531707525253296,0.3044717013835907,False,False,False
6,16x4,experience_on,5,5,1,5,0,-0.2991043031215668,0.06537280976772308,0.3097210228443146,False,False,False
6,16x4,experience_on,6,6,1,6,0,-0.3103727698326111,0.012758585624396801,0.2997722625732422,False,False,False
6,16x4,experience_on,7,7,1,7,0,-0.3022961914539337,0.12413007020950317,0.3021983206272125,False,False,False
6,16x4,experience_on,8,8,1,8,0,-0.31408917903900146,0.11538436263799667,0.3134949505329132,False,False,False
6,16x4,experience_on,9,9,1,9,0,-0.30510246753692627,0.07667919993400574,0.30961477756500244,False,False,False
6,16x4,experience_on,10,10,1,10,0,-0.30109071731567383,0.1624523401260376,0.2956334948539734,False,False,False
6,16x4,experience_on,11,11,1,11,0,-0.3146637976169586,0.048042431473731995,0.2941470742225647,False,False,False
6,16x4,experience_on,12,12,1,12,0,-0.31423071026802063,0.24359183013439178,0.32753610610961914,False,False,False
6,16x4,experience_on,13,13,1,13,0,-0.3065277934074402,0.14732728898525238,0.3113512098789215,False,False,False
6,16x4,experience_on,14,14,1,14,0,-0.31325000524520874,0.3045397400856018,0.31016746163368225,False,False,False
6,16x4,experience_on,15,15,1,15,0,-0.3169163465499878,0.456298291683197,0.30478155612945557,False,False,False
6,16x4,experience_on,16,16,1,16,0,-0.3153529167175293,0.14036326110363007,0.29037123918533325,False,False,False
6,16x4,experience_on,17,17,2,1,16,-0.3100058138370514,0.1264735460281372,0.2906339466571808,False,False,False
6,16x4,experience_on,18,18,2,2,16,-0.3079937696456909,0.043151549994945526,0.2860727906227112,False,False,False
6,16x4,experience_on,19,19,2,3,16,-0.32203108072280884,0.17240726947784424,0.30860763788223267,False,False,False
6,16x4,experience_on,20,20,2,4,16,-0.31940755248069763,0.22200004756450653,0.3035207986831665,False,False,False
6,16x4,experience_on,21,21,2,5,16,-0.30006831884384155,0.3942948281764984,0.32934513688087463,False,False,False
6,16x4,experience_on,22,22,2,6,16,-0.3171862065792084,0.6302528381347656,0.32389166951179504,False,False,False
6,16x4,experience_on,23,23,2,7,16,-0.31187593936920166,0.2948869466781616,0.3123585283756256,False,False,False
6,16x4,experience_on,24,24,2,8,16,-0.3229691982269287,0.6180420517921448,0.31877103447914124,False,False,False
6,16x4,experience_on,25,25,2,9,16,-0.3085654079914093,0.34349536895751953,0.30165189504623413,False,False,False
6,16x4,experience_on,26,26,2,10,16,-0.2930482029914856,0.0914817601442337,0.2889719307422638,False,False,False
6,16x4,experience_on,27,27,2,11,16,-0.304304838180542,0.1381283849477768,0.3063710629940033,False,False,False
6,16x4,experience_on,28,28,2,12,16,-0.31954240798950195,0.3784261643886566,0.3100981116294861,False,False,False
6,16x4,experience_on,29,29,2,13,16,-0.31500327587127686,0.5153977870941162,0.32050439715385437,False,False,False
6,16x4,experience_on,30,30,2,14,16,-0.31208857893943787,0.2820250988006592,0.29564327001571655,False,False,False
6,16x4,experience_on,31,31,2,15,16,-0.31517326831817627,0.02858041599392891,0.30617496371269226,False,False,False
6,16x4,experience_on,32,32,2,16,16,-0.30505669116973877,0.18947535753250122,0.3107728660106659,False,False,False
6,16x4,experience_on,33,33,3,1,32,-0.30397528409957886,0.24611100554466248,0.2928195893764496,False,False,False
6,16x4,experience_on,34,34,3,2,32,-0.315912663936615,0.21255140006542206,0.3156745433807373,False,False,False
6,16x4,experience_on,35,35,3,3,32,-0.3079202175140381,0.2143489122390747,0.31653282046318054,False,False,False
6,16x4,experience_on,36,36,3,4,32,-0.30919981002807617,0.07199539244174957,0.298965185880661,False,False,False
6,16x4,experience_on,37,37,3,5,32,-0.29849302768707275,0.0724019780755043,0.30152568221092224,False,False,False
6,16x4,experience_on,38,38,3,6,32,-0.2987174093723297,0.018512753769755363,0.30249565839767456,False,False,False
6,16x4,experience_on,39,39,3,7,32,-0.3179328739643097,0.16817007958889008,0.3194587528705597,False,False,False
6,16x4,experience_on,40,40,3,8,32,-0.3052562475204468,0.1821502298116684,0.31328463554382324,False,False,False
6,16x4,experience_on,41,41,3,9,32,-0.30003052949905396,0.5184677243232727,0.33482927083969116,False,False,False
6,16x4,experience_on,42,42,3,10,32,-0.3189336955547333,0.08399412035942078,0.31025612354278564,False,False,False
6,16x4,experience_on,43,43,3,11,32,-0.30500534176826477,0.25815635919570923,0.33157312870025635,False,False,False
6,16x4,experience_on,44,44,3,12,32,-0.31297314167022705,0.37198707461357117,0.32041099667549133,False,False,False
6,16x4,experience_on,45,45,3,13,32,-0.307952880859375,0.4078376293182373,0.3168339729309082,False,False,False
6,16x4,experience_on,46,46,3,14,32,-0.3084544241428375,0.29403823614120483,0.3240000009536743,False,False,False
6,16x4,experience_on,47,47,3,15,32,-0.30233919620513916,0.24156174063682556,0.29427921772003174,False,False,False
6,16x4,experience_on,48,48,3,16,32,-0.2962651252746582,0.20693090558052063,0.2989019453525543,False,False,False
6,16x4,experience_on,49,49,4,1,48,-0.3163301944732666,0.4043775498867035,0.3080872595310211,False,False,False
6,16x4,experience_on,50,50,4,2,48,-0.32473593950271606,0.46827107667922974,0.31897836923599243,True,False,False
6,16x4,experience_on,51,51,4,3,48,-0.3171733617782593,0.19307419657707214,0.30243462324142456,False,False,False
6,16x4,experience_on,52,52,4,4,48,-0.29928624629974365,0.25218409299850464,0.2972910702228546,False,False,False
6,16x4,experience_on,53,53,4,5,48,-0.31925374269485474,0.19972974061965942,0.31606167554855347,False,False,False
6,16x4,experience_on,54,54,4,6,48,-0.3008086085319519,0.4418942928314209,0.32353606820106506,False,False,False
6,16x4,experience_on,55,55,4,7,48,-0.3078247308731079,0.3677515983581543,0.3108108341693878,False,False,False
6,16x4,experience_on,56,56,4,8,48,-0.31219202280044556,0.3212655782699585,0.3072277307510376,False,False,False
6,16x4,experience_on,57,57,4,9,48,-0.3008540868759155,0.1147187277674675,0.2925969660282135,False,False,False
6,16x4,experience_on,58,58,4,10,48,-0.31603503227233887,0.29569101333618164,0.317103773355484,False,False,False
6,16x4,experience_on,59,59,4,11,48,-0.3182601034641266,0.37173646688461304,0.31760266423225403,False,False,False
6,16x4,experience_on,60,60,4,12,48,-0.3211103081703186,0.3624621629714966,0.2940632104873657,False,False,False
6,16x4,experience_on,61,61,4,13,48,-0.32179683446884155,0.13532790541648865,0.3185397982597351,False,False,False
6,16x4,experience_on,62,62,4,14,48,-0.31336408853530884,0.04471883177757263,0.2979818880558014,False,False,False
6,16x4,experience_on,63,63,4,15,48,-0.31616663932800293,0.004714998882263899,0.2911192774772644,False,True,False
6,16x4,experience_on,64,64,4,16,48,-0.3128759264945984,0.10486656427383423,0.28539562225341797,False,False,True
6,8x8,experience_on,1,1,1,1,0,-0.3128144443035126,0.28856703639030457,0.3111128509044647,False,False,False
6,8x8,experience_on,2,2,1,2,0,-0.3098188042640686,0.16457313299179077,0.3107534945011139,False,False,False
6,8x8,experience_on,3,3,1,3,0,-0.30445170402526855,0.18881946802139282,0.295031875371933,False,False,False
6,8x8,experience_on,4,4,1,4,0,-0.30180996656417847,0.08531783521175385,0.3044717311859131,False,False,False
6,8x8,experience_on,5,5,1,5,0,-0.29910480976104736,0.06537303328514099,0.3097209334373474,False,False,False
6,8x8,experience_on,6,6,1,6,0,-0.3103731870651245,0.012758933007717133,0.2997722923755646,False,False,False
6,8x8,experience_on,7,7,1,7,0,-0.30229640007019043,0.12412872910499573,0.30219826102256775,False,False,False
6,8x8,experience_on,8,8,1,8,0,-0.3140888810157776,0.11538378894329071,0.3134949207305908,False,False,False
6,8x8,experience_on,9,9,2,1,8,-0.30482161045074463,0.055809613317251205,0.3066326081752777,False,False,False
6,8x8,experience_on,10,10,2,2,8,-0.3019959330558777,0.13714396953582764,0.2926596701145172,False,False,False
6,8x8,experience_on,11,11,2,3,8,-0.31496569514274597,0.036465227603912354,0.29159924387931824,False,False,False
6,8x8,experience_on,12,12,2,4,8,-0.31327754259109497,0.2106439769268036,0.32415205240249634,False,False,False
6,8x8,experience_on,13,13,2,5,8,-0.3067428469657898,0.12090152502059937,0.3088320195674896,False,False,False
6,8x8,experience_on,14,14,2,6,8,-0.3127782344818115,0.26578661799430847,0.306220680475235,False,False,False
6,8x8,experience_on,15,15,2,7,8,-0.3170692026615143,0.4203064441680908,0.30163055658340454,False,False,False
6,8x8,experience_on,16,16,2,8,8,-0.3146824538707733,0.12025049328804016,0.28750643134117126,False,False,False
6,8x8,experience_on,17,17,3,1,16,-0.3100058436393738,0.12646357715129852,0.29063284397125244,False,False,False
6,8x8,experience_on,18,18,3,2,16,-0.30799439549446106,0.043144963681697845,0.28607192635536194,False,False,False
6,8x8,experience_on,19,19,3,3,16,-0.3220323324203491,0.17239892482757568,0.3086063265800476,False,False,False
6,8x8,experience_on,20,20,3,4,16,-0.3194073438644409,0.22198644280433655,0.30351966619491577,False,False,False
6,8x8,experience_on,21,21,3,5,16,-0.3000679612159729,0.39428895711898804,0.3293445408344269,False,False,False
6,8x8,experience_on,22,22,3,6,16,-0.31718575954437256,0.6302471160888672,0.32388991117477417,False,False,False
6,8x8,experience_on,23,23,3,7,16,-0.311875581741333,0.29487159848213196,0.3123567998409271,False,False,False
6,8x8,experience_on,24,24,3,8,16,-0.32296842336654663,0.6180305480957031,0.3187691271305084,False,False,False
6,8x8,experience_on,25,25,4,1,24,-0.3085471987724304,0.34341174364089966,0.30162423849105835,False,False,False
6,8x8,experience_on,26,26,4,2,24,-0.29301726818084717,0.09150784462690353,0.28894713521003723,False,False,False
6,8x8,experience_on,27,27,4,3,24,-0.30429011583328247,0.13815271854400635,0.3063449263572693,False,False,False
6,8x8,experience_on,28,28,4,4,24,-0.31953519582748413,0.37829527258872986,0.3100535273551941,False,False,False
6,8x8,experience_on,29,29,4,5,24,-0.31498515605926514,0.5153408050537109,0.3204626739025116,False,False,False
6,8x8,experience_on,30,30,4,6,24,-0.3120752274990082,0.2820727229118347,0.2956134080886841,False,False,False
6,8x8,experience_on,31,31,4,7,24,-0.3151763677597046,0.02856365405023098,0.30614933371543884,False,False,False
6,8x8,experience_on,32,32,4,8,24,-0.30503571033477783,0.18947070837020874,0.3107387125492096,False,False,False
6,8x8,experience_on,33,33,5,1,32,-0.3039747476577759,0.24610736966133118,0.29281899333000183,False,False,False
6,8x8,experience_on,34,34,5,2,32,-0.3159123957157135,0.21254722774028778,0.315673828125,False,False,False
6,8x8,experience_on,35,35,5,3,32,-0.307919442653656,0.2143433392047882,0.31653156876564026,False,False,False
6,8x8,experience_on,36,36,5,4,32,-0.3091994822025299,0.07199244946241379,0.2989647090435028,False,False,False
6,8x8,experience_on,37,37,5,5,32,-0.29849177598953247,0.07239918410778046,0.30152490735054016,False,False,False
6,8x8,experience_on,38,38,5,6,32,-0.29871630668640137,0.018512681126594543,0.30249521136283875,False,False,False
6,8x8,experience_on,39,39,5,7,32,-0.3179328739643097,0.1681639403104782,0.3194579482078552,False,False,False
6,8x8,experience_on,40,40,5,8,32,-0.3052554428577423,0.18214601278305054,0.3132835626602173,False,False,False
6,8x8,experience_on,41,41,6,1,40,-0.3000304698944092,0.5184313058853149,0.33483803272247314,False,False,False
6,8x8,experience_on,42,42,6,2,40,-0.3189452886581421,0.0839821919798851,0.31026312708854675,False,False,False
6,8x8,experience_on,43,43,6,3,40,-0.3050156831741333,0.2580941915512085,0.33157920837402344,False,False,False
6,8x8,experience_on,44,44,6,4,40,-0.3129773736000061,0.3719751238822937,0.3204186260700226,False,False,False
6,8x8,experience_on,45,45,6,5,40,-0.30796098709106445,0.4077293872833252,0.31683939695358276,False,False,False
6,8x8,experience_on,46,46,6,6,40,-0.30845344066619873,0.293980211019516,0.32400694489479065,False,False,False
6,8x8,experience_on,47,47,6,7,40,-0.3023338317871094,0.24153375625610352,0.2942872643470764,False,False,False
6,8x8,experience_on,48,48,6,8,40,-0.2962613105773926,0.20687387883663177,0.29891058802604675,False,False,False
6,8x8,experience_on,49,49,7,1,48,-0.31633007526397705,0.404376357793808,0.308087021112442,False,False,False
6,8x8,experience_on,50,50,7,2,48,-0.3247360587120056,0.46826696395874023,0.3189779222011566,True,False,False
6,8x8,experience_on,51,51,7,3,48,-0.3171725273132324,0.19307288527488708,0.30243366956710815,False,False,False
6,8x8,experience_on,52,52,7,4,48,-0.2992851734161377,0.2521822154521942,0.2972908020019531,False,False,False
6,8x8,experience_on,53,53,7,5,48,-0.31925374269485474,0.1997261494398117,0.3160608112812042,False,False,False
6,8x8,experience_on,54,54,7,6,48,-0.3008079528808594,0.4418935775756836,0.32353562116622925,False,False,False
6,8x8,experience_on,55,55,7,7,48,-0.3078240752220154,0.3677513599395752,0.31081053614616394,False,False,False
6,8x8,experience_on,56,56,7,8,48,-0.3121910095214844,0.3212664723396301,0.30722755193710327,False,False,False
6,8x8,experience_on,57,57,8,1,56,-0.3008418083190918,0.11469292640686035,0.2925896942615509,False,False,False
6,8x8,experience_on,58,58,8,2,56,-0.3160337209701538,0.2956414222717285,0.3170943260192871,False,False,False
6,8x8,experience_on,59,59,8,3,56,-0.31825965642929077,0.3716754913330078,0.31759294867515564,False,False,False
6,8x8,experience_on,60,60,8,4,56,-0.3211124539375305,0.3624134659767151,0.2940576672554016,False,False,False
6,8x8,experience_on,61,61,8,5,56,-0.32178831100463867,0.135310098528862,0.3185306787490845,False,False,False
6,8x8,experience_on,62,62,8,6,56,-0.31336838006973267,0.0446944534778595,0.29797396063804626,False,False,False
6,8x8,experience_on,63,63,8,7,56,-0.3161678910255432,0.0047144219279289246,0.2911105751991272,False,True,False
6,8x8,experience_on,64,64,8,8,56,-0.312877357006073,0.10484302043914795,0.28538817167282104,False,False,True
6,4x16,experience_on,1,1,1,1,0,-0.31281474232673645,0.28856539726257324,0.31111276149749756,False,False,False
6,4x16,experience_on,2,2,1,2,0,-0.30981847643852234,0.1645728051662445,0.31075340509414673,False,False,False
6,4x16,experience_on,3,3,1,3,0,-0.3044514060020447,0.18881922960281372,0.29503172636032104,False,False,False
6,4x16,experience_on,4,4,1,4,0,-0.3018103539943695,0.08531785011291504,0.3044716715812683,False,False,False
6,4x16,experience_on,5,5,2,1,4,-0.30005669593811035,0.049223266541957855,0.30636876821517944,False,False,False
6,4x16,experience_on,6,6,2,2,4,-0.31085532903671265,0.009866181761026382,0.2963392436504364,False,False,False
6,4x16,experience_on,7,7,2,3,4,-0.30262482166290283,0.10462479293346405,0.2993164658546448,False,False,False
6,4x16,experience_on,8,8,2,4,4,-0.31410932540893555,0.08853645622730255,0.3098761737346649,False,False,False
6,4x16,experience_on,9,9,3,1,8,-0.3048120141029358,0.05578450858592987,0.30662551522254944,False,False,False
6,4x16,experience_on,10,10,3,2,8,-0.3019917905330658,0.1371288150548935,0.2926556169986725,False,False,False
6,4x16,experience_on,11,11,3,3,8,-0.31495535373687744,0.03644881397485733,0.29159343242645264,False,False,False
6,4x16,experience_on,12,12,3,4,8,-0.3132779002189636,0.21059399843215942,0.3241440951824188,False,False,False
6,4x16,experience_on,13,13,4,1,12,-0.3067300319671631,0.12091046571731567,0.3088151812553406,False,False,False
6,4x16,experience_on,14,14,4,2,12,-0.3127710521221161,0.26580286026000977,0.3061949610710144,False,False,False
6,4x16,experience_on,15,15,4,3,12,-0.3170531392097473,0.42035746574401855,0.3016183078289032,False,False,False
6,4x16,experience_on,16,16,4,4,12,-0.3146750032901764,0.12027780711650848,0.2874886095523834,False,False,False
6,4x16,experience_on,17,17,5,1,16,-0.3100021779537201,0.12643960118293762,0.29063013195991516,False,False,False
6,4x16,experience_on,18,18,5,2,16,-0.30799180269241333,0.04313095659017563,0.2860681712627411,False,False,False
6,4x16,experience_on,19,19,5,3,16,-0.322028785943985,0.1723766326904297,0.308602511882782,False,False,False
6,4x16,experience_on,20,20,5,4,16,-0.31940463185310364,0.22195279598236084,0.3035160303115845,False,False,False
6,4x16,experience_on,21,21,6,1,20,-0.30006131529808044,0.3941819369792938,0.3293198347091675,False,False,False
6,4x16,experience_on,22,22,6,2,20,-0.3171783685684204,0.630135178565979,0.32386183738708496,False,False,False
6,4x16,experience_on,23,23,6,3,20,-0.31185704469680786,0.2948090434074402,0.31233569979667664,False,False,False
6,4x16,experience_on,24,24,6,4,20,-0.32297199964523315,0.6179611682891846,0.3187411427497864,False,False,False
6,4x16,experience_on,25,25,7,1,24,-0.30854517221450806,0.3433862626552582,0.30162128806114197,False,False,False
6,4x16,experience_on,26,26,7,2,24,-0.2930147051811218,0.09149625152349472,0.2889447510242462,False,False,False
6,4x16,experience_on,27,27,7,3,24,-0.30428940057754517,0.1381402462720871,0.30634206533432007,False,False,False
6,4x16,experience_on,28,28,7,4,24,-0.3195348083972931,0.37826475501060486,0.31004980206489563,False,False,False
6,4x16,experience_on,29,29,8,1,28,-0.3149970471858978,0.5154940485954285,0.3204794228076935,False,False,False
6,4x16,experience_on,30,30,8,2,28,-0.3120880126953125,0.2821427583694458,0.2956290543079376,False,False,False
6,4x16,experience_on,31,31,8,3,28,-0.3151615262031555,0.02859579399228096,0.3061622083187103,False,False,False
6,4x16,experience_on,32,32,8,4,28,-0.3050377070903778,0.1895464062690735,0.3107544183731079,False,False,False
6,4x16,experience_on,33,33,9,1,32,-0.30397358536720276,0.2460937201976776,0.29281681776046753,False,False,False
6,4x16,experience_on,34,34,9,2,32,-0.3159106373786926,0.21253177523612976,0.31567153334617615,False,False,False
6,4x16,experience_on,35,35,9,3,32,-0.30791884660720825,0.21433526277542114,0.3165290057659149,False,False,False
6,4x16,experience_on,36,36,9,4,32,-0.30919820070266724,0.07198279350996017,0.29896295070648193,False,False,False
6,4x16,experience_on,37,37,10,1,36,-0.29849153757095337,0.07237572968006134,0.3015228509902954,False,False,False
6,4x16,experience_on,38,38,10,2,36,-0.29871687293052673,0.018511787056922913,0.302493155002594,False,False,False
6,4x16,experience_on,39,39,10,3,36,-0.3179323077201843,0.16812925040721893,0.3194553256034851,False,False,False
6,4x16,experience_on,40,40,10,4,36,-0.3052555322647095,0.182105153799057,0.31328096985816956,False,False,False
6,4x16,experience_on,41,41,11,1,40,-0.3000299632549286,0.5184183120727539,0.33483612537384033,False,False,False
6,4x16,experience_on,42,42,11,2,40,-0.31894373893737793,0.08397386968135834,0.31026148796081543,False,False,False
6,4x16,experience_on,43,43,11,3,40,-0.30501437187194824,0.2580845057964325,0.331577867269516,False,False,False
6,4x16,experience_on,44,44,11,4,40,-0.312976598739624,0.37196117639541626,0.3204171657562256,False,False,False
6,4x16,experience_on,45,45,12,1,44,-0.30795931816101074,0.40769827365875244,0.31683677434921265,False,False,False
6,4x16,experience_on,46,46,12,2,44,-0.308451384305954,0.29394155740737915,0.3240041136741638,False,False,False
6,4x16,experience_on,47,47,12,3,44,-0.30233192443847656,0.2415054440498352,0.2942858934402466,False,False,False
6,4x16,experience_on,48,48,12,4,44,-0.29625988006591797,0.20683801174163818,0.29890844225883484,False,False,False
6,4x16,experience_on,49,49,13,1,48,-0.3163297176361084,0.4043668508529663,0.3080858290195465,False,False,False
6,4x16,experience_on,50,50,13,2,48,-0.32473546266555786,0.4682583808898926,0.31897667050361633,True,False,False
6,4x16,experience_on,51,51,13,3,48,-0.3171730041503906,0.19306430220603943,0.30243197083473206,False,False,False
6,4x16,experience_on,52,52,13,4,48,-0.29928457736968994,0.2521747648715973,0.29728978872299194,False,False,False
6,4x16,experience_on,53,53,14,1,52,-0.319244921207428,0.19970932602882385,0.31605270504951477,False,False,False
6,4x16,experience_on,54,54,14,2,52,-0.3008028268814087,0.4418782591819763,0.3235296607017517,False,False,False
6,4x16,experience_on,55,55,14,3,52,-0.3078210949897766,0.3677555024623871,0.3108035922050476,False,False,False
6,4x16,experience_on,56,56,14,4,52,-0.31219327449798584,0.32125598192214966,0.3072206676006317,False,False,False
6,4x16,experience_on,57,57,15,1,56,-0.3008398413658142,0.11468590795993805,0.29258856177330017,False,False,False
6,4x16,experience_on,58,58,15,2,56,-0.3160329759120941,0.2956300675868988,0.3170929253101349,False,False,False
6,4x16,experience_on,59,59,15,3,56,-0.31825923919677734,0.3716679811477661,0.3175915777683258,False,False,False
6,4x16,experience_on,60,60,15,4,56,-0.32111209630966187,0.362404465675354,0.29405680298805237,False,False,False
6,4x16,experience_on,61,61,16,1,60,-0.3217831254005432,0.13532069325447083,0.31852591037750244,False,False,False
6,4x16,experience_on,62,62,16,2,60,-0.31336987018585205,0.04468504339456558,0.297969788312912,False,False,False
6,4x16,experience_on,63,63,16,3,60,-0.316167414188385,0.00471436558291316,0.29110628366470337,False,True,False
6,4x16,experience_on,64,64,16,4,60,-0.31287682056427,0.10485152900218964,0.28538355231285095,False,False,True
7,64x1,experience_off,1,1,1,1,0,-0.22731928527355194,1.5937303304672241,0.3571507930755615,False,False,False
7,64x1,experience_off,2,2,1,2,0,-0.228474423289299,1.609553337097168,0.3348470628261566,False,False,False
7,64x1,experience_off,3,3,1,3,0,-0.22145262360572815,1.8950068950653076,0.3227899968624115,False,False,False
7,64x1,experience_off,4,4,1,4,0,-0.22056083381175995,2.1205084323883057,0.3294442594051361,False,False,False
7,64x1,experience_off,5,5,1,5,0,-0.22351287305355072,2.09381103515625,0.33026206493377686,False,False,False
7,64x1,experience_off,6,6,1,6,0,-0.22913499176502228,1.8699835538864136,0.3415014445781708,False,False,False
7,64x1,experience_off,7,7,1,7,0,-0.2343580573797226,1.9723080396652222,0.3202623426914215,False,False,False
7,64x1,experience_off,8,8,1,8,0,-0.23746994137763977,2.1859731674194336,0.3451686501502991,False,False,False
7,64x1,experience_off,9,9,1,9,0,-0.2218061089515686,2.0785491466522217,0.3931531310081482,False,False,False
7,64x1,experience_off,10,10,1,10,0,-0.23114489018917084,1.698120355606079,0.3586108386516571,False,False,False
7,64x1,experience_off,11,11,1,11,0,-0.2352902889251709,1.2576093673706055,0.34027010202407837,False,False,False
7,64x1,experience_off,12,12,1,12,0,-0.21948161721229553,1.3185237646102905,0.39042776823043823,False,False,False
7,64x1,experience_off,13,13,1,13,0,-0.2301708608865738,1.9773366451263428,0.3233282268047333,False,False,False
7,64x1,experience_off,14,14,1,14,0,-0.2397320568561554,1.6444940567016602,0.38297080993652344,False,False,False
7,64x1,experience_off,15,15,1,15,0,-0.2304217368364334,1.0097053050994873,0.34025129675865173,False,True,False
7,64x1,experience_off,16,16,1,16,0,-0.2398734986782074,1.6964926719665527,0.35622259974479675,False,False,False
7,64x1,experience_off,17,17,1,17,0,-0.23700572550296783,2.061154365539551,0.3253486156463623,False,False,False
7,64x1,experience_off,18,18,1,18,0,-0.22763213515281677,1.2967829704284668,0.3247556984424591,False,False,False
7,64x1,experience_off,19,19,1,19,0,-0.24158376455307007,1.9050191640853882,0.3488563597202301,False,False,False
7,64x1,experience_off,20,20,1,20,0,-0.23108938336372375,2.1060378551483154,0.33543333411216736,False,False,False
7,64x1,experience_off,21,21,1,21,0,-0.2154250591993332,1.897035837173462,0.3413284122943878,False,False,False
7,64x1,experience_off,22,22,1,22,0,-0.2326604276895523,1.923590064048767,0.3445081114768982,False,False,False
7,64x1,experience_off,23,23,1,23,0,-0.22694475948810577,1.6797618865966797,0.32731956243515015,False,False,False
7,64x1,experience_off,24,24,1,24,0,-0.23902647197246552,1.7966575622558594,0.31982865929603577,False,False,False
7,64x1,experience_off,25,25,1,25,0,-0.22648385167121887,1.9349501132965088,0.3225342929363251,False,False,False
7,64x1,experience_off,26,26,1,26,0,-0.23302164673805237,2.1409287452697754,0.3323841094970703,False,False,False
7,64x1,experience_off,27,27,1,27,0,-0.23825210332870483,1.8933762311935425,0.29938259720802307,False,False,True
7,64x1,experience_off,28,28,1,28,0,-0.23274610936641693,1.8360408544540405,0.3167077600955963,False,False,False
7,64x1,experience_off,29,29,1,29,0,-0.2345503717660904,1.9423892498016357,0.3530767261981964,False,False,False
7,64x1,experience_off,30,30,1,30,0,-0.24343104660511017,1.910498023033142,0.32766783237457275,True,False,False
7,64x1,experience_off,31,31,1,31,0,-0.23558613657951355,1.904021978378296,0.2997016906738281,False,False,False
7,64x1,experience_off,32,32,1,32,0,-0.2263871282339096,1.9480648040771484,0.3190287947654724,False,False,False
7,64x1,experience_off,33,33,1,33,0,-0.23952163755893707,2.1412482261657715,0.33810797333717346,False,False,False
7,64x1,experience_off,34,34,1,34,0,-0.22403134405612946,2.046987533569336,0.3268261253833771,False,False,False
7,64x1,experience_off,35,35,1,35,0,-0.23355154693126678,1.5883519649505615,0.3337557911872864,False,False,False
7,64x1,experience_off,36,36,1,36,0,-0.23167136311531067,1.887115240097046,0.3607275187969208,False,False,False
7,64x1,experience_off,37,37,1,37,0,-0.2316257357597351,2.0174148082733154,0.32707449793815613,False,False,False
7,64x1,experience_off,38,38,1,38,0,-0.22897423803806305,1.8761613368988037,0.31102415919303894,False,False,False
7,64x1,experience_off,39,39,1,39,0,-0.23645363748073578,2.157097578048706,0.31739675998687744,False,False,False
7,64x1,experience_off,40,40,1,40,0,-0.23191557824611664,1.3379418849945068,0.3479756712913513,False,False,False
7,64x1,experience_off,41,41,1,41,0,-0.2428935319185257,2.1130714416503906,0.3263760805130005,False,False,False
7,64x1,experience_off,42,42,1,42,0,-0.23482383787631989,1.6555813550949097,0.3325653076171875,False,False,False
7,64x1,experience_off,43,43,1,43,0,-0.2303086370229721,2.122925281524658,0.31966981291770935,False,False,False
7,64x1,experience_off,44,44,1,44,0,-0.23992140591144562,1.9755051136016846,0.3356519639492035,False,False,False
7,64x1,experience_off,45,45,1,45,0,-0.2332906275987625,2.0414159297943115,0.30716007947921753,False,False,False
7,64x1,experience_off,46,46,1,46,0,-0.22444303333759308,2.049887180328369,0.3045381009578705,False,False,False
7,64x1,experience_off,47,47,1,47,0,-0.22933949530124664,1.8061541318893433,0.3239791691303253,False,False,False
7,64x1,experience_off,48,48,1,48,0,-0.22685281932353973,2.1241564750671387,0.3109564483165741,False,False,False
7,64x1,experience_off,49,49,1,49,0,-0.23628418147563934,2.0383553504943848,0.3027217388153076,False,False,False
7,64x1,experience_off,50,50,1,50,0,-0.23308710753917694,2.1491363048553467,0.36604928970336914,False,False,False
7,64x1,experience_off,51,51,1,51,0,-0.22481177747249603,1.5473768711090088,0.3694634437561035,False,False,False
7,64x1,experience_off,52,52,1,52,0,-0.2342895120382309,1.344520926475525,0.3534625172615051,False,False,False
7,64x1,experience_off,53,53,1,53,0,-0.23133783042430878,1.844854712486267,0.3372890055179596,False,False,False
7,64x1,experience_off,54,54,1,54,0,-0.23530937731266022,1.954385757446289,0.3282206654548645,False,False,False
7,64x1,experience_off,55,55,1,55,0,-0.24172469973564148,1.3170385360717773,0.3211382329463959,False,False,False
7,64x1,experience_off,56,56,1,56,0,-0.23302990198135376,2.0363566875457764,0.3446592688560486,False,False,False
7,64x1,experience_off,57,57,1,57,0,-0.2321244180202484,1.994396448135376,0.3330512046813965,False,False,False
7,64x1,experience_off,58,58,1,58,0,-0.2317100614309311,1.9365886449813843,0.3333631157875061,False,False,False
7,64x1,experience_off,59,59,1,59,0,-0.2279149740934372,2.1103057861328125,0.3284912705421448,False,False,False
7,64x1,experience_off,60,60,1,60,0,-0.22524432837963104,2.134921073913574,0.3212451934814453,False,False,False
7,64x1,experience_off,61,61,1,61,0,-0.23422500491142273,1.5331906080245972,0.34447798132896423,False,False,False
7,64x1,experience_off,62,62,1,62,0,-0.23719282448291779,2.0716636180877686,0.32584136724472046,False,False,False
7,64x1,experience_off,63,63,1,63,0,-0.23063305020332336,1.790663480758667,0.33405575156211853,False,False,False
7,64x1,experience_off,64,64,1,64,0,-0.23045630753040314,1.8717141151428223,0.3204396665096283,False,False,False
7,32x2,experience_on,1,1,1,1,0,-0.2273193895816803,1.5937316417694092,0.3571507930755615,False,False,False
7,32x2,experience_on,2,2,1,2,0,-0.22847439348697662,1.609554648399353,0.334847092628479,False,False,False
7,32x2,experience_on,3,3,1,3,0,-0.22145257890224457,1.8950080871582031,0.3227900564670563,False,False,False
7,32x2,experience_on,4,4,1,4,0,-0.22056087851524353,2.1205077171325684,0.32944411039352417,False,False,False
7,32x2,experience_on,5,5,1,5,0,-0.22351273894309998,2.0938103199005127,0.33026206493377686,False,False,False
7,32x2,experience_on,6,6,1,6,0,-0.22913523018360138,1.8699851036071777,0.3415016233921051,False,False,False
7,32x2,experience_on,7,7,1,7,0,-0.2343580573797226,1.9723055362701416,0.3202623426914215,False,False,False
7,32x2,experience_on,8,8,1,8,0,-0.23747006058692932,2.185973882675171,0.34516867995262146,False,False,False
7,32x2,experience_on,9,9,1,9,0,-0.22180646657943726,2.0785481929779053,0.3931531310081482,False,False,False
7,32x2,experience_on,10,10,1,10,0,-0.2311447262763977,1.6981223821640015,0.3586108982563019,False,False,False
7,32x2,experience_on,11,11,1,11,0,-0.23529048264026642,1.2576134204864502,0.34027016162872314,False,False,False
7,32x2,experience_on,12,12,1,12,0,-0.2194814532995224,1.3185256719589233,0.3904278874397278,False,False,False
7,32x2,experience_on,13,13,1,13,0,-0.23017080128192902,1.9773366451263428,0.32332828640937805,False,False,False
7,32x2,experience_on,14,14,1,14,0,-0.23973223567008972,1.6444934606552124,0.38297080993652344,False,False,False
7,32x2,experience_on,15,15,1,15,0,-0.2304217368364334,1.0097005367279053,0.34025126695632935,False,True,False
7,32x2,experience_on,16,16,1,16,0,-0.23987352848052979,1.696491003036499,0.3562224805355072,False,False,False
7,32x2,experience_on,17,17,1,17,0,-0.23700587451457977,2.0611541271209717,0.3253486454486847,False,False,False
7,32x2,experience_on,18,18,1,18,0,-0.2276323288679123,1.2967815399169922,0.32475581765174866,False,False,False
7,32x2,experience_on,19,19,1,19,0,-0.2415839284658432,1.9050190448760986,0.34885653853416443,False,False,False
7,32x2,experience_on,20,20,1,20,0,-0.23108957707881927,2.106037139892578,0.3354332745075226,False,False,False
7,32x2,experience_on,21,21,1,21,0,-0.2154250591993332,1.8970332145690918,0.34132832288742065,False,False,False
7,32x2,experience_on,22,22,1,22,0,-0.23266038298606873,1.9235891103744507,0.3445080816745758,False,False,False
7,32x2,experience_on,23,23,1,23,0,-0.22694498300552368,1.6797609329223633,0.32731953263282776,False,False,False
7,32x2,experience_on,24,24,1,24,0,-0.23902612924575806,1.7966575622558594,0.3198286294937134,False,False,False
7,32x2,experience_on,25,25,1,25,0,-0.22648392617702484,1.9349501132965088,0.3225342929363251,False,False,False
7,32x2,experience_on,26,26,1,26,0,-0.23302172124385834,2.1409292221069336,0.33238399028778076,False,False,False
7,32x2,experience_on,27,27,1,27,0,-0.238252192735672,1.8933757543563843,0.2993825376033783,False,False,True
7,32x2,experience_on,28,28,1,28,0,-0.2327462136745453,1.8360393047332764,0.3167077898979187,False,False,False
7,32x2,experience_on,29,29,1,29,0,-0.23455025255680084,1.942389965057373,0.3530767858028412,False,False,False
7,32x2,experience_on,30,30,1,30,0,-0.24343113601207733,1.9104994535446167,0.3276679217815399,True,False,False
7,32x2,experience_on,31,31,1,31,0,-0.23558609187602997,1.9040212631225586,0.29970163106918335,False,False,False
7,32x2,experience_on,32,32,1,32,0,-0.22638721764087677,1.9480631351470947,0.3190287947654724,False,False,False
7,32x2,experience_on,33,33,2,1,32,-0.2395927757024765,2.1479687690734863,0.3384179472923279,False,False,False
7,32x2,experience_on,34,34,2,2,32,-0.22112439572811127,2.020551919937134,0.3275807797908783,False,False,False
7,32x2,experience_on,35,35,2,3,32,-0.23204395174980164,1.524564504623413,0.3342793881893158,False,False,False
7,32x2,experience_on,36,36,2,4,32,-0.23068605363368988,1.849644422531128,0.3602067530155182,False,False,False
7,32x2,experience_on,37,37,2,5,32,-0.23036588728427887,1.9842028617858887,0.3278576731681824,False,False,False
7,32x2,experience_on,38,38,2,6,32,-0.22749318182468414,1.84445321559906,0.310560017824173,False,False,False
7,32x2,experience_on,39,39,2,7,32,-0.23693983256816864,2.1591439247131348,0.3156031370162964,False,False,False
7,32x2,experience_on,40,40,2,8,32,-0.23219215869903564,1.2951935529708862,0.34775370359420776,False,False,False
7,32x2,experience_on,41,41,2,9,32,-0.2422037273645401,2.125652313232422,0.3261619508266449,False,False,False
7,32x2,experience_on,42,42,2,10,32,-0.23360688984394073,1.621474027633667,0.33230993151664734,False,False,False
7,32x2,experience_on,43,43,2,11,32,-0.23142339289188385,2.110095500946045,0.3195967972278595,False,False,False
7,32x2,experience_on,44,44,2,12,32,-0.2395959198474884,1.9478871822357178,0.3356877863407135,False,False,False
7,32x2,experience_on,45,45,2,13,32,-0.23228169977664948,2.0111496448516846,0.30561307072639465,False,False,False
7,32x2,experience_on,46,46,2,14,32,-0.22358456254005432,2.029917001724243,0.30431893467903137,False,False,False
7,32x2,experience_on,47,47,2,15,32,-0.22866620123386383,1.7586336135864258,0.32274821400642395,False,False,False
7,32x2,experience_on,48,48,2,16,32,-0.226449117064476,2.125591278076172,0.3114120364189148,False,False,False
7,32x2,experience_on,49,49,2,17,32,-0.23376616835594177,1.99613356590271,0.3011224567890167,False,False,False
7,32x2,experience_on,50,50,2,18,32,-0.23315973579883575,2.155928611755371,0.3638741075992584,False,False,False
7,32x2,experience_on,51,51,2,19,32,-0.2232731282711029,1.4831784963607788,0.36836400628089905,False,False,False
7,32x2,experience_on,52,52,2,20,32,-0.23430636525154114,1.2629318237304688,0.352151095867157,False,False,False
7,32x2,experience_on,53,53,2,21,32,-0.23114190995693207,1.8105638027191162,0.33680015802383423,False,False,False
7,32x2,experience_on,54,54,2,22,32,-0.2364051789045334,1.920496940612793,0.32858794927597046,False,False,False
7,32x2,experience_on,55,55,2,23,32,-0.24148647487163544,1.2390351295471191,0.3205122947692871,False,False,False
7,32x2,experience_on,56,56,2,24,32,-0.23258547484874725,2.0035295486450195,0.34480851888656616,False,False,False
7,32x2,experience_on,57,57,2,25,32,-0.23072054982185364,1.963153600692749,0.33347973227500916,False,False,False
7,32x2,experience_on,58,58,2,26,32,-0.22974586486816406,1.8861868381500244,0.3335379660129547,False,False,False
7,32x2,experience_on,59,59,2,27,32,-0.22580140829086304,2.08505916595459,0.3285602033138275,False,False,False
7,32x2,experience_on,60,60,2,28,32,-0.22498902678489685,2.136234760284424,0.3185569941997528,False,False,False
7,32x2,experience_on,61,61,2,29,32,-0.2338290959596634,1.465825080871582,0.34462103247642517,False,False,False
7,32x2,experience_on,62,62,2,30,32,-0.23516495525836945,2.047452449798584,0.3258480429649353,False,False,False
7,32x2,experience_on,63,63,2,31,32,-0.22876068949699402,1.74374520778656,0.3339298665523529,False,False,False
7,32x2,experience_on,64,64,2,32,32,-0.22998549044132233,1.8278234004974365,0.3192952573299408,False,False,False
7,16x4,experience_on,1,1,1,1,0,-0.22731928527355194,1.593727469444275,0.35715076327323914,False,False,False
7,16x4,experience_on,2,2,1,2,0,-0.2284744381904602,1.6095527410507202,0.33484703302383423,False,False,False
7,16x4,experience_on,3,3,1,3,0,-0.22145240008831024,1.895007848739624,0.3227900564670563,False,False,False
7,16x4,experience_on,4,4,1,4,0,-0.2205609530210495,2.1205086708068848,0.3294442594051361,False,False,False
7,16x4,experience_on,5,5,1,5,0,-0.22351250052452087,2.093811273574829,0.33026212453842163,False,False,False
7,16x4,experience_on,6,6,1,6,0,-0.22913555800914764,1.8699840307235718,0.34150153398513794,False,False,False
7,16x4,experience_on,7,7,1,7,0,-0.23435798287391663,1.9723056554794312,0.32026228308677673,False,False,False
7,16x4,experience_on,8,8,1,8,0,-0.23746995627880096,2.185973644256592,0.3451685905456543,False,False,False
7,16x4,experience_on,9,9,1,9,0,-0.22180676460266113,2.078547954559326,0.3931531310081482,False,False,False
7,16x4,experience_on,10,10,1,10,0,-0.2311449944972992,1.6981210708618164,0.3586108982563019,False,False,False
7,16x4,experience_on,11,11,1,11,0,-0.23529033362865448,1.25761079788208,0.340270072221756,False,False,False
7,16x4,experience_on,12,12,1,12,0,-0.2194811999797821,1.3185243606567383,0.39042773842811584,False,False,False
7,16x4,experience_on,13,13,1,13,0,-0.230171337723732,1.9773359298706055,0.3233282268047333,False,False,False
7,16x4,experience_on,14,14,1,14,0,-0.23973220586776733,1.644492506980896,0.3829706609249115,False,False,False
7,16x4,experience_on,15,15,1,15,0,-0.2304217368364334,1.0096999406814575,0.3402511477470398,False,True,False
7,16x4,experience_on,16,16,1,16,0,-0.23987309634685516,1.6964906454086304,0.35622259974479675,False,False,False
7,16x4,experience_on,17,17,2,1,16,-0.23593612015247345,2.037107229232788,0.3257284462451935,False,False,False
7,16x4,experience_on,18,18,2,2,16,-0.22809186577796936,1.2421668767929077,0.3233785033226013,False,False,False
7,16x4,experience_on,19,19,2,3,16,-0.24140064418315887,1.8595350980758667,0.34702643752098083,False,False,False
7,16x4,experience_on,20,20,2,4,16,-0.2317068725824356,2.077150583267212,0.33468756079673767,False,False,False
7,16x4,experience_on,21,21,2,5,16,-0.21517644822597504,1.847243309020996,0.3411824405193329,False,False,False
7,16x4,experience_on,22,22,2,6,16,-0.23251165449619293,1.8830840587615967,0.34386152029037476,False,False,False
7,16x4,experience_on,23,23,2,7,16,-0.22684694826602936,1.6200270652770996,0.32707253098487854,False,False,False
7,16x4,experience_on,24,24,2,8,16,-0.2385500818490982,1.754878044128418,0.3199366331100464,False,False,False
7,16x4,experience_on,25,25,2,9,16,-0.2252926081418991,1.8938853740692139,0.3220682442188263,False,False,False
7,16x4,experience_on,26,26,2,10,16,-0.23161821067333221,2.143306255340576,0.3305957615375519,False,False,False
7,16x4,experience_on,27,27,2,11,16,-0.23707787692546844,1.8599295616149902,0.2995093762874603,False,False,True
7,16x4,experience_on,28,28,2,12,16,-0.23286835849285126,1.7992641925811768,0.3160039484500885,False,False,False
7,16x4,experience_on,29,29,2,13,16,-0.23327292501926422,1.9029853343963623,0.3512117564678192,False,False,False
7,16x4,experience_on,30,30,2,14,16,-0.24346207082271576,1.8786044120788574,0.3281032145023346,True,False,False
7,16x4,experience_on,31,31,2,15,16,-0.23658515512943268,1.8644371032714844,0.30084770917892456,False,False,False
7,16x4,experience_on,32,32,2,16,16,-0.226688414812088,1.9058799743652344,0.3189699351787567,False,False,False
7,16x4,experience_on,33,33,3,1,32,-0.2395898997783661,2.1479454040527344,0.33841603994369507,False,False,False
7,16x4,experience_on,34,34,3,2,32,-0.2211170494556427,2.020660400390625,0.3275775909423828,False,False,False
7,16x4,experience_on,35,35,3,3,32,-0.232038214802742,1.5246963500976562,0.33426669239997864,False,False,False
7,16x4,experience_on,36,36,3,4,32,-0.23067612946033478,1.849743127822876,0.3601992726325989,False,False,False
7,16x4,experience_on,37,37,3,5,32,-0.23036076128482819,1.9843333959579468,0.3278587758541107,False,False,False
7,16x4,experience_on,38,38,3,6,32,-0.22748544812202454,1.8445576429367065,0.3105583190917969,False,False,False
7,16x4,experience_on,39,39,3,7,32,-0.23693861067295074,2.159134864807129,0.3156026303768158,False,False,False
7,16x4,experience_on,40,40,3,8,32,-0.2321893870830536,1.2953380346298218,0.3477516770362854,False,False,False
7,16x4,experience_on,41,41,3,9,32,-0.24219995737075806,2.125614881515503,0.32616400718688965,False,False,False
7,16x4,experience_on,42,42,3,10,32,-0.23359821736812592,1.62163245677948,0.3322998881340027,False,False,False
7,16x4,experience_on,43,43,3,11,32,-0.23142217099666595,2.110142230987549,0.3195898234844208,False,False,False
7,16x4,experience_on,44,44,3,12,32,-0.23959395289421082,1.947988510131836,0.33568060398101807,False,False,False
7,16x4,experience_on,45,45,3,13,32,-0.23227667808532715,2.0112311840057373,0.3056145906448364,False,False,False
7,16x4,experience_on,46,46,3,14,32,-0.2235819697380066,2.0299582481384277,0.30431652069091797,False,False,False
7,16x4,experience_on,47,47,3,15,32,-0.22866173088550568,1.7587928771972656,0.32274144887924194,False,False,False
7,16x4,experience_on,48,48,3,16,32,-0.2264428585767746,2.125582695007324,0.3114159107208252,False,False,False
7,16x4,experience_on,49,49,4,1,48,-0.23375365138053894,1.9962728023529053,0.3011185824871063,False,False,False
7,16x4,experience_on,50,50,4,2,48,-0.23315207660198212,2.1558663845062256,0.36386939883232117,False,False,False
7,16x4,experience_on,51,51,4,3,48,-0.22325874865055084,1.4834789037704468,0.36835432052612305,False,False,False
7,16x4,experience_on,52,52,4,4,48,-0.23429693281650543,1.2633334398269653,0.3521437644958496,False,False,False
7,16x4,experience_on,53,53,4,5,48,-0.23113663494586945,1.8106168508529663,0.3367852568626404,False,False,False
7,16x4,experience_on,54,54,4,6,48,-0.23639549314975739,1.9206780195236206,0.32857921719551086,False,False,False
7,16x4,experience_on,55,55,4,7,48,-0.24147506058216095,1.23935866355896,0.3205091059207916,False,False,False
7,16x4,experience_on,56,56,4,8,48,-0.23257452249526978,2.003648281097412,0.3448032736778259,False,False,False
7,16x4,experience_on,57,57,4,9,48,-0.23070760071277618,1.96329665184021,0.3334836959838867,False,False,False
7,16x4,experience_on,58,58,4,10,48,-0.22973404824733734,1.8863732814788818,0.3335370123386383,False,False,False
7,16x4,experience_on,59,59,4,11,48,-0.22578097879886627,2.0851941108703613,0.3285667300224304,False,False,False
7,16x4,experience_on,60,60,4,12,48,-0.22498562932014465,2.1362438201904297,0.31856203079223633,False,False,False
7,16x4,experience_on,61,61,4,13,48,-0.23382355272769928,1.4661082029342651,0.3446129560470581,False,False,False
7,16x4,experience_on,62,62,4,14,48,-0.23515087366104126,2.047532081604004,0.3258475661277771,False,False,False
7,16x4,experience_on,63,63,4,15,48,-0.2287495732307434,1.743927240371704,0.33392640948295593,False,False,False
7,16x4,experience_on,64,64,4,16,48,-0.2299661785364151,1.827758550643921,0.31929686665534973,False,False,False
7,8x8,experience_on,1,1,1,1,0,-0.22731922566890717,1.5937331914901733,0.35715070366859436,False,False,False
7,8x8,experience_on,2,2,1,2,0,-0.22847437858581543,1.6095514297485352,0.33484703302383423,False,False,False
7,8x8,experience_on,3,3,1,3,0,-0.22145222127437592,1.8950071334838867,0.3227900564670563,False,False,False
7,8x8,experience_on,4,4,1,4,0,-0.22056056559085846,2.1205081939697266,0.32944419980049133,False,False,False
7,8x8,experience_on,5,5,1,5,0,-0.22351278364658356,2.093810558319092,0.33026203513145447,False,False,False
7,8x8,experience_on,6,6,1,6,0,-0.22913503646850586,1.869983196258545,0.3415014445781708,False,False,False
7,8x8,experience_on,7,7,1,7,0,-0.23435772955417633,1.9723060131072998,0.32026228308677673,False,False,False
7,8x8,experience_on,8,8,1,8,0,-0.2374701350927353,2.185973644256592,0.3451685905456543,False,False,False
7,8x8,experience_on,9,9,2,1,8,-0.21997475624084473,2.0468063354492188,0.3933984339237213,False,False,False
7,8x8,experience_on,10,10,2,2,8,-0.23098988831043243,1.6358096599578857,0.3571610450744629,False,False,False
7,8x8,experience_on,11,11,2,3,8,-0.23598840832710266,1.1802520751953125,0.34012240171432495,False,False,False
7,8x8,experience_on,12,12,2,4,8,-0.2211160808801651,1.2692646980285645,0.3887312114238739,False,False,False
7,8x8,experience_on,13,13,2,5,8,-0.22979189455509186,1.9450035095214844,0.32306212186813354,False,False,False
7,8x8,experience_on,14,14,2,6,8,-0.23922261595726013,1.5842927694320679,0.38202738761901855,False,False,False
7,8x8,experience_on,15,15,2,7,8,-0.22920508682727814,0.9527262449264526,0.33908629417419434,False,True,False
7,8x8,experience_on,16,16,2,8,8,-0.24036352336406708,1.6564383506774902,0.35557821393013,False,False,False
7,8x8,experience_on,17,17,3,1,16,-0.23593130707740784,2.037224531173706,0.32572662830352783,False,False,False
7,8x8,experience_on,18,18,3,2,16,-0.22809208929538727,1.2423791885375977,0.323373407125473,False,False,False
7,8x8,experience_on,19,19,3,3,16,-0.24139676988124847,1.8596992492675781,0.3470071256160736,False,False,False
7,8x8,experience_on,20,20,3,4,16,-0.23170584440231323,2.077253818511963,0.33468925952911377,False,False,False
7,8x8,experience_on,21,21,3,5,16,-0.2151697725057602,1.8473083972930908,0.34117498993873596,False,False,False
7,8x8,experience_on,22,22,3,6,16,-0.2325090914964676,1.8832372426986694,0.3438567519187927,False,False,False
7,8x8,experience_on,23,23,3,7,16,-0.22684182226657867,1.6202062368392944,0.3270714581012726,False,False,False
7,8x8,experience_on,24,24,3,8,16,-0.23854714632034302,1.7550824880599976,0.3199298083782196,False,False,False
7,8x8,experience_on,25,25,4,1,24,-0.22527934610843658,1.8941320180892944,0.32207435369491577,False,False,False
7,8x8,experience_on,26,26,4,2,24,-0.231612890958786,2.143253803253174,0.33060336112976074,False,False,False
7,8x8,experience_on,27,27,4,3,24,-0.23706911504268646,1.8601014614105225,0.2995144724845886,False,False,True
7,8x8,experience_on,28,28,4,4,24,-0.23285835981369019,1.799485445022583,0.3160077631473541,False,False,False
7,8x8,experience_on,29,29,4,5,24,-0.23326168954372406,1.9031813144683838,0.3512144088745117,False,False,False
7,8x8,experience_on,30,30,4,6,24,-0.2434513121843338,1.8788036108016968,0.32811152935028076,True,False,False
7,8x8,experience_on,31,31,4,7,24,-0.23657190799713135,1.8646161556243896,0.3008616268634796,False,False,False
7,8x8,experience_on,32,32,4,8,24,-0.22667692601680756,1.9060571193695068,0.31897610425949097,False,False,False
7,8x8,experience_on,33,33,5,1,32,-0.23958849906921387,2.147932529449463,0.3384150564670563,False,False,False
7,8x8,experience_on,34,34,5,2,32,-0.22111406922340393,2.0207223892211914,0.32757601141929626,False,False,False
7,8x8,experience_on,35,35,5,3,32,-0.2320353239774704,1.5247801542282104,0.3342600166797638,False,False,False
7,8x8,experience_on,36,36,5,4,32,-0.23067176342010498,1.8498042821884155,0.3601956367492676,False,False,False
7,8x8,experience_on,37,37,5,5,32,-0.2303587645292282,1.98440682888031,0.32785940170288086,False,False,False
7,8x8,experience_on,38,38,5,6,32,-0.22748249769210815,1.844617247581482,0.31055739521980286,False,False,False
7,8x8,experience_on,39,39,5,7,32,-0.23693835735321045,2.1591296195983887,0.31560271978378296,False,False,False
7,8x8,experience_on,40,40,5,8,32,-0.2321876734495163,1.295426368713379,0.347750723361969,False,False,False
7,8x8,experience_on,41,41,6,1,40,-0.24219168722629547,2.1255970001220703,0.32617834210395813,False,False,False
7,8x8,experience_on,42,42,6,2,40,-0.23358310759067535,1.6216877698898315,0.33230385184288025,False,False,False
7,8x8,experience_on,43,43,6,3,40,-0.23141992092132568,2.110172986984253,0.3195941150188446,False,False,False
7,8x8,experience_on,44,44,6,4,40,-0.239587664604187,1.9480323791503906,0.3356868028640747,False,False,False
7,8x8,experience_on,45,45,6,5,40,-0.23226816952228546,2.0112338066101074,0.30561938881874084,False,False,False
7,8x8,experience_on,46,46,6,6,40,-0.22357280552387238,2.02996826171875,0.30432289838790894,False,False,False
7,8x8,experience_on,47,47,6,7,40,-0.22864960134029388,1.7587759494781494,0.32274025678634644,False,False,False
7,8x8,experience_on,48,48,6,8,40,-0.22643296420574188,2.1255879402160645,0.31143489480018616,False,False,False
7,8x8,experience_on,49,49,7,1,48,-0.23375147581100464,1.9963157176971436,0.30111682415008545,False,False,False
7,8x8,experience_on,50,50,7,2,48,-0.2331508845090866,2.1558520793914795,0.3638678789138794,False,False,False
7,8x8,experience_on,51,51,7,3,48,-0.22325657308101654,1.4835622310638428,0.36835113167762756,False,False,False
7,8x8,experience_on,52,52,7,4,48,-0.23429551720619202,1.2634419202804565,0.3521408438682556,False,False,False
7,8x8,experience_on,53,53,7,5,48,-0.23113594949245453,1.8106426000595093,0.3367816209793091,False,False,False
7,8x8,experience_on,54,54,7,6,48,-0.23639436066150665,1.9207208156585693,0.32857611775398254,False,False,False
7,8x8,experience_on,55,55,7,7,48,-0.24147365987300873,1.2394535541534424,0.3205074667930603,False,False,False
7,8x8,experience_on,56,56,7,8,48,-0.23257257044315338,2.003685474395752,0.34480106830596924,False,False,False
7,8x8,experience_on,57,57,8,1,56,-0.23070698976516724,1.9633102416992188,0.33348917961120605,False,False,False
7,8x8,experience_on,58,58,8,2,56,-0.2297355681657791,1.8864030838012695,0.3335394263267517,False,False,False
7,8x8,experience_on,59,59,8,3,56,-0.22578106820583344,2.085214853286743,0.328570157289505,False,False,False
7,8x8,experience_on,60,60,8,4,56,-0.22498635947704315,2.136239767074585,0.318560928106308,False,False,False
7,8x8,experience_on,61,61,8,5,56,-0.23382346332073212,1.4661473035812378,0.3446122407913208,False,False,False
7,8x8,experience_on,62,62,8,6,56,-0.23515360057353973,2.0475471019744873,0.32584843039512634,False,False,False
7,8x8,experience_on,63,63,8,7,56,-0.2287490963935852,1.743949294090271,0.3339289128780365,False,False,False
7,8x8,experience_on,64,64,8,8,56,-0.22996622323989868,1.8277791738510132,0.3192978501319885,False,False,False
7,4x16,experience_on,1,1,1,1,0,-0.22731934487819672,1.5937306880950928,0.357150673866272,False,False,False
7,4x16,experience_on,2,2,1,2,0,-0.22847454249858856,1.6095517873764038,0.33484697341918945,False,False,False
7,4x16,experience_on,3,3,1,3,0,-0.22145262360572815,1.8950068950653076,0.3227900266647339,False,False,False
7,4x16,experience_on,4,4,1,4,0,-0.2205609828233719,2.1205086708068848,0.32944419980049133,False,False,False
7,4x16,experience_on,5,5,2,1,4,-0.22091899812221527,2.065805196762085,0.32981231808662415,False,False,False
7,4x16,experience_on,6,6,2,2,4,-0.22932954132556915,1.8427960872650146,0.34017905592918396,False,False,False
7,4x16,experience_on,7,7,2,3,4,-0.2341771274805069,1.9230527877807617,0.32089748978614807,False,False,False
7,4x16,experience_on,8,8,2,4,4,-0.2361810952425003,2.179547071456909,0.34316447377204895,False,False,False
7,4x16,experience_on,9,9,3,1,8,-0.21996267139911652,2.046799659729004,0.3933899700641632,False,False,False
7,4x16,experience_on,10,10,3,2,8,-0.23098762333393097,1.6359431743621826,0.35715845227241516,False,False,False
7,4x16,experience_on,11,11,3,3,8,-0.23599044978618622,1.1803447008132935,0.34011921286582947,False,False,False
7,4x16,experience_on,12,12,3,4,8,-0.2211260199546814,1.2693824768066406,0.3887288272380829,False,False,False
7,4x16,experience_on,13,13,4,1,12,-0.22977589070796967,1.9451287984848022,0.3230511546134949,False,False,False
7,4x16,experience_on,14,14,4,2,12,-0.23921185731887817,1.5845868587493896,0.38201257586479187,False,False,False
7,4x16,experience_on,15,15,4,3,12,-0.2291889637708664,0.9529942274093628,0.33907240629196167,False,True,False
7,4x16,experience_on,16,16,4,4,12,-0.2403676062822342,1.656585454940796,0.3555649220943451,False,False,False
7,4x16,experience_on,17,17,5,1,16,-0.23592863976955414,2.0372567176818848,0.32572534680366516,False,False,False
7,4x16,experience_on,18,18,5,2,16,-0.22809456288814545,1.2424342632293701,0.32337087392807007,False,False,False
7,4x16,experience_on,19,19,5,3,16,-0.241395503282547,1.8597304821014404,0.3469957411289215,False,False,False
7,4x16,experience_on,20,20,5,4,16,-0.2317081093788147,2.0772767066955566,0.3346881866455078,False,False,False
7,4x16,experience_on,21,21,6,1,20,-0.21515004336833954,1.8474701642990112,0.3411695063114166,False,False,False
7,4x16,experience_on,22,22,6,2,20,-0.23249633610248566,1.883530616760254,0.34386011958122253,False,False,False
7,4x16,experience_on,23,23,6,3,20,-0.2268289476633072,1.6204465627670288,0.3270784318447113,False,False,False
7,4x16,experience_on,24,24,6,4,20,-0.23853082954883575,1.7554607391357422,0.3199306130409241,False,False,False
7,4x16,experience_on,25,25,7,1,24,-0.22527720034122467,1.8941497802734375,0.32207366824150085,False,False,False
7,4x16,experience_on,26,26,7,2,24,-0.23161090910434723,2.143246650695801,0.33060187101364136,False,False,False
7,4x16,experience_on,27,27,7,3,24,-0.2370671182870865,1.860108733177185,0.2995133697986603,False,False,True
7,4x16,experience_on,28,28,7,4,24,-0.23285813629627228,1.7995052337646484,0.31600627303123474,False,False,False
7,4x16,experience_on,29,29,8,1,28,-0.23325978219509125,1.9032142162322998,0.35121458768844604,False,False,False
7,4x16,experience_on,30,30,8,2,28,-0.2434488981962204,1.8788344860076904,0.32811108231544495,True,False,False
7,4x16,experience_on,31,31,8,3,28,-0.23657050728797913,1.8646377325057983,0.3008610010147095,False,False,False
7,4x16,experience_on,32,32,8,4,28,-0.22667603194713593,1.9060943126678467,0.31897610425949097,False,False,False
7,4x16,experience_on,33,33,9,1,32,-0.23958827555179596,2.147928237915039,0.3384145200252533,False,False,False
7,4x16,experience_on,34,34,9,2,32,-0.22111086547374725,2.0207364559173584,0.3275749385356903,False,False,False
7,4x16,experience_on,35,35,9,3,32,-0.2320338636636734,1.524793028831482,0.33425724506378174,False,False,False
7,4x16,experience_on,36,36,9,4,32,-0.23066934943199158,1.8498128652572632,0.36019328236579895,False,False,False
7,4x16,experience_on,37,37,10,1,36,-0.23035119473934174,1.9844129085540771,0.32787024974823,False,False,False
7,4x16,experience_on,38,38,10,2,36,-0.2274724841117859,1.8445971012115479,0.3105620741844177,False,False,False
7,4x16,experience_on,39,39,10,3,36,-0.23693807423114777,2.1591320037841797,0.31560537219047546,False,False,False
7,4x16,experience_on,40,40,10,4,36,-0.23218528926372528,1.2953948974609375,0.3477577269077301,False,False,False
7,4x16,experience_on,41,41,11,1,40,-0.24219126999378204,2.1255931854248047,0.32617858052253723,False,False,False
7,4x16,experience_on,42,42,11,2,40,-0.23358114063739777,1.6217072010040283,0.33230167627334595,False,False,False
7,4x16,experience_on,43,43,11,3,40,-0.23142102360725403,2.1101791858673096,0.3195924758911133,False,False,False
7,4x16,experience_on,44,44,11,4,40,-0.2395877093076706,1.9480481147766113,0.33568525314331055,False,False,False
7,4x16,experience_on,45,45,12,1,44,-0.23226919770240784,2.0113468170166016,0.3056182265281677,False,False,False
7,4x16,experience_on,46,46,12,2,44,-0.2235720455646515,2.030057668685913,0.3043215870857239,False,False,False
7,4x16,experience_on,47,47,12,3,44,-0.22865042090415955,1.7589654922485352,0.3227356970310211,False,False,False
7,4x16,experience_on,48,48,12,4,44,-0.22643163800239563,2.125581741333008,0.31143608689308167,False,False,False
7,4x16,experience_on,49,49,13,1,48,-0.2337493598461151,1.9963239431381226,0.3011155128479004,False,False,False
7,4x16,experience_on,50,50,13,2,48,-0.23315110802650452,2.1558473110198975,0.3638664186000824,False,False,False
7,4x16,experience_on,51,51,13,3,48,-0.2232545167207718,1.4835810661315918,0.3683491051197052,False,False,False
7,4x16,experience_on,52,52,13,4,48,-0.23429526388645172,1.2634776830673218,0.35213926434516907,False,False,False
7,4x16,experience_on,53,53,14,1,52,-0.2311338186264038,1.8106082677841187,0.3367827832698822,False,False,False
7,4x16,experience_on,54,54,14,2,52,-0.2363942414522171,1.9206889867782593,0.3285788893699646,False,False,False
7,4x16,experience_on,55,55,14,3,52,-0.24147188663482666,1.2393749952316284,0.32050901651382446,False,False,False
7,4x16,experience_on,56,56,14,4,52,-0.23257045447826385,2.0036568641662598,0.34480413794517517,False,False,False
7,4x16,experience_on,57,57,15,1,56,-0.2307058721780777,1.9633234739303589,0.3334883749485016,False,False,False
7,4x16,experience_on,58,58,15,2,56,-0.22973407804965973,1.88641357421875,0.33353888988494873,False,False,False
7,4x16,experience_on,59,59,15,3,56,-0.225779190659523,2.0852227210998535,0.32856982946395874,False,False,False
7,4x16,experience_on,60,60,15,4,56,-0.22498583793640137,2.136240243911743,0.3185613751411438,False,False,False
7,4x16,experience_on,61,61,16,1,60,-0.233821839094162,1.4659675359725952,0.3446184992790222,False,False,False
7,4x16,experience_on,62,62,16,2,60,-0.23514749109745026,2.0474891662597656,0.3258526921272278,False,False,False
7,4x16,experience_on,63,63,16,3,60,-0.22874434292316437,1.7438304424285889,0.33393335342407227,False,False,False
7,4x16,experience_on,64,64,16,4,60,-0.22996442019939423,1.827690601348877,0.3192996382713318,False,False,False
