task_id,setting,condition,generated_path_index,initial_noise_index,round,candidate_in_round,memory_size_before_round,predicted_cost,rollout_error,is_min_cost,is_min_rollout_error
0,64x1,experience_off,1,1,1,1,0,-0.3049957752227783,0.07021892070770264,False,False
0,64x1,experience_off,2,2,1,2,0,-0.31166350841522217,0.07215726375579834,False,False
0,64x1,experience_off,3,3,1,3,0,-0.31446534395217896,0.07572390884160995,False,False
0,64x1,experience_off,4,4,1,4,0,-0.31186148524284363,0.013785956427454948,False,False
0,64x1,experience_off,5,5,1,5,0,-0.30382242798805237,0.07455085963010788,False,False
0,64x1,experience_off,6,6,1,6,0,-0.3161327540874481,0.032065264880657196,False,False
0,64x1,experience_off,7,7,1,7,0,-0.31065285205841064,0.020815789699554443,False,False
0,64x1,experience_off,8,8,1,8,0,-0.30631428956985474,0.11767484992742538,False,False
0,64x1,experience_off,9,9,1,9,0,-0.31025153398513794,0.017387161031365395,False,False
0,64x1,experience_off,10,10,1,10,0,-0.31517213582992554,0.022415783256292343,False,False
0,64x1,experience_off,11,11,1,11,0,-0.30717360973358154,0.09921678155660629,False,False
0,64x1,experience_off,12,12,1,12,0,-0.3146120309829712,0.0661211907863617,False,False
0,64x1,experience_off,13,13,1,13,0,-0.30659034848213196,0.0795932337641716,False,False
0,64x1,experience_off,14,14,1,14,0,-0.3099850118160248,0.007314178626984358,False,True
0,64x1,experience_off,15,15,1,15,0,-0.3104822635650635,0.17765316367149353,False,False
0,64x1,experience_off,16,16,1,16,0,-0.30742835998535156,0.011417396366596222,False,False
0,64x1,experience_off,17,17,1,17,0,-0.31853508949279785,0.0682302936911583,False,False
0,64x1,experience_off,18,18,1,18,0,-0.30614835023880005,0.020310115069150925,False,False
0,64x1,experience_off,19,19,1,19,0,-0.3130103647708893,0.014375103637576103,False,False
0,64x1,experience_off,20,20,1,20,0,-0.3063392639160156,0.08454394340515137,False,False
0,64x1,experience_off,21,21,1,21,0,-0.3065156042575836,0.12034809589385986,False,False
0,64x1,experience_off,22,22,1,22,0,-0.30159252882003784,0.011556288227438927,False,False
0,64x1,experience_off,23,23,1,23,0,-0.31402450799942017,0.009831487201154232,False,False
0,64x1,experience_off,24,24,1,24,0,-0.308530330657959,0.04460576921701431,False,False
0,64x1,experience_off,25,25,1,25,0,-0.3100828528404236,0.08729091286659241,False,False
0,64x1,experience_off,26,26,1,26,0,-0.3142142593860626,0.07011805474758148,False,False
0,64x1,experience_off,27,27,1,27,0,-0.31204015016555786,0.08982773125171661,False,False
0,64x1,experience_off,28,28,1,28,0,-0.31086212396621704,0.009850883856415749,False,False
0,64x1,experience_off,29,29,1,29,0,-0.3105590045452118,0.013683650642633438,False,False
0,64x1,experience_off,30,30,1,30,0,-0.3129293918609619,0.07912340760231018,False,False
0,64x1,experience_off,31,31,1,31,0,-0.31080204248428345,0.09493031352758408,False,False
0,64x1,experience_off,32,32,1,32,0,-0.31183332204818726,0.11538716405630112,False,False
0,64x1,experience_off,33,33,1,33,0,-0.3061128258705139,0.2277555912733078,False,False
0,64x1,experience_off,34,34,1,34,0,-0.30895093083381653,0.12933753430843353,False,False
0,64x1,experience_off,35,35,1,35,0,-0.3164750337600708,0.029349487274885178,False,False
0,64x1,experience_off,36,36,1,36,0,-0.3143504559993744,0.02029937505722046,False,False
0,64x1,experience_off,37,37,1,37,0,-0.3092714548110962,0.014454448595643044,False,False
0,64x1,experience_off,38,38,1,38,0,-0.31548935174942017,0.08879125118255615,False,False
0,64x1,experience_off,39,39,1,39,0,-0.31549954414367676,0.08396121114492416,False,False
0,64x1,experience_off,40,40,1,40,0,-0.3132278621196747,0.0738866850733757,False,False
0,64x1,experience_off,41,41,1,41,0,-0.3065892457962036,0.1196790337562561,False,False
0,64x1,experience_off,42,42,1,42,0,-0.30987125635147095,0.08680957555770874,False,False
0,64x1,experience_off,43,43,1,43,0,-0.3180963099002838,0.03380735591053963,False,False
0,64x1,experience_off,44,44,1,44,0,-0.31186288595199585,0.03058445267379284,False,False
0,64x1,experience_off,45,45,1,45,0,-0.310810387134552,0.08447137475013733,False,False
0,64x1,experience_off,46,46,1,46,0,-0.312974750995636,0.11862656474113464,False,False
0,64x1,experience_off,47,47,1,47,0,-0.31095021963119507,0.04318913817405701,False,False
0,64x1,experience_off,48,48,1,48,0,-0.3084452450275421,0.04411723464727402,False,False
0,64x1,experience_off,49,49,1,49,0,-0.313372939825058,0.10889329761266708,False,False
0,64x1,experience_off,50,50,1,50,0,-0.3074036240577698,0.1430875062942505,False,False
0,64x1,experience_off,51,51,1,51,0,-0.3104507625102997,0.100985586643219,False,False
0,64x1,experience_off,52,52,1,52,0,-0.30586549639701843,0.14518387615680695,False,False
0,64x1,experience_off,53,53,1,53,0,-0.31206780672073364,0.07225120812654495,False,False
0,64x1,experience_off,54,54,1,54,0,-0.3188176155090332,0.11987505853176117,True,False
0,64x1,experience_off,55,55,1,55,0,-0.3116492033004761,0.07901104539632797,False,False
0,64x1,experience_off,56,56,1,56,0,-0.31453052163124084,0.13551318645477295,False,False
0,64x1,experience_off,57,57,1,57,0,-0.30820709466934204,0.04270314425230026,False,False
0,64x1,experience_off,58,58,1,58,0,-0.3087715208530426,0.04498131200671196,False,False
0,64x1,experience_off,59,59,1,59,0,-0.31509673595428467,0.10518501698970795,False,False
0,64x1,experience_off,60,60,1,60,0,-0.3136524260044098,0.009449428878724575,False,False
0,64x1,experience_off,61,61,1,61,0,-0.3148214519023895,0.015399022027850151,False,False
0,64x1,experience_off,62,62,1,62,0,-0.31078821420669556,0.02911393903195858,False,False
0,64x1,experience_off,63,63,1,63,0,-0.31125974655151367,0.025109097361564636,False,False
0,64x1,experience_off,64,64,1,64,0,-0.30602920055389404,0.11849688738584518,False,False
0,32x2,experience_on,1,1,1,1,0,-0.3049956262111664,0.0702187716960907,False,False
0,32x2,experience_on,2,2,1,2,0,-0.31166312098503113,0.07215738296508789,False,False
0,32x2,experience_on,3,3,1,3,0,-0.31446534395217896,0.0757233276963234,False,False
0,32x2,experience_on,4,4,1,4,0,-0.311861515045166,0.013785852119326591,False,False
0,32x2,experience_on,5,5,1,5,0,-0.3038223385810852,0.07455088943243027,False,False
0,32x2,experience_on,6,6,1,6,0,-0.3161328434944153,0.03206538408994675,False,False
0,32x2,experience_on,7,7,1,7,0,-0.31065279245376587,0.020815938711166382,False,False
0,32x2,experience_on,8,8,1,8,0,-0.3063141703605652,0.1176745817065239,False,False
0,32x2,experience_on,9,9,1,9,0,-0.31025150418281555,0.01738721877336502,False,False
0,32x2,experience_on,10,10,1,10,0,-0.31517213582992554,0.022415824234485626,False,False
0,32x2,experience_on,11,11,1,11,0,-0.3071737289428711,0.0992172360420227,False,False
0,32x2,experience_on,12,12,1,12,0,-0.3146119713783264,0.06612085551023483,False,False
0,32x2,experience_on,13,13,1,13,0,-0.30659034848213196,0.07959365844726562,False,False
0,32x2,experience_on,14,14,1,14,0,-0.3099849224090576,0.007314154878258705,False,True
0,32x2,experience_on,15,15,1,15,0,-0.31048211455345154,0.17765232920646667,False,False
0,32x2,experience_on,16,16,1,16,0,-0.30742835998535156,0.011417411267757416,False,False
0,32x2,experience_on,17,17,1,17,0,-0.3185350000858307,0.06823026388883591,False,False
0,32x2,experience_on,18,18,1,18,0,-0.3061482608318329,0.02031017653644085,False,False
0,32x2,experience_on,19,19,1,19,0,-0.31301021575927734,0.014375112019479275,False,False
0,32x2,experience_on,20,20,1,20,0,-0.30633941292762756,0.08454422652721405,False,False
0,32x2,experience_on,21,21,1,21,0,-0.3065153658390045,0.12034852802753448,False,False
0,32x2,experience_on,22,22,1,22,0,-0.3015925884246826,0.01155618391931057,False,False
0,32x2,experience_on,23,23,1,23,0,-0.3140244483947754,0.009831421077251434,False,False
0,32x2,experience_on,24,24,1,24,0,-0.3085302710533142,0.044605802744627,False,False
0,32x2,experience_on,25,25,1,25,0,-0.3100830316543579,0.08729090541601181,False,False
0,32x2,experience_on,26,26,1,26,0,-0.3142143785953522,0.07011779397726059,False,False
0,32x2,experience_on,27,27,1,27,0,-0.31203997135162354,0.08982785791158676,False,False
0,32x2,experience_on,28,28,1,28,0,-0.31086215376853943,0.00985085591673851,False,False
0,32x2,experience_on,29,29,1,29,0,-0.3105589747428894,0.013683627359569073,False,False
0,32x2,experience_on,30,30,1,30,0,-0.31292927265167236,0.0791236087679863,False,False
0,32x2,experience_on,31,31,1,31,0,-0.31080201268196106,0.09493009746074677,False,False
0,32x2,experience_on,32,32,1,32,0,-0.31183308362960815,0.11538707464933395,False,False
0,32x2,experience_on,33,33,2,1,32,-0.3062096834182739,0.2366754114627838,False,False
0,32x2,experience_on,34,34,2,2,32,-0.3091285228729248,0.12952397763729095,False,False
0,32x2,experience_on,35,35,2,3,32,-0.31645917892456055,0.03242688626050949,False,False
0,32x2,experience_on,36,36,2,4,32,-0.3144213557243347,0.019192799925804138,False,False
0,32x2,experience_on,37,37,2,5,32,-0.30993103981018066,0.01457351353019476,False,False
0,32x2,experience_on,38,38,2,6,32,-0.31544578075408936,0.08506419509649277,False,False
0,32x2,experience_on,39,39,2,7,32,-0.31573474407196045,0.08372461795806885,False,False
0,32x2,experience_on,40,40,2,8,32,-0.31367433071136475,0.07948626577854156,False,False
0,32x2,experience_on,41,41,2,9,32,-0.30718886852264404,0.12505380809307098,False,False
0,32x2,experience_on,42,42,2,10,32,-0.31004270911216736,0.09269710630178452,False,False
0,32x2,experience_on,43,43,2,11,32,-0.31827059388160706,0.036000363528728485,False,False
0,32x2,experience_on,44,44,2,12,32,-0.3116438388824463,0.02892126701772213,False,False
0,32x2,experience_on,45,45,2,13,32,-0.31062081456184387,0.0888405442237854,False,False
0,32x2,experience_on,46,46,2,14,32,-0.31390559673309326,0.11212649941444397,False,False
0,32x2,experience_on,47,47,2,15,32,-0.31125572323799133,0.045369118452072144,False,False
0,32x2,experience_on,48,48,2,16,32,-0.3086881637573242,0.04793904721736908,False,False
0,32x2,experience_on,49,49,2,17,32,-0.31346768140792847,0.11037971824407578,False,False
0,32x2,experience_on,50,50,2,18,32,-0.3077772557735443,0.14823925495147705,False,False
0,32x2,experience_on,51,51,2,19,32,-0.3107927739620209,0.10132315009832382,False,False
0,32x2,experience_on,52,52,2,20,32,-0.3063013553619385,0.1514187753200531,False,False
0,32x2,experience_on,53,53,2,21,32,-0.31231778860092163,0.07574857771396637,False,False
0,32x2,experience_on,54,54,2,22,32,-0.31877362728118896,0.1168084442615509,True,False
0,32x2,experience_on,55,55,2,23,32,-0.31173062324523926,0.08125203847885132,False,False
0,32x2,experience_on,56,56,2,24,32,-0.3147033751010895,0.1424415111541748,False,False
0,32x2,experience_on,57,57,2,25,32,-0.3086012601852417,0.045351654291152954,False,False
0,32x2,experience_on,58,58,2,26,32,-0.3095744252204895,0.04753734916448593,False,False
0,32x2,experience_on,59,59,2,27,32,-0.3151410222053528,0.10381605476140976,False,False
0,32x2,experience_on,60,60,2,28,32,-0.3138435482978821,0.010014573112130165,False,False
0,32x2,experience_on,61,61,2,29,32,-0.31490325927734375,0.014620441012084484,False,False
0,32x2,experience_on,62,62,2,30,32,-0.3116269111633301,0.03338475897908211,False,False
0,32x2,experience_on,63,63,2,31,32,-0.31159403920173645,0.0277656689286232,False,False
0,32x2,experience_on,64,64,2,32,32,-0.3064681589603424,0.12575015425682068,False,False
0,16x4,experience_on,1,1,1,1,0,-0.3049958348274231,0.07021915167570114,False,False
0,16x4,experience_on,2,2,1,2,0,-0.3116632103919983,0.07215769588947296,False,False
0,16x4,experience_on,3,3,1,3,0,-0.31446540355682373,0.07572337985038757,False,False
0,16x4,experience_on,4,4,1,4,0,-0.31186142563819885,0.013785826973617077,False,False
0,16x4,experience_on,5,5,1,5,0,-0.3038221001625061,0.07455123215913773,False,False
0,16x4,experience_on,6,6,1,6,0,-0.31613296270370483,0.032065246254205704,False,False
0,16x4,experience_on,7,7,1,7,0,-0.31065285205841064,0.020815953612327576,False,False
0,16x4,experience_on,8,8,1,8,0,-0.3063143789768219,0.11767484992742538,False,False
0,16x4,experience_on,9,9,1,9,0,-0.310251384973526,0.01738704741001129,False,False
0,16x4,experience_on,10,10,1,10,0,-0.31517234444618225,0.022415712475776672,False,False
0,16x4,experience_on,11,11,1,11,0,-0.30717360973358154,0.09921644628047943,False,False
0,16x4,experience_on,12,12,1,12,0,-0.31461209058761597,0.06612060964107513,False,False
0,16x4,experience_on,13,13,1,13,0,-0.3065904676914215,0.07959350198507309,False,False
0,16x4,experience_on,14,14,1,14,0,-0.3099849820137024,0.007314139977097511,False,True
0,16x4,experience_on,15,15,1,15,0,-0.3104819059371948,0.17765168845653534,False,False
0,16x4,experience_on,16,16,1,16,0,-0.30742838978767395,0.011417403817176819,False,False
0,16x4,experience_on,17,17,2,1,16,-0.3187294900417328,0.07426857948303223,False,False
0,16x4,experience_on,18,18,2,2,16,-0.30692267417907715,0.022785335779190063,False,False
0,16x4,experience_on,19,19,2,3,16,-0.3133150041103363,0.014318278059363365,False,False
0,16x4,experience_on,20,20,2,4,16,-0.3069109618663788,0.08949857205152512,False,False
0,16x4,experience_on,21,21,2,5,16,-0.30675435066223145,0.1219148337841034,False,False
0,16x4,experience_on,22,22,2,6,16,-0.30250284075737,0.012670844793319702,False,False
0,16x4,experience_on,23,23,2,7,16,-0.3141947388648987,0.010782187804579735,False,False
0,16x4,experience_on,24,24,2,8,16,-0.30898237228393555,0.044083185493946075,False,False
0,16x4,experience_on,25,25,2,9,16,-0.31066057085990906,0.09393998235464096,False,False
0,16x4,experience_on,26,26,2,10,16,-0.3144693374633789,0.07295166701078415,False,False
0,16x4,experience_on,27,27,2,11,16,-0.3120184540748596,0.09602656215429306,False,False
0,16x4,experience_on,28,28,2,12,16,-0.3110254406929016,0.00969288032501936,False,False
0,16x4,experience_on,29,29,2,13,16,-0.31090375781059265,0.014828138053417206,False,False
0,16x4,experience_on,30,30,2,14,16,-0.3128888010978699,0.08295910060405731,False,False
0,16x4,experience_on,31,31,2,15,16,-0.31084245443344116,0.10010318458080292,False,False
0,16x4,experience_on,32,32,2,16,16,-0.31209367513656616,0.116218201816082,False,False
0,16x4,experience_on,33,33,3,1,32,-0.3061980605125427,0.23667699098587036,False,False
0,16x4,experience_on,34,34,3,2,32,-0.30912092328071594,0.12955400347709656,False,False
0,16x4,experience_on,35,35,3,3,32,-0.31645339727401733,0.03243967518210411,False,False
0,16x4,experience_on,36,36,3,4,32,-0.3144174814224243,0.019182007759809494,False,False
0,16x4,experience_on,37,37,3,5,32,-0.30992478132247925,0.014567802660167217,False,False
0,16x4,experience_on,38,38,3,6,32,-0.31543946266174316,0.0850214809179306,False,False
0,16x4,experience_on,39,39,3,7,32,-0.3157285451889038,0.08374547213315964,False,False
0,16x4,experience_on,40,40,3,8,32,-0.3136705160140991,0.07954581081867218,False,False
0,16x4,experience_on,41,41,3,9,32,-0.30718445777893066,0.12513145804405212,False,False
0,16x4,experience_on,42,42,3,10,32,-0.31003570556640625,0.09272736310958862,False,False
0,16x4,experience_on,43,43,3,11,32,-0.31826668977737427,0.03601566329598427,False,False
0,16x4,experience_on,44,44,3,12,32,-0.3116410970687866,0.02890918217599392,False,False
0,16x4,experience_on,45,45,3,13,32,-0.31061267852783203,0.08889567106962204,False,False
0,16x4,experience_on,46,46,3,14,32,-0.31390202045440674,0.11211340129375458,False,False
0,16x4,experience_on,47,47,3,15,32,-0.31125152111053467,0.045404188334941864,False,False
0,16x4,experience_on,48,48,3,16,32,-0.30868467688560486,0.0479794405400753,False,False
0,16x4,experience_on,49,49,4,1,48,-0.31346482038497925,0.11032816767692566,False,False
0,16x4,experience_on,50,50,4,2,48,-0.3077728748321533,0.14822903275489807,False,False
0,16x4,experience_on,51,51,4,3,48,-0.31078314781188965,0.10127408802509308,False,False
0,16x4,experience_on,52,52,4,4,48,-0.3063027560710907,0.15137171745300293,False,False
0,16x4,experience_on,53,53,4,5,48,-0.312314510345459,0.0757145807147026,False,False
0,16x4,experience_on,54,54,4,6,48,-0.31876832246780396,0.11681653559207916,True,False
0,16x4,experience_on,55,55,4,7,48,-0.311723530292511,0.0812540203332901,False,False
0,16x4,experience_on,56,56,4,8,48,-0.31470179557800293,0.1423814296722412,False,False
0,16x4,experience_on,57,57,4,9,48,-0.3086004853248596,0.04532875865697861,False,False
0,16x4,experience_on,58,58,4,10,48,-0.30957362055778503,0.04752607271075249,False,False
0,16x4,experience_on,59,59,4,11,48,-0.31513726711273193,0.10379117727279663,False,False
0,16x4,experience_on,60,60,4,12,48,-0.3138437271118164,0.010009393095970154,False,False
0,16x4,experience_on,61,61,4,13,48,-0.3149004578590393,0.01460710447281599,False,False
0,16x4,experience_on,62,62,4,14,48,-0.31162121891975403,0.03336828947067261,False,False
0,16x4,experience_on,63,63,4,15,48,-0.31159377098083496,0.027747949585318565,False,False
0,16x4,experience_on,64,64,4,16,48,-0.30646318197250366,0.1257173866033554,False,False
0,8x8,experience_on,1,1,1,1,0,-0.30499565601348877,0.07021929323673248,False,False
0,8x8,experience_on,2,2,1,2,0,-0.31166332960128784,0.07215781509876251,False,False
0,8x8,experience_on,3,3,1,3,0,-0.31446534395217896,0.07572301477193832,False,False
0,8x8,experience_on,4,4,1,4,0,-0.3118613362312317,0.013785868883132935,False,False
0,8x8,experience_on,5,5,1,5,0,-0.3038221001625061,0.07455092668533325,False,False
0,8x8,experience_on,6,6,1,6,0,-0.31613266468048096,0.032065268605947495,False,False
0,8x8,experience_on,7,7,1,7,0,-0.31065282225608826,0.020816031843423843,False,False
0,8x8,experience_on,8,8,1,8,0,-0.30631446838378906,0.11767555773258209,False,False
0,8x8,experience_on,9,9,2,1,8,-0.310822069644928,0.018665917217731476,False,False
0,8x8,experience_on,10,10,2,2,8,-0.31543076038360596,0.02124848961830139,False,False
0,8x8,experience_on,11,11,2,3,8,-0.3072681128978729,0.10444816946983337,False,False
0,8x8,experience_on,12,12,2,4,8,-0.3147246241569519,0.06637170165777206,False,False
0,8x8,experience_on,13,13,2,5,8,-0.30723437666893005,0.08460646867752075,False,False
0,8x8,experience_on,14,14,2,6,8,-0.31028515100479126,0.007905945181846619,False,True
0,8x8,experience_on,15,15,2,7,8,-0.31052470207214355,0.1692650020122528,False,False
0,8x8,experience_on,16,16,2,8,8,-0.3079269826412201,0.011820122599601746,False,False
0,8x8,experience_on,17,17,3,1,16,-0.318728506565094,0.0742943286895752,False,False
0,8x8,experience_on,18,18,3,2,16,-0.30691733956336975,0.022809764370322227,False,False
0,8x8,experience_on,19,19,3,3,16,-0.31331324577331543,0.014317486435174942,False,False
0,8x8,experience_on,20,20,3,4,16,-0.3069044053554535,0.08955936133861542,False,False
0,8x8,experience_on,21,21,3,5,16,-0.30674442648887634,0.12197262048721313,False,False
0,8x8,experience_on,22,22,3,6,16,-0.3024978041648865,0.012679236941039562,False,False
0,8x8,experience_on,23,23,3,7,16,-0.3141911029815674,0.010790112428367138,False,False
0,8x8,experience_on,24,24,3,8,16,-0.3089786469936371,0.0440991073846817,False,False
0,8x8,experience_on,25,25,4,1,24,-0.3106610178947449,0.09402360022068024,False,False
0,8x8,experience_on,26,26,4,2,24,-0.31447339057922363,0.07305572181940079,False,False
0,8x8,experience_on,27,27,4,3,24,-0.31201428174972534,0.096096470952034,False,False
0,8x8,experience_on,28,28,4,4,24,-0.3110305070877075,0.009690595790743828,False,False
0,8x8,experience_on,29,29,4,5,24,-0.3109126091003418,0.014834064990282059,False,False
0,8x8,experience_on,30,30,4,6,24,-0.31288814544677734,0.08301348984241486,False,False
0,8x8,experience_on,31,31,4,7,24,-0.3108394145965576,0.1002204567193985,False,False
0,8x8,experience_on,32,32,4,8,24,-0.3120955526828766,0.11633672565221786,False,False
0,8x8,experience_on,33,33,5,1,32,-0.3061915636062622,0.23668013513088226,False,False
0,8x8,experience_on,34,34,5,2,32,-0.309116929769516,0.12957268953323364,False,False
0,8x8,experience_on,35,35,5,3,32,-0.31645017862319946,0.03244718164205551,False,False
0,8x8,experience_on,36,36,5,4,32,-0.31441545486450195,0.01917630434036255,False,False
0,8x8,experience_on,37,37,5,5,32,-0.3099210560321808,0.01456491183489561,False,False
0,8x8,experience_on,38,38,5,6,32,-0.3154357075691223,0.08500109612941742,False,False
0,8x8,experience_on,39,39,5,7,32,-0.3157254159450531,0.08375730365514755,False,False
0,8x8,experience_on,40,40,5,8,32,-0.31366848945617676,0.07957973331212997,False,False
0,8x8,experience_on,41,41,6,1,40,-0.30718207359313965,0.1251032054424286,False,False
0,8x8,experience_on,42,42,6,2,40,-0.3100343942642212,0.09268549084663391,False,False
0,8x8,experience_on,43,43,6,3,40,-0.3182697296142578,0.03600255399942398,False,False
0,8x8,experience_on,44,44,6,4,40,-0.31163927912712097,0.028903380036354065,False,False
0,8x8,experience_on,45,45,6,5,40,-0.3106154799461365,0.08884161710739136,False,False
0,8x8,experience_on,46,46,6,6,40,-0.31389370560646057,0.11210308969020844,False,False
0,8x8,experience_on,47,47,6,7,40,-0.3112514317035675,0.04538533091545105,False,False
0,8x8,experience_on,48,48,6,8,40,-0.30868157744407654,0.04795598238706589,False,False
0,8x8,experience_on,49,49,7,1,48,-0.3134630024433136,0.11034303903579712,False,False
0,8x8,experience_on,50,50,7,2,48,-0.30777084827423096,0.148259237408638,False,False
0,8x8,experience_on,51,51,7,3,48,-0.3107820749282837,0.1012749895453453,False,False
0,8x8,experience_on,52,52,7,4,48,-0.30629944801330566,0.15140153467655182,False,False
0,8x8,experience_on,53,53,7,5,48,-0.31231215596199036,0.0757213681936264,False,False
0,8x8,experience_on,54,54,7,6,48,-0.318767786026001,0.11683544516563416,True,False
0,8x8,experience_on,55,55,7,7,48,-0.31172165274620056,0.08127212524414062,False,False
0,8x8,experience_on,56,56,7,8,48,-0.31469956040382385,0.14239922165870667,False,False
0,8x8,experience_on,57,57,8,1,56,-0.30859559774398804,0.04533269256353378,False,False
0,8x8,experience_on,58,58,8,2,56,-0.3095703125,0.047530531883239746,False,False
0,8x8,experience_on,59,59,8,3,56,-0.31513381004333496,0.10378071665763855,False,False
0,8x8,experience_on,60,60,8,4,56,-0.3138427138328552,0.010009228251874447,False,False
0,8x8,experience_on,61,61,8,5,56,-0.3148983120918274,0.014602892100811005,False,False
0,8x8,experience_on,62,62,8,6,56,-0.31161680817604065,0.033368248492479324,False,False
0,8x8,experience_on,63,63,8,7,56,-0.31159138679504395,0.027754157781600952,False,False
0,8x8,experience_on,64,64,8,8,56,-0.3064582049846649,0.12574166059494019,False,False
0,4x16,experience_on,1,1,1,1,0,-0.30499598383903503,0.07021957635879517,False,False
0,4x16,experience_on,2,2,1,2,0,-0.31166326999664307,0.07215753197669983,False,False
0,4x16,experience_on,3,3,1,3,0,-0.31446540355682373,0.07572364807128906,False,False
0,4x16,experience_on,4,4,1,4,0,-0.31186145544052124,0.013785849325358868,False,False
0,4x16,experience_on,5,5,2,1,4,-0.30488109588623047,0.07666851580142975,False,False
0,4x16,experience_on,6,6,2,2,4,-0.31647253036499023,0.033437903970479965,False,False
0,4x16,experience_on,7,7,2,3,4,-0.31067854166030884,0.022309619933366776,False,False
0,4x16,experience_on,8,8,2,4,4,-0.3070945739746094,0.12055891752243042,False,False
0,4x16,experience_on,9,9,3,1,8,-0.31081533432006836,0.018674228340387344,False,False
0,4x16,experience_on,10,10,3,2,8,-0.3154281973838806,0.02124415710568428,False,False
0,4x16,experience_on,11,11,3,3,8,-0.3072606921195984,0.10448571294546127,False,False
0,4x16,experience_on,12,12,3,4,8,-0.31472089886665344,0.0664057657122612,False,False
0,4x16,experience_on,13,13,4,1,12,-0.30721402168273926,0.0846371054649353,False,False
0,4x16,experience_on,14,14,4,2,12,-0.31027093529701233,0.00791552010923624,False,True
0,4x16,experience_on,15,15,4,3,12,-0.3105126619338989,0.16928718984127045,False,False
0,4x16,experience_on,16,16,4,4,12,-0.30791395902633667,0.011824424378573895,False,False
0,4x16,experience_on,17,17,5,1,16,-0.31872764229774475,0.07430267333984375,False,False
0,4x16,experience_on,18,18,5,2,16,-0.3069145679473877,0.022819172590970993,False,False
0,4x16,experience_on,19,19,5,3,16,-0.3133124113082886,0.014316752552986145,False,False
0,4x16,experience_on,20,20,5,4,16,-0.3069017231464386,0.08958575129508972,False,False
0,4x16,experience_on,21,21,6,1,20,-0.3067430853843689,0.12198831886053085,False,False
0,4x16,experience_on,22,22,6,2,20,-0.3025018572807312,0.012677389197051525,False,False
0,4x16,experience_on,23,23,6,3,20,-0.31419146060943604,0.01078956201672554,False,False
0,4x16,experience_on,24,24,6,4,20,-0.30898022651672363,0.04408657178282738,False,False
0,4x16,experience_on,25,25,7,1,24,-0.31065887212753296,0.0940370187163353,False,False
0,4x16,experience_on,26,26,7,2,24,-0.3144714832305908,0.0730733722448349,False,False
0,4x16,experience_on,27,27,7,3,24,-0.3120121955871582,0.09610459208488464,False,False
0,4x16,experience_on,28,28,7,4,24,-0.31102925539016724,0.009689988568425179,False,False
0,4x16,experience_on,29,29,8,1,28,-0.31090831756591797,0.0148306954652071,False,False
0,4x16,experience_on,30,30,8,2,28,-0.3128879964351654,0.08298643678426743,False,False
0,4x16,experience_on,31,31,8,3,28,-0.3108408749103546,0.10017847269773483,False,False
0,4x16,experience_on,32,32,8,4,28,-0.31209421157836914,0.11629589647054672,False,False
0,4x16,experience_on,33,33,9,1,32,-0.3061884641647339,0.23667773604393005,False,False
0,4x16,experience_on,34,34,9,2,32,-0.3091144263744354,0.12957772612571716,False,False
0,4x16,experience_on,35,35,9,3,32,-0.31644853949546814,0.032449156045913696,False,False
0,4x16,experience_on,36,36,9,4,32,-0.31441426277160645,0.019173596054315567,False,False
0,4x16,experience_on,37,37,10,1,36,-0.30991947650909424,0.014562524855136871,False,False
0,4x16,experience_on,38,38,10,2,36,-0.3154357969760895,0.08497290313243866,False,False
0,4x16,experience_on,39,39,10,3,36,-0.3157249093055725,0.08375372737646103,False,False
0,4x16,experience_on,40,40,10,4,36,-0.3136678636074066,0.07957035303115845,False,False
0,4x16,experience_on,41,41,11,1,40,-0.30718064308166504,0.1251184195280075,False,False
0,4x16,experience_on,42,42,11,2,40,-0.31003260612487793,0.09269016981124878,False,False
0,4x16,experience_on,43,43,11,3,40,-0.31826919317245483,0.03600514680147171,False,False
0,4x16,experience_on,44,44,11,4,40,-0.31163886189460754,0.02890079841017723,False,False
0,4x16,experience_on,45,45,12,1,44,-0.3106152415275574,0.08883784711360931,False,False
0,4x16,experience_on,46,46,12,2,44,-0.3138919472694397,0.11209596693515778,False,False
0,4x16,experience_on,47,47,12,3,44,-0.311251163482666,0.045385461300611496,False,False
0,4x16,experience_on,48,48,12,4,44,-0.30868032574653625,0.04795636981725693,False,False
0,4x16,experience_on,49,49,13,1,48,-0.31346243619918823,0.1103472039103508,False,False
0,4x16,experience_on,50,50,13,2,48,-0.30776968598365784,0.14827211201190948,False,False
0,4x16,experience_on,51,51,13,3,48,-0.3107810616493225,0.10127433389425278,False,False
0,4x16,experience_on,52,52,13,4,48,-0.30629783868789673,0.15141227841377258,False,False
0,4x16,experience_on,53,53,14,1,52,-0.3123084008693695,0.0757405087351799,False,False
0,4x16,experience_on,54,54,14,2,52,-0.31876760721206665,0.11686896532773972,True,False
0,4x16,experience_on,55,55,14,3,52,-0.31171947717666626,0.08130272477865219,False,False
0,4x16,experience_on,56,56,14,4,52,-0.31469663977622986,0.1424420177936554,False,False
0,4x16,experience_on,57,57,15,1,56,-0.3085947334766388,0.04533436894416809,False,False
0,4x16,experience_on,58,58,15,2,56,-0.3095698356628418,0.04753313958644867,False,False
0,4x16,experience_on,59,59,15,3,56,-0.31513285636901855,0.10377763211727142,False,False
0,4x16,experience_on,60,60,15,4,56,-0.3138424754142761,0.010009213350713253,False,False
0,4x16,experience_on,61,61,16,1,60,-0.3148983418941498,0.014601070433855057,False,False
0,4x16,experience_on,62,62,16,2,60,-0.31161659955978394,0.03336670249700546,False,False
0,4x16,experience_on,63,63,16,3,60,-0.311592161655426,0.02775108814239502,False,False
0,4x16,experience_on,64,64,16,4,60,-0.3064582347869873,0.12573587894439697,False,False
1,64x1,experience_off,1,1,1,1,0,-0.340679407119751,0.053927939385175705,False,False
1,64x1,experience_off,2,2,1,2,0,-0.3378334045410156,0.03370187431573868,False,False
1,64x1,experience_off,3,3,1,3,0,-0.34233593940734863,0.02964402362704277,False,False
1,64x1,experience_off,4,4,1,4,0,-0.33168649673461914,0.03428046032786369,False,False
1,64x1,experience_off,5,5,1,5,0,-0.34185004234313965,0.051309164613485336,False,False
1,64x1,experience_off,6,6,1,6,0,-0.34014052152633667,0.04697310924530029,False,False
1,64x1,experience_off,7,7,1,7,0,-0.3428272008895874,0.07574909180402756,False,False
1,64x1,experience_off,8,8,1,8,0,-0.3331156075000763,0.03762643411755562,False,False
1,64x1,experience_off,9,9,1,9,0,-0.33795520663261414,0.020810270681977272,False,False
1,64x1,experience_off,10,10,1,10,0,-0.3419267535209656,0.052067458629608154,False,False
1,64x1,experience_off,11,11,1,11,0,-0.3374861478805542,0.028758516535162926,False,False
1,64x1,experience_off,12,12,1,12,0,-0.34224265813827515,0.034499332308769226,False,False
1,64x1,experience_off,13,13,1,13,0,-0.3277457654476166,0.030127456411719322,False,False
1,64x1,experience_off,14,14,1,14,0,-0.3402264714241028,0.04458814486861229,False,False
1,64x1,experience_off,15,15,1,15,0,-0.34246665239334106,0.04805753752589226,False,False
1,64x1,experience_off,16,16,1,16,0,-0.340520977973938,0.039217449724674225,False,False
1,64x1,experience_off,17,17,1,17,0,-0.3356913924217224,0.04915890097618103,False,False
1,64x1,experience_off,18,18,1,18,0,-0.33942893147468567,0.025142107158899307,False,False
1,64x1,experience_off,19,19,1,19,0,-0.33285409212112427,0.017088908702135086,False,False
1,64x1,experience_off,20,20,1,20,0,-0.33796367049217224,0.03073485754430294,False,False
1,64x1,experience_off,21,21,1,21,0,-0.33600348234176636,0.027410849928855896,False,False
1,64x1,experience_off,22,22,1,22,0,-0.34115609526634216,0.04998219013214111,False,False
1,64x1,experience_off,23,23,1,23,0,-0.34125882387161255,0.058529332280159,False,False
1,64x1,experience_off,24,24,1,24,0,-0.33380717039108276,0.04159409552812576,False,False
1,64x1,experience_off,25,25,1,25,0,-0.3395324945449829,0.03838620334863663,False,False
1,64x1,experience_off,26,26,1,26,0,-0.3420320749282837,0.029458850622177124,False,False
1,64x1,experience_off,27,27,1,27,0,-0.34263741970062256,0.04770849272608757,False,False
1,64x1,experience_off,28,28,1,28,0,-0.3306301236152649,0.03770510107278824,False,False
1,64x1,experience_off,29,29,1,29,0,-0.3446890413761139,0.05566006153821945,True,False
1,64x1,experience_off,30,30,1,30,0,-0.3371114432811737,0.03618994727730751,False,False
1,64x1,experience_off,31,31,1,31,0,-0.33478671312332153,0.036266423761844635,False,False
1,64x1,experience_off,32,32,1,32,0,-0.3390364646911621,0.064409039914608,False,False
1,64x1,experience_off,33,33,1,33,0,-0.34039604663848877,0.04901490733027458,False,False
1,64x1,experience_off,34,34,1,34,0,-0.33431878685951233,0.07855826616287231,False,False
1,64x1,experience_off,35,35,1,35,0,-0.33670035004615784,0.024201512336730957,False,False
1,64x1,experience_off,36,36,1,36,0,-0.3391972482204437,0.05006129667162895,False,False
1,64x1,experience_off,37,37,1,37,0,-0.335688054561615,0.040877535939216614,False,False
1,64x1,experience_off,38,38,1,38,0,-0.3377956748008728,0.03690394014120102,False,False
1,64x1,experience_off,39,39,1,39,0,-0.3380085527896881,0.03472980856895447,False,False
1,64x1,experience_off,40,40,1,40,0,-0.34319138526916504,0.03026323765516281,False,False
1,64x1,experience_off,41,41,1,41,0,-0.3327639102935791,0.023633822798728943,False,False
1,64x1,experience_off,42,42,1,42,0,-0.33640849590301514,0.032506369054317474,False,False
1,64x1,experience_off,43,43,1,43,0,-0.33563974499702454,0.04081302136182785,False,False
1,64x1,experience_off,44,44,1,44,0,-0.33561792969703674,0.0420236811041832,False,False
1,64x1,experience_off,45,45,1,45,0,-0.3394036889076233,0.016568705439567566,False,True
1,64x1,experience_off,46,46,1,46,0,-0.3386685848236084,0.052773237228393555,False,False
1,64x1,experience_off,47,47,1,47,0,-0.3342166543006897,0.02014715038239956,False,False
1,64x1,experience_off,48,48,1,48,0,-0.3378753960132599,0.0284238513559103,False,False
1,64x1,experience_off,49,49,1,49,0,-0.3432939052581787,0.04145161807537079,False,False
1,64x1,experience_off,50,50,1,50,0,-0.33994027972221375,0.03124755434691906,False,False
1,64x1,experience_off,51,51,1,51,0,-0.3402867615222931,0.034875404089689255,False,False
1,64x1,experience_off,52,52,1,52,0,-0.34054264426231384,0.03596068173646927,False,False
1,64x1,experience_off,53,53,1,53,0,-0.3344665467739105,0.02860274724662304,False,False
1,64x1,experience_off,54,54,1,54,0,-0.3366805911064148,0.04214393347501755,False,False
1,64x1,experience_off,55,55,1,55,0,-0.34170427918434143,0.02487790212035179,False,False
1,64x1,experience_off,56,56,1,56,0,-0.33897823095321655,0.025686707347631454,False,False
1,64x1,experience_off,57,57,1,57,0,-0.33363252878189087,0.04265290126204491,False,False
1,64x1,experience_off,58,58,1,58,0,-0.34039759635925293,0.030974015593528748,False,False
1,64x1,experience_off,59,59,1,59,0,-0.33971112966537476,0.032046590000391006,False,False
1,64x1,experience_off,60,60,1,60,0,-0.33691054582595825,0.0544758066534996,False,False
1,64x1,experience_off,61,61,1,61,0,-0.3380998969078064,0.06139453500509262,False,False
1,64x1,experience_off,62,62,1,62,0,-0.3396071195602417,0.05782393366098404,False,False
1,64x1,experience_off,63,63,1,63,0,-0.340374618768692,0.029053321108222008,False,False
1,64x1,experience_off,64,64,1,64,0,-0.3393511474132538,0.05245734006166458,False,False
1,32x2,experience_on,1,1,1,1,0,-0.34067970514297485,0.053928013890981674,False,False
1,32x2,experience_on,2,2,1,2,0,-0.3378334641456604,0.03370191901922226,False,False
1,32x2,experience_on,3,3,1,3,0,-0.34233593940734863,0.029643869027495384,False,False
1,32x2,experience_on,4,4,1,4,0,-0.33168652653694153,0.034280598163604736,False,False
1,32x2,experience_on,5,5,1,5,0,-0.3418501615524292,0.051309358328580856,False,False
1,32x2,experience_on,6,6,1,6,0,-0.3401404619216919,0.04697325825691223,False,False
1,32x2,experience_on,7,7,1,7,0,-0.3428272306919098,0.07574918121099472,False,False
1,32x2,experience_on,8,8,1,8,0,-0.3331160247325897,0.037626348435878754,False,False
1,32x2,experience_on,9,9,1,9,0,-0.337955117225647,0.020810209214687347,False,False
1,32x2,experience_on,10,10,1,10,0,-0.3419267237186432,0.052067480981349945,False,False
1,32x2,experience_on,11,11,1,11,0,-0.337486207485199,0.028758399188518524,False,False
1,32x2,experience_on,12,12,1,12,0,-0.34224265813827515,0.034499313682317734,False,False
1,32x2,experience_on,13,13,1,13,0,-0.32774585485458374,0.030127573758363724,False,False
1,32x2,experience_on,14,14,1,14,0,-0.34022653102874756,0.04458826035261154,False,False
1,32x2,experience_on,15,15,1,15,0,-0.342466801404953,0.04805769771337509,False,False
1,32x2,experience_on,16,16,1,16,0,-0.3405209183692932,0.03921767324209213,False,False
1,32x2,experience_on,17,17,1,17,0,-0.3356914222240448,0.04915895685553551,False,False
1,32x2,experience_on,18,18,1,18,0,-0.33942902088165283,0.025142185389995575,False,False
1,32x2,experience_on,19,19,1,19,0,-0.33285415172576904,0.017088940367102623,False,False
1,32x2,experience_on,20,20,1,20,0,-0.3379635810852051,0.030734850093722343,False,False
1,32x2,experience_on,21,21,1,21,0,-0.33600348234176636,0.027410902082920074,False,False
1,32x2,experience_on,22,22,1,22,0,-0.34115636348724365,0.04998236149549484,False,False
1,32x2,experience_on,23,23,1,23,0,-0.3412589430809021,0.058528926223516464,False,False
1,32x2,experience_on,24,24,1,24,0,-0.33380717039108276,0.041594307869672775,False,False
1,32x2,experience_on,25,25,1,25,0,-0.33953240513801575,0.038386642932891846,False,False
1,32x2,experience_on,26,26,1,26,0,-0.342032253742218,0.029458913952112198,False,False
1,32x2,experience_on,27,27,1,27,0,-0.3426375091075897,0.04770861193537712,False,False
1,32x2,experience_on,28,28,1,28,0,-0.33063024282455444,0.03770475834608078,False,False
1,32x2,experience_on,29,29,1,29,0,-0.34468916058540344,0.05566000938415527,True,False
1,32x2,experience_on,30,30,1,30,0,-0.33711156249046326,0.0361899733543396,False,False
1,32x2,experience_on,31,31,1,31,0,-0.33478695154190063,0.03626634553074837,False,False
1,32x2,experience_on,32,32,1,32,0,-0.33903661370277405,0.06440876424312592,False,False
1,32x2,experience_on,33,33,2,1,32,-0.33981937170028687,0.04525541886687279,False,False
1,32x2,experience_on,34,34,2,2,32,-0.3338862657546997,0.08425325155258179,False,False
1,32x2,experience_on,35,35,2,3,32,-0.33642852306365967,0.02447577379643917,False,False
1,32x2,experience_on,36,36,2,4,32,-0.3394109606742859,0.05269552394747734,False,False
1,32x2,experience_on,37,37,2,5,32,-0.3351735472679138,0.044595953077077866,False,False
1,32x2,experience_on,38,38,2,6,32,-0.3372526466846466,0.03545360267162323,False,False
1,32x2,experience_on,39,39,2,7,32,-0.33797940611839294,0.03518105670809746,False,False
1,32x2,experience_on,40,40,2,8,32,-0.34265780448913574,0.031011775135993958,False,False
1,32x2,experience_on,41,41,2,9,32,-0.3329942226409912,0.022895824164152145,False,False
1,32x2,experience_on,42,42,2,10,32,-0.33594030141830444,0.0330018624663353,False,False
1,32x2,experience_on,43,43,2,11,32,-0.3355982303619385,0.03955572471022606,False,False
1,32x2,experience_on,44,44,2,12,32,-0.33562254905700684,0.04351609945297241,False,False
1,32x2,experience_on,45,45,2,13,32,-0.33909472823143005,0.0155249685049057,False,True
1,32x2,experience_on,46,46,2,14,32,-0.3387724757194519,0.05100450664758682,False,False
1,32x2,experience_on,47,47,2,15,32,-0.3342777490615845,0.019567174836993217,False,False
1,32x2,experience_on,48,48,2,16,32,-0.3374479413032532,0.030608173459768295,False,False
1,32x2,experience_on,49,49,2,17,32,-0.3428691327571869,0.041862647980451584,False,False
1,32x2,experience_on,50,50,2,18,32,-0.3394838571548462,0.028913011774420738,False,False
1,32x2,experience_on,51,51,2,19,32,-0.3395068049430847,0.036206744611263275,False,False
1,32x2,experience_on,52,52,2,20,32,-0.3405210077762604,0.04013783484697342,False,False
1,32x2,experience_on,53,53,2,21,32,-0.3341827094554901,0.03189267963171005,False,False
1,32x2,experience_on,54,54,2,22,32,-0.3367506265640259,0.03833550959825516,False,False
1,32x2,experience_on,55,55,2,23,32,-0.34127718210220337,0.02754392847418785,False,False
1,32x2,experience_on,56,56,2,24,32,-0.33879345655441284,0.02717282436788082,False,False
1,32x2,experience_on,57,57,2,25,32,-0.3332754969596863,0.04055744782090187,False,False
1,32x2,experience_on,58,58,2,26,32,-0.33975356817245483,0.028434962034225464,False,False
1,32x2,experience_on,59,59,2,27,32,-0.33956456184387207,0.029936840757727623,False,False
1,32x2,experience_on,60,60,2,28,32,-0.3364143669605255,0.05618734285235405,False,False
1,32x2,experience_on,61,61,2,29,32,-0.33849719166755676,0.06568997353315353,False,False
1,32x2,experience_on,62,62,2,30,32,-0.339588463306427,0.05674080178141594,False,False
1,32x2,experience_on,63,63,2,31,32,-0.34002378582954407,0.0316295251250267,False,False
1,32x2,experience_on,64,64,2,32,32,-0.33903437852859497,0.04887467622756958,False,False
1,16x4,experience_on,1,1,1,1,0,-0.3406795859336853,0.05392789840698242,False,False
1,16x4,experience_on,2,2,1,2,0,-0.3378334641456604,0.033701956272125244,False,False
1,16x4,experience_on,3,3,1,3,0,-0.342335969209671,0.029643908143043518,False,False
1,16x4,experience_on,4,4,1,4,0,-0.33168673515319824,0.03428059071302414,False,False
1,16x4,experience_on,5,5,1,5,0,-0.3418501317501068,0.05130888521671295,False,False
1,16x4,experience_on,6,6,1,6,0,-0.34014058113098145,0.046973228454589844,False,False
1,16x4,experience_on,7,7,1,7,0,-0.3428272604942322,0.0757492259144783,False,False
1,16x4,experience_on,8,8,1,8,0,-0.333115816116333,0.03762655332684517,False,False
1,16x4,experience_on,9,9,1,9,0,-0.33795517683029175,0.020810194313526154,False,False
1,16x4,experience_on,10,10,1,10,0,-0.3419267535209656,0.05206746608018875,False,False
1,16x4,experience_on,11,11,1,11,0,-0.337486207485199,0.02875838428735733,False,False
1,16x4,experience_on,12,12,1,12,0,-0.3422424793243408,0.03449933975934982,False,False
1,16x4,experience_on,13,13,1,13,0,-0.327745646238327,0.030127551406621933,False,False
1,16x4,experience_on,14,14,1,14,0,-0.34022650122642517,0.04458821937441826,False,False
1,16x4,experience_on,15,15,1,15,0,-0.34246671199798584,0.04805786907672882,False,False
1,16x4,experience_on,16,16,1,16,0,-0.34052103757858276,0.03921739384531975,False,False
1,16x4,experience_on,17,17,2,1,16,-0.3351602256298065,0.04986690729856491,False,False
1,16x4,experience_on,18,18,2,2,16,-0.3388155698776245,0.025235524401068687,False,False
1,16x4,experience_on,19,19,2,3,16,-0.33210113644599915,0.01807120069861412,False,False
1,16x4,experience_on,20,20,2,4,16,-0.3372098207473755,0.03144540637731552,False,False
1,16x4,experience_on,21,21,2,5,16,-0.33581992983818054,0.028518199920654297,False,False
1,16x4,experience_on,22,22,2,6,16,-0.3409090042114258,0.05395862087607384,False,False
1,16x4,experience_on,23,23,2,7,16,-0.34126532077789307,0.06325207650661469,False,False
1,16x4,experience_on,24,24,2,8,16,-0.3337317109107971,0.041446976363658905,False,False
1,16x4,experience_on,25,25,2,9,16,-0.33917203545570374,0.04046797752380371,False,False
1,16x4,experience_on,26,26,2,10,16,-0.3415135443210602,0.029647935181856155,False,False
1,16x4,experience_on,27,27,2,11,16,-0.3426780700683594,0.049250971525907516,False,False
1,16x4,experience_on,28,28,2,12,16,-0.3307565152645111,0.03500058501958847,False,False
1,16x4,experience_on,29,29,2,13,16,-0.34384220838546753,0.05621666461229324,True,False
1,16x4,experience_on,30,30,2,14,16,-0.3371477425098419,0.034627024084329605,False,False
1,16x4,experience_on,31,31,2,15,16,-0.3341691792011261,0.03529970347881317,False,False
1,16x4,experience_on,32,32,2,16,16,-0.33885177969932556,0.06985767185688019,False,False
1,16x4,experience_on,33,33,3,1,32,-0.3398209810256958,0.045255787670612335,False,False
1,16x4,experience_on,34,34,3,2,32,-0.3338899612426758,0.0842452272772789,False,False
1,16x4,experience_on,35,35,3,3,32,-0.33642759919166565,0.02448059618473053,False,False
1,16x4,experience_on,36,36,3,4,32,-0.33940842747688293,0.05269341915845871,False,False
1,16x4,experience_on,37,37,3,5,32,-0.33517470955848694,0.044608235359191895,False,False
1,16x4,experience_on,38,38,3,6,32,-0.33725595474243164,0.035455118864774704,False,False
1,16x4,experience_on,39,39,3,7,32,-0.33797770738601685,0.0351845920085907,False,False
1,16x4,experience_on,40,40,3,8,32,-0.3426569700241089,0.031011288985610008,False,False
1,16x4,experience_on,41,41,3,9,32,-0.3329938054084778,0.0228999312967062,False,False
1,16x4,experience_on,42,42,3,10,32,-0.33594128489494324,0.03300676494836807,False,False
1,16x4,experience_on,43,43,3,11,32,-0.3356010317802429,0.039559200406074524,False,False
1,16x4,experience_on,44,44,3,12,32,-0.3356205224990845,0.04352004453539848,False,False
1,16x4,experience_on,45,45,3,13,32,-0.3390961289405823,0.015526237897574902,False,True
1,16x4,experience_on,46,46,3,14,32,-0.3387695550918579,0.05099949240684509,False,False
1,16x4,experience_on,47,47,3,15,32,-0.3342764377593994,0.019566744565963745,False,False
1,16x4,experience_on,48,48,3,16,32,-0.33744847774505615,0.03060881793498993,False,False
1,16x4,experience_on,49,49,4,1,48,-0.34287065267562866,0.04186827689409256,False,False
1,16x4,experience_on,50,50,4,2,48,-0.3394862115383148,0.02891434356570244,False,False
1,16x4,experience_on,51,51,4,3,48,-0.3395058214664459,0.036211129277944565,False,False
1,16x4,experience_on,52,52,4,4,48,-0.34052056074142456,0.040141381323337555,False,False
1,16x4,experience_on,53,53,4,5,48,-0.3341805338859558,0.03189726918935776,False,False
1,16x4,experience_on,54,54,4,6,48,-0.33675727248191833,0.038340646773576736,False,False
1,16x4,experience_on,55,55,4,7,48,-0.3412742018699646,0.027546897530555725,False,False
1,16x4,experience_on,56,56,4,8,48,-0.3387953042984009,0.027171960100531578,False,False
1,16x4,experience_on,57,57,4,9,48,-0.33326733112335205,0.04056374728679657,False,False
1,16x4,experience_on,58,58,4,10,48,-0.33975762128829956,0.02843475341796875,False,False
1,16x4,experience_on,59,59,4,11,48,-0.33956378698349,0.029940959066152573,False,False
1,16x4,experience_on,60,60,4,12,48,-0.33641165494918823,0.05618610605597496,False,False
1,16x4,experience_on,61,61,4,13,48,-0.3384978771209717,0.06569962948560715,False,False
1,16x4,experience_on,62,62,4,14,48,-0.3395865559577942,0.056743018329143524,False,False
1,16x4,experience_on,63,63,4,15,48,-0.340026319026947,0.031632762402296066,False,False
1,16x4,experience_on,64,64,4,16,48,-0.33904212713241577,0.04887956380844116,False,False
1,8x8,experience_on,1,1,1,1,0,-0.34067946672439575,0.05392802879214287,False,False
1,8x8,experience_on,2,2,1,2,0,-0.33783358335494995,0.03370209038257599,False,False
1,8x8,experience_on,3,3,1,3,0,-0.34233590960502625,0.029643889516592026,False,False
1,8x8,experience_on,4,4,1,4,0,-0.3316866159439087,0.034280531108379364,False,False
1,8x8,experience_on,5,5,1,5,0,-0.3418504595756531,0.05130958557128906,False,False
1,8x8,experience_on,6,6,1,6,0,-0.34014034271240234,0.046973422169685364,False,False
1,8x8,experience_on,7,7,1,7,0,-0.3428271412849426,0.07574949413537979,False,False
1,8x8,experience_on,8,8,1,8,0,-0.3331155776977539,0.03762643039226532,False,False
1,8x8,experience_on,9,9,2,1,8,-0.33796560764312744,0.021025296300649643,False,False
1,8x8,experience_on,10,10,2,2,8,-0.34150052070617676,0.049193769693374634,False,False
1,8x8,experience_on,11,11,2,3,8,-0.33685433864593506,0.026331011205911636,False,False
1,8x8,experience_on,12,12,2,4,8,-0.34198492765426636,0.032655440270900726,False,False
1,8x8,experience_on,13,13,2,5,8,-0.3274937868118286,0.034817885607481,False,False
1,8x8,experience_on,14,14,2,6,8,-0.33977752923965454,0.04400976002216339,False,False
1,8x8,experience_on,15,15,2,7,8,-0.3420243263244629,0.04936980828642845,False,False
1,8x8,experience_on,16,16,2,8,8,-0.34024572372436523,0.039972275495529175,False,False
1,8x8,experience_on,17,17,3,1,16,-0.33516108989715576,0.049873750656843185,False,False
1,8x8,experience_on,18,18,3,2,16,-0.338814377784729,0.025237534195184708,False,False
1,8x8,experience_on,19,19,3,3,16,-0.3321046829223633,0.01807195506989956,False,False
1,8x8,experience_on,20,20,3,4,16,-0.33720824122428894,0.031443990767002106,False,False
1,8x8,experience_on,21,21,3,5,16,-0.3358210325241089,0.028519287705421448,False,False
1,8x8,experience_on,22,22,3,6,16,-0.34090784192085266,0.053963519632816315,False,False
1,8x8,experience_on,23,23,3,7,16,-0.3412654399871826,0.06325985491275787,False,False
1,8x8,experience_on,24,24,3,8,16,-0.33372947573661804,0.0414406880736351,False,False
1,8x8,experience_on,25,25,4,1,24,-0.33917033672332764,0.040474146604537964,False,False
1,8x8,experience_on,26,26,4,2,24,-0.3415165841579437,0.02964991144835949,False,False
1,8x8,experience_on,27,27,4,3,24,-0.3426804840564728,0.049254726618528366,False,False
1,8x8,experience_on,28,28,4,4,24,-0.3307631015777588,0.03499613702297211,False,False
1,8x8,experience_on,29,29,4,5,24,-0.34385162591934204,0.05622177571058273,True,False
1,8x8,experience_on,30,30,4,6,24,-0.33714425563812256,0.03462361544370651,False,False
1,8x8,experience_on,31,31,4,7,24,-0.33416953682899475,0.0353008471429348,False,False
1,8x8,experience_on,32,32,4,8,24,-0.3388504385948181,0.0698564425110817,False,False
1,8x8,experience_on,33,33,5,1,32,-0.33982157707214355,0.04525600001215935,False,False
1,8x8,experience_on,34,34,5,2,32,-0.33389174938201904,0.0842403918504715,False,False
1,8x8,experience_on,35,35,5,3,32,-0.33642715215682983,0.02448299154639244,False,False
1,8x8,experience_on,36,36,5,4,32,-0.3394071161746979,0.05269252508878708,False,False
1,8x8,experience_on,37,37,5,5,32,-0.335175096988678,0.044614456593990326,False,False
1,8x8,experience_on,38,38,5,6,32,-0.3372575640678406,0.035455700010061264,False,False
1,8x8,experience_on,39,39,5,7,32,-0.33797699213027954,0.03518625348806381,False,False
1,8x8,experience_on,40,40,5,8,32,-0.3426564931869507,0.031011102721095085,False,False
1,8x8,experience_on,41,41,6,1,40,-0.3329930901527405,0.022897040471434593,False,False
1,8x8,experience_on,42,42,6,2,40,-0.3359415829181671,0.033002372831106186,False,False
1,8x8,experience_on,43,43,6,3,40,-0.33560097217559814,0.039556242525577545,False,False
1,8x8,experience_on,44,44,6,4,40,-0.33562105894088745,0.043517522513866425,False,False
1,8x8,experience_on,45,45,6,5,40,-0.3390955924987793,0.015525287948548794,False,True
1,8x8,experience_on,46,46,6,6,40,-0.3387714922428131,0.05100371688604355,False,False
1,8x8,experience_on,47,47,6,7,40,-0.33427780866622925,0.019567957147955894,False,False
1,8x8,experience_on,48,48,6,8,40,-0.3374485373497009,0.030606336891651154,False,False
1,8x8,experience_on,49,49,7,1,48,-0.3428703248500824,0.041868627071380615,False,False
1,8x8,experience_on,50,50,7,2,48,-0.3394870162010193,0.028912827372550964,False,False
1,8x8,experience_on,51,51,7,3,48,-0.3395053744316101,0.03621342405676842,False,False
1,8x8,experience_on,52,52,7,4,48,-0.34052062034606934,0.040142640471458435,False,False
1,8x8,experience_on,53,53,7,5,48,-0.3341800272464752,0.03189864754676819,False,False
1,8x8,experience_on,54,54,7,6,48,-0.3367576599121094,0.03834104165434837,False,False
1,8x8,experience_on,55,55,7,7,48,-0.34127363562583923,0.027547862380743027,False,False
1,8x8,experience_on,56,56,7,8,48,-0.3387957215309143,0.0271716620773077,False,False
1,8x8,experience_on,57,57,8,1,56,-0.3332695960998535,0.04055974632501602,False,False
1,8x8,experience_on,58,58,8,2,56,-0.3397563695907593,0.02843422256410122,False,False
1,8x8,experience_on,59,59,8,3,56,-0.33956289291381836,0.029938653111457825,False,False
1,8x8,experience_on,60,60,8,4,56,-0.33641213178634644,0.05618986487388611,False,False
1,8x8,experience_on,61,61,8,5,56,-0.3384976387023926,0.06569930911064148,False,False
1,8x8,experience_on,62,62,8,6,56,-0.3395872414112091,0.05674093961715698,False,False
1,8x8,experience_on,63,63,8,7,56,-0.3400251269340515,0.031632013618946075,False,False
1,8x8,experience_on,64,64,8,8,56,-0.33903998136520386,0.048879146575927734,False,False
1,4x16,experience_on,1,1,1,1,0,-0.34067946672439575,0.053927987813949585,False,False
1,4x16,experience_on,2,2,1,2,0,-0.3378335237503052,0.03370201587677002,False,False
1,4x16,experience_on,3,3,1,3,0,-0.34233587980270386,0.02964412234723568,False,False
1,4x16,experience_on,4,4,1,4,0,-0.33168670535087585,0.03428036347031593,False,False
1,4x16,experience_on,5,5,2,1,4,-0.34145376086235046,0.054416149854660034,False,False
1,4x16,experience_on,6,6,2,2,4,-0.3397481143474579,0.0507691465318203,False,False
1,4x16,experience_on,7,7,2,3,4,-0.34225523471832275,0.07752799987792969,False,False
1,4x16,experience_on,8,8,2,4,4,-0.3326626121997833,0.03574651479721069,False,False
1,4x16,experience_on,9,9,3,1,8,-0.3379652202129364,0.021024495363235474,False,False
1,4x16,experience_on,10,10,3,2,8,-0.3415001332759857,0.04918619245290756,False,False
1,4x16,experience_on,11,11,3,3,8,-0.336854487657547,0.02632899582386017,False,False
1,4x16,experience_on,12,12,3,4,8,-0.341985285282135,0.0326550155878067,False,False
1,4x16,experience_on,13,13,4,1,12,-0.3274933695793152,0.0348227396607399,False,False
1,4x16,experience_on,14,14,4,2,12,-0.33977794647216797,0.044012121856212616,False,False
1,4x16,experience_on,15,15,4,3,12,-0.3420242667198181,0.04936759173870087,False,False
1,4x16,experience_on,16,16,4,4,12,-0.34024477005004883,0.03997139260172844,False,False
1,4x16,experience_on,17,17,5,1,16,-0.335161417722702,0.04987674951553345,False,False
1,4x16,experience_on,18,18,5,2,16,-0.3388138711452484,0.02523859590291977,False,False
1,4x16,experience_on,19,19,5,3,16,-0.3321065902709961,0.01807229220867157,False,False
1,4x16,experience_on,20,20,5,4,16,-0.3372070789337158,0.03144291788339615,False,False
1,4x16,experience_on,21,21,6,1,20,-0.3358262777328491,0.028521187603473663,False,False
1,4x16,experience_on,22,22,6,2,20,-0.3409051299095154,0.05396890640258789,False,False
1,4x16,experience_on,23,23,6,3,20,-0.3412652909755707,0.06327568739652634,False,False
1,4x16,experience_on,24,24,6,4,20,-0.33372336626052856,0.04143602401018143,False,False
1,4x16,experience_on,25,25,7,1,24,-0.3391689658164978,0.040477052330970764,False,False
1,4x16,experience_on,26,26,7,2,24,-0.34151631593704224,0.029651125892996788,False,False
1,4x16,experience_on,27,27,7,3,24,-0.34268060326576233,0.049258291721343994,False,False
1,4x16,experience_on,28,28,7,4,24,-0.3307642936706543,0.03499672934412956,False,False
1,4x16,experience_on,29,29,8,1,28,-0.34385132789611816,0.05622376129031181,True,False
1,4x16,experience_on,30,30,8,2,28,-0.3371450901031494,0.03462664783000946,False,False
1,4x16,experience_on,31,31,8,3,28,-0.3341684639453888,0.03530401736497879,False,False
1,4x16,experience_on,32,32,8,4,28,-0.33885008096694946,0.0698595643043518,False,False
1,4x16,experience_on,33,33,9,1,32,-0.33982205390930176,0.04525623470544815,False,False
1,4x16,experience_on,34,34,9,2,32,-0.3338930606842041,0.08423823118209839,False,False
1,4x16,experience_on,35,35,9,3,32,-0.3364269435405731,0.024484192952513695,False,False
1,4x16,experience_on,36,36,9,4,32,-0.3394066095352173,0.052691977471113205,False,False
1,4x16,experience_on,37,37,10,1,36,-0.3351761996746063,0.04460526630282402,False,False
1,4x16,experience_on,38,38,10,2,36,-0.3372584283351898,0.035454921424388885,False,False
1,4x16,experience_on,39,39,10,3,36,-0.33797723054885864,0.035184312611818314,False,False
1,4x16,experience_on,40,40,10,4,36,-0.3426562547683716,0.031010661274194717,False,False
1,4x16,experience_on,41,41,11,1,40,-0.3329929709434509,0.022897861897945404,False,False
1,4x16,experience_on,42,42,11,2,40,-0.3359415829181671,0.03300333395600319,False,False
1,4x16,experience_on,43,43,11,3,40,-0.3356013894081116,0.039557084441185,False,False
1,4x16,experience_on,44,44,11,4,40,-0.33562058210372925,0.04351819306612015,False,False
1,4x16,experience_on,45,45,12,1,44,-0.3390958309173584,0.015525639057159424,False,True
1,4x16,experience_on,46,46,12,2,44,-0.3387691378593445,0.050999563187360764,False,False
1,4x16,experience_on,47,47,12,3,44,-0.3342762589454651,0.01956871710717678,False,False
1,4x16,experience_on,48,48,12,4,44,-0.33744746446609497,0.030607586726546288,False,False
1,4x16,experience_on,49,49,13,1,48,-0.3428703844547272,0.04186887666583061,False,False
1,4x16,experience_on,50,50,13,2,48,-0.3394872546195984,0.028911884874105453,False,False
1,4x16,experience_on,51,51,13,3,48,-0.33950504660606384,0.03621451184153557,False,False
1,4x16,experience_on,52,52,13,4,48,-0.34052062034606934,0.04014325141906738,False,False
1,4x16,experience_on,53,53,14,1,52,-0.33418017625808716,0.03189925104379654,False,False
1,4x16,experience_on,54,54,14,2,52,-0.3367558419704437,0.038338273763656616,False,False
1,4x16,experience_on,55,55,14,3,52,-0.34127384424209595,0.027547268196940422,False,False
1,4x16,experience_on,56,56,14,4,52,-0.3387952446937561,0.027172505855560303,False,False
1,4x16,experience_on,57,57,15,1,56,-0.33326876163482666,0.04056037962436676,False,False
1,4x16,experience_on,58,58,15,2,56,-0.3397566080093384,0.02843398228287697,False,False
1,4x16,experience_on,59,59,15,3,56,-0.33956286311149597,0.0299390759319067,False,False
1,4x16,experience_on,60,60,15,4,56,-0.33641156554222107,0.0561906062066555,False,False
1,4x16,experience_on,61,61,16,1,60,-0.33849799633026123,0.06570341438055038,False,False
1,4x16,experience_on,62,62,16,2,60,-0.33958688378334045,0.05674145370721817,False,False
1,4x16,experience_on,63,63,16,3,60,-0.34002527594566345,0.031633540987968445,False,False
1,4x16,experience_on,64,64,16,4,60,-0.3390417695045471,0.04888051375746727,False,False
2,64x1,experience_off,1,1,1,1,0,-0.2574613094329834,0.30613240599632263,False,False
2,64x1,experience_off,2,2,1,2,0,-0.2467440515756607,0.5192309021949768,False,False
2,64x1,experience_off,3,3,1,3,0,-0.26246005296707153,0.16963914036750793,False,False
2,64x1,experience_off,4,4,1,4,0,-0.2645658254623413,0.10106471180915833,False,False
2,64x1,experience_off,5,5,1,5,0,-0.2666282653808594,0.24111422896385193,False,False
2,64x1,experience_off,6,6,1,6,0,-0.26112455129623413,0.05106499791145325,False,False
2,64x1,experience_off,7,7,1,7,0,-0.24756495654582977,0.30521002411842346,False,False
2,64x1,experience_off,8,8,1,8,0,-0.2540016174316406,0.10065826028585434,False,False
2,64x1,experience_off,9,9,1,9,0,-0.25690221786499023,0.2521190643310547,False,False
2,64x1,experience_off,10,10,1,10,0,-0.260808527469635,0.49194130301475525,False,False
2,64x1,experience_off,11,11,1,11,0,-0.2641708254814148,0.5919129252433777,False,False
2,64x1,experience_off,12,12,1,12,0,-0.2614620327949524,0.15407323837280273,False,False
2,64x1,experience_off,13,13,1,13,0,-0.27100247144699097,0.03300631046295166,False,False
2,64x1,experience_off,14,14,1,14,0,-0.2607348561286926,0.07298007607460022,False,False
2,64x1,experience_off,15,15,1,15,0,-0.24700583517551422,0.1216123104095459,False,False
2,64x1,experience_off,16,16,1,16,0,-0.2635692358016968,0.1313101351261139,False,False
2,64x1,experience_off,17,17,1,17,0,-0.26045429706573486,0.14607182145118713,False,False
2,64x1,experience_off,18,18,1,18,0,-0.2624066472053528,0.062376152724027634,False,False
2,64x1,experience_off,19,19,1,19,0,-0.26620617508888245,0.07537099719047546,False,False
2,64x1,experience_off,20,20,1,20,0,-0.25913310050964355,0.15121935307979584,False,False
2,64x1,experience_off,21,21,1,21,0,-0.2204475998878479,0.13083261251449585,False,False
2,64x1,experience_off,22,22,1,22,0,-0.26424145698547363,0.022870250046253204,False,True
2,64x1,experience_off,23,23,1,23,0,-0.2695765495300293,0.4079429507255554,False,False
2,64x1,experience_off,24,24,1,24,0,-0.25996190309524536,0.5673618316650391,False,False
2,64x1,experience_off,25,25,1,25,0,-0.2551172375679016,0.05273991823196411,False,False
2,64x1,experience_off,26,26,1,26,0,-0.26108497381210327,0.0331944078207016,False,False
2,64x1,experience_off,27,27,1,27,0,-0.27505654096603394,0.10546037554740906,False,False
2,64x1,experience_off,28,28,1,28,0,-0.26257991790771484,0.15388797223567963,False,False
2,64x1,experience_off,29,29,1,29,0,-0.2657098174095154,0.0411485992372036,False,False
2,64x1,experience_off,30,30,1,30,0,-0.251051127910614,0.303350031375885,False,False
2,64x1,experience_off,31,31,1,31,0,-0.26492297649383545,0.1723952740430832,False,False
2,64x1,experience_off,32,32,1,32,0,-0.27222827076911926,0.4996292293071747,False,False
2,64x1,experience_off,33,33,1,33,0,-0.2631927728652954,0.11455097049474716,False,False
2,64x1,experience_off,34,34,1,34,0,-0.2638416588306427,0.6298622488975525,False,False
2,64x1,experience_off,35,35,1,35,0,-0.24115128815174103,0.08860166370868683,False,False
2,64x1,experience_off,36,36,1,36,0,-0.2752797603607178,0.11675915122032166,True,False
2,64x1,experience_off,37,37,1,37,0,-0.26142674684524536,0.12362878024578094,False,False
2,64x1,experience_off,38,38,1,38,0,-0.2701036334037781,0.1603194624185562,False,False
2,64x1,experience_off,39,39,1,39,0,-0.2467876523733139,0.08400160074234009,False,False
2,64x1,experience_off,40,40,1,40,0,-0.25593018531799316,0.07564666867256165,False,False
2,64x1,experience_off,41,41,1,41,0,-0.2636686861515045,0.12769149243831635,False,False
2,64x1,experience_off,42,42,1,42,0,-0.2619979977607727,0.18738365173339844,False,False
2,64x1,experience_off,43,43,1,43,0,-0.2498439997434616,0.036148734390735626,False,False
2,64x1,experience_off,44,44,1,44,0,-0.26293686032295227,0.3366398215293884,False,False
2,64x1,experience_off,45,45,1,45,0,-0.26279938220977783,0.07641030102968216,False,False
2,64x1,experience_off,46,46,1,46,0,-0.27206718921661377,0.150105819106102,False,False
2,64x1,experience_off,47,47,1,47,0,-0.24724648892879486,0.3029133677482605,False,False
2,64x1,experience_off,48,48,1,48,0,-0.258952260017395,0.10265080630779266,False,False
2,64x1,experience_off,49,49,1,49,0,-0.2680307924747467,0.12516599893569946,False,False
2,64x1,experience_off,50,50,1,50,0,-0.253318727016449,0.04218373820185661,False,False
2,64x1,experience_off,51,51,1,51,0,-0.2621779441833496,0.11800901591777802,False,False
2,64x1,experience_off,52,52,1,52,0,-0.25744372606277466,0.05138949677348137,False,False
2,64x1,experience_off,53,53,1,53,0,-0.27346670627593994,0.20230400562286377,False,False
2,64x1,experience_off,54,54,1,54,0,-0.2578606605529785,0.13105975091457367,False,False
2,64x1,experience_off,55,55,1,55,0,-0.2674572169780731,0.07287465035915375,False,False
2,64x1,experience_off,56,56,1,56,0,-0.243658646941185,0.06450311839580536,False,False
2,64x1,experience_off,57,57,1,57,0,-0.25834283232688904,0.27017414569854736,False,False
2,64x1,experience_off,58,58,1,58,0,-0.2715604901313782,0.035380084067583084,False,False
2,64x1,experience_off,59,59,1,59,0,-0.25324180722236633,0.09479080140590668,False,False
2,64x1,experience_off,60,60,1,60,0,-0.2555153965950012,0.5741844177246094,False,False
2,64x1,experience_off,61,61,1,61,0,-0.2608455419540405,0.24791860580444336,False,False
2,64x1,experience_off,62,62,1,62,0,-0.2519434690475464,0.13090315461158752,False,False
2,64x1,experience_off,63,63,1,63,0,-0.2651190459728241,0.11526834964752197,False,False
2,64x1,experience_off,64,64,1,64,0,-0.25677433609962463,0.12381496280431747,False,False
2,32x2,experience_on,1,1,1,1,0,-0.25746142864227295,0.30613136291503906,False,False
2,32x2,experience_on,2,2,1,2,0,-0.24674390256404877,0.5192289352416992,False,False
2,32x2,experience_on,3,3,1,3,0,-0.26246005296707153,0.16963832080364227,False,False
2,32x2,experience_on,4,4,1,4,0,-0.2645660638809204,0.10106438398361206,False,False
2,32x2,experience_on,5,5,1,5,0,-0.26662832498550415,0.24111559987068176,False,False
2,32x2,experience_on,6,6,1,6,0,-0.2611244022846222,0.05106478929519653,False,False
2,32x2,experience_on,7,7,1,7,0,-0.247564896941185,0.30521008372306824,False,False
2,32x2,experience_on,8,8,1,8,0,-0.2540017366409302,0.10065750777721405,False,False
2,32x2,experience_on,9,9,1,9,0,-0.25690239667892456,0.2521181106567383,False,False
2,32x2,experience_on,10,10,1,10,0,-0.260808527469635,0.49194085597991943,False,False
2,32x2,experience_on,11,11,1,11,0,-0.2641708552837372,0.5919111967086792,False,False
2,32x2,experience_on,12,12,1,12,0,-0.2614622116088867,0.15407273173332214,False,False
2,32x2,experience_on,13,13,1,13,0,-0.2710026502609253,0.03300651162862778,False,False
2,32x2,experience_on,14,14,1,14,0,-0.2607349753379822,0.07297968864440918,False,False
2,32x2,experience_on,15,15,1,15,0,-0.2470063418149948,0.12161336839199066,False,False
2,32x2,experience_on,16,16,1,16,0,-0.2635692358016968,0.13131102919578552,False,False
2,32x2,experience_on,17,17,1,17,0,-0.2604542076587677,0.14607103168964386,False,False
2,32x2,experience_on,18,18,1,18,0,-0.26240670680999756,0.06237561255693436,False,False
2,32x2,experience_on,19,19,1,19,0,-0.26620620489120483,0.07537072896957397,False,False
2,32x2,experience_on,20,20,1,20,0,-0.2591332197189331,0.15121930837631226,False,False
2,32x2,experience_on,21,21,1,21,0,-0.22044748067855835,0.13083261251449585,False,False
2,32x2,experience_on,22,22,1,22,0,-0.26424139738082886,0.022870168089866638,False,True
2,32x2,experience_on,23,23,1,23,0,-0.2695764899253845,0.40794193744659424,False,False
2,32x2,experience_on,24,24,1,24,0,-0.2599620819091797,0.5673596262931824,False,False
2,32x2,experience_on,25,25,1,25,0,-0.2551175355911255,0.052740029990673065,False,False
2,32x2,experience_on,26,26,1,26,0,-0.2610851526260376,0.03319455310702324,False,False
2,32x2,experience_on,27,27,1,27,0,-0.27505654096603394,0.10546039044857025,False,False
2,32x2,experience_on,28,28,1,28,0,-0.2625799775123596,0.15388789772987366,False,False
2,32x2,experience_on,29,29,1,29,0,-0.26570984721183777,0.04114822670817375,False,False
2,32x2,experience_on,30,30,1,30,0,-0.251051127910614,0.3033484220504761,False,False
2,32x2,experience_on,31,31,1,31,0,-0.26492321491241455,0.17239484190940857,False,False
2,32x2,experience_on,32,32,1,32,0,-0.27222833037376404,0.49962568283081055,False,False
2,32x2,experience_on,33,33,2,1,32,-0.26538991928100586,0.11562591791152954,False,False
2,32x2,experience_on,34,34,2,2,32,-0.2651327848434448,0.613427996635437,False,False
2,32x2,experience_on,35,35,2,3,32,-0.245309516787529,0.09224134683609009,False,False
2,32x2,experience_on,36,36,2,4,32,-0.27669188380241394,0.11381149291992188,True,False
2,32x2,experience_on,37,37,2,5,32,-0.2624620795249939,0.11833737790584564,False,False
2,32x2,experience_on,38,38,2,6,32,-0.2717621326446533,0.16212546825408936,False,False
2,32x2,experience_on,39,39,2,7,32,-0.24917738139629364,0.08789953589439392,False,False
2,32x2,experience_on,40,40,2,8,32,-0.2582615315914154,0.0841633528470993,False,False
2,32x2,experience_on,41,41,2,9,32,-0.2648310661315918,0.12679804861545563,False,False
2,32x2,experience_on,42,42,2,10,32,-0.2645934224128723,0.168219655752182,False,False
2,32x2,experience_on,43,43,2,11,32,-0.2522486448287964,0.039399005472660065,False,False
2,32x2,experience_on,44,44,2,12,32,-0.26429879665374756,0.3272033631801605,False,False
2,32x2,experience_on,45,45,2,13,32,-0.26417651772499084,0.07276323437690735,False,False
2,32x2,experience_on,46,46,2,14,32,-0.27257055044174194,0.14882498979568481,False,False
2,32x2,experience_on,47,47,2,15,32,-0.25258809328079224,0.31728267669677734,False,False
2,32x2,experience_on,48,48,2,16,32,-0.26139333844184875,0.10245281457901001,False,False
2,32x2,experience_on,49,49,2,17,32,-0.2694863975048065,0.14429602026939392,False,False
2,32x2,experience_on,50,50,2,18,32,-0.2557273507118225,0.052579116076231,False,False
2,32x2,experience_on,51,51,2,19,32,-0.2649151384830475,0.12438850849866867,False,False
2,32x2,experience_on,52,52,2,20,32,-0.26025569438934326,0.061655834317207336,False,False
2,32x2,experience_on,53,53,2,21,32,-0.2742250859737396,0.20818600058555603,False,False
2,32x2,experience_on,54,54,2,22,32,-0.2587811350822449,0.11861945688724518,False,False
2,32x2,experience_on,55,55,2,23,32,-0.26969850063323975,0.07207001745700836,False,False
2,32x2,experience_on,56,56,2,24,32,-0.24651490151882172,0.06385721266269684,False,False
2,32x2,experience_on,57,57,2,25,32,-0.260646253824234,0.2597782015800476,False,False
2,32x2,experience_on,58,58,2,26,32,-0.2728477716445923,0.0391390323638916,False,False
2,32x2,experience_on,59,59,2,27,32,-0.25539126992225647,0.08400633186101913,False,False
2,32x2,experience_on,60,60,2,28,32,-0.2570050358772278,0.5497790575027466,False,False
2,32x2,experience_on,61,61,2,29,32,-0.26286444067955017,0.2787899672985077,False,False
2,32x2,experience_on,62,62,2,30,32,-0.25422948598861694,0.12557294964790344,False,False
2,32x2,experience_on,63,63,2,31,32,-0.2659670114517212,0.13018016517162323,False,False
2,32x2,experience_on,64,64,2,32,32,-0.25959116220474243,0.1187576949596405,False,False
2,16x4,experience_on,1,1,1,1,0,-0.25746142864227295,0.30613288283348083,False,False
2,16x4,experience_on,2,2,1,2,0,-0.24674402177333832,0.5192285180091858,False,False
2,16x4,experience_on,3,3,1,3,0,-0.262459933757782,0.16963963210582733,False,False
2,16x4,experience_on,4,4,1,4,0,-0.26456591486930847,0.10106527805328369,False,False
2,16x4,experience_on,5,5,1,5,0,-0.2666282653808594,0.2411162555217743,False,False
2,16x4,experience_on,6,6,1,6,0,-0.26112455129623413,0.05106450244784355,False,False
2,16x4,experience_on,7,7,1,7,0,-0.24756495654582977,0.3052096664905548,False,False
2,16x4,experience_on,8,8,1,8,0,-0.2540013790130615,0.10065849870443344,False,False
2,16x4,experience_on,9,9,1,9,0,-0.2569023370742798,0.252119779586792,False,False
2,16x4,experience_on,10,10,1,10,0,-0.2608085870742798,0.4919428825378418,False,False
2,16x4,experience_on,11,11,1,11,0,-0.26417088508605957,0.591911256313324,False,False
2,16x4,experience_on,12,12,1,12,0,-0.2614619731903076,0.15407299995422363,False,False
2,16x4,experience_on,13,13,1,13,0,-0.2710024118423462,0.03300631046295166,False,False
2,16x4,experience_on,14,14,1,14,0,-0.2607349753379822,0.07298014312982559,False,False
2,16x4,experience_on,15,15,1,15,0,-0.24700571596622467,0.12161308526992798,False,False
2,16x4,experience_on,16,16,1,16,0,-0.263569176197052,0.13131102919578552,False,False
2,16x4,experience_on,17,17,2,1,16,-0.2623788118362427,0.15625137090682983,False,False
2,16x4,experience_on,18,18,2,2,16,-0.2633490264415741,0.07538408041000366,False,False
2,16x4,experience_on,19,19,2,3,16,-0.26741325855255127,0.08830243349075317,False,False
2,16x4,experience_on,20,20,2,4,16,-0.26063650846481323,0.15323352813720703,False,False
2,16x4,experience_on,21,21,2,5,16,-0.22478578984737396,0.1231926903128624,False,False
2,16x4,experience_on,22,22,2,6,16,-0.2656998932361603,0.02735709212720394,False,True
2,16x4,experience_on,23,23,2,7,16,-0.2705710828304291,0.39053887128829956,False,False
2,16x4,experience_on,24,24,2,8,16,-0.26241016387939453,0.5763120651245117,False,False
2,16x4,experience_on,25,25,2,9,16,-0.2572879195213318,0.04621366411447525,False,False
2,16x4,experience_on,26,26,2,10,16,-0.2626475691795349,0.03617394343018532,False,False
2,16x4,experience_on,27,27,2,11,16,-0.27602243423461914,0.12315008044242859,False,False
2,16x4,experience_on,28,28,2,12,16,-0.2634439766407013,0.15909406542778015,False,False
2,16x4,experience_on,29,29,2,13,16,-0.2675473988056183,0.046507254242897034,False,False
2,16x4,experience_on,30,30,2,14,16,-0.25371500849723816,0.29706233739852905,False,False
2,16x4,experience_on,31,31,2,15,16,-0.266470730304718,0.16137996315956116,False,False
2,16x4,experience_on,32,32,2,16,16,-0.27300798892974854,0.49370449781417847,False,False
2,16x4,experience_on,33,33,3,1,32,-0.26539820432662964,0.11558061838150024,False,False
2,16x4,experience_on,34,34,3,2,32,-0.26514679193496704,0.6134709119796753,False,False
2,16x4,experience_on,35,35,3,3,32,-0.24531693756580353,0.09229730069637299,False,False
2,16x4,experience_on,36,36,3,4,32,-0.27670717239379883,0.11396413296461105,True,False
2,16x4,experience_on,37,37,3,5,32,-0.2624698281288147,0.11837828159332275,False,False
2,16x4,experience_on,38,38,3,6,32,-0.2717723250389099,0.16213911771774292,False,False
2,16x4,experience_on,39,39,3,7,32,-0.24917863309383392,0.08783632516860962,False,False
2,16x4,experience_on,40,40,3,8,32,-0.2582680583000183,0.08422916382551193,False,False
2,16x4,experience_on,41,41,3,9,32,-0.26484444737434387,0.1267389953136444,False,False
2,16x4,experience_on,42,42,3,10,32,-0.26460757851600647,0.16812972724437714,False,False
2,16x4,experience_on,43,43,3,11,32,-0.2522463798522949,0.0394267737865448,False,False
2,16x4,experience_on,44,44,3,12,32,-0.2643103301525116,0.32676419615745544,False,False
2,16x4,experience_on,45,45,3,13,32,-0.26419252157211304,0.07276836037635803,False,False
2,16x4,experience_on,46,46,3,14,32,-0.2725848853588104,0.14874497056007385,False,False
2,16x4,experience_on,47,47,3,15,32,-0.2526000142097473,0.3172764778137207,False,False
2,16x4,experience_on,48,48,3,16,32,-0.26140841841697693,0.10239502042531967,False,False
2,16x4,experience_on,49,49,4,1,48,-0.2694961428642273,0.14411547780036926,False,False
2,16x4,experience_on,50,50,4,2,48,-0.25573816895484924,0.052724212408065796,False,False
2,16x4,experience_on,51,51,4,3,48,-0.26491469144821167,0.1242431029677391,False,False
2,16x4,experience_on,52,52,4,4,48,-0.2602607011795044,0.06150251626968384,False,False
2,16x4,experience_on,53,53,4,5,48,-0.27423274517059326,0.20798832178115845,False,False
2,16x4,experience_on,54,54,4,6,48,-0.2587982714176178,0.11869272589683533,False,False
2,16x4,experience_on,55,55,4,7,48,-0.2697100043296814,0.07193262875080109,False,False
2,16x4,experience_on,56,56,4,8,48,-0.246512308716774,0.06374329328536987,False,False
2,16x4,experience_on,57,57,4,9,48,-0.2606593370437622,0.25998806953430176,False,False
2,16x4,experience_on,58,58,4,10,48,-0.27285826206207275,0.039101824164390564,False,False
2,16x4,experience_on,59,59,4,11,48,-0.2553947865962982,0.08418075740337372,False,False
2,16x4,experience_on,60,60,4,12,48,-0.25699299573898315,0.5494339466094971,False,False
2,16x4,experience_on,61,61,4,13,48,-0.26285701990127563,0.27852022647857666,False,False
2,16x4,experience_on,62,62,4,14,48,-0.2542479336261749,0.12553250789642334,False,False
2,16x4,experience_on,63,63,4,15,48,-0.26597386598587036,0.1299656629562378,False,False
2,16x4,experience_on,64,64,4,16,48,-0.25959548354148865,0.11864829063415527,False,False
2,8x8,experience_on,1,1,1,1,0,-0.2574613690376282,0.3061318099498749,False,False
2,8x8,experience_on,2,2,1,2,0,-0.246743842959404,0.5192301273345947,False,False
2,8x8,experience_on,3,3,1,3,0,-0.2624598443508148,0.16963908076286316,False,False
2,8x8,experience_on,4,4,1,4,0,-0.2645660638809204,0.1010640561580658,False,False
2,8x8,experience_on,5,5,1,5,0,-0.2666281461715698,0.24111518263816833,False,False
2,8x8,experience_on,6,6,1,6,0,-0.2611244022846222,0.051064591854810715,False,False
2,8x8,experience_on,7,7,1,7,0,-0.24756492674350739,0.30521005392074585,False,False
2,8x8,experience_on,8,8,1,8,0,-0.25400134921073914,0.10065670311450958,False,False
2,8x8,experience_on,9,9,2,1,8,-0.2591955065727234,0.27331483364105225,False,False
2,8x8,experience_on,10,10,2,2,8,-0.2623470723628998,0.48248323798179626,False,False
2,8x8,experience_on,11,11,2,3,8,-0.26582208275794983,0.5260715484619141,False,False
2,8x8,experience_on,12,12,2,4,8,-0.2627558708190918,0.1611163467168808,False,False
2,8x8,experience_on,13,13,2,5,8,-0.27181142568588257,0.0399845615029335,False,False
2,8x8,experience_on,14,14,2,6,8,-0.26205363869667053,0.06913786381483078,False,False
2,8x8,experience_on,15,15,2,7,8,-0.24894966185092926,0.11479081958532333,False,False
2,8x8,experience_on,16,16,2,8,8,-0.26462507247924805,0.13070407509803772,False,False
2,8x8,experience_on,17,17,3,1,16,-0.2623898386955261,0.15612396597862244,False,False
2,8x8,experience_on,18,18,3,2,16,-0.2633468508720398,0.07532935589551926,False,False
2,8x8,experience_on,19,19,3,3,16,-0.2674156427383423,0.08820843696594238,False,False
2,8x8,experience_on,20,20,3,4,16,-0.26065340638160706,0.153159499168396,False,False
2,8x8,experience_on,21,21,3,5,16,-0.22481748461723328,0.12322185933589935,False,False
2,8x8,experience_on,22,22,3,6,16,-0.2657115161418915,0.027307331562042236,False,True
2,8x8,experience_on,23,23,3,7,16,-0.27058178186416626,0.39076685905456543,False,False
2,8x8,experience_on,24,24,3,8,16,-0.26241767406463623,0.5763491988182068,False,False
2,8x8,experience_on,25,25,4,1,24,-0.25733378529548645,0.04612834379076958,False,False
2,8x8,experience_on,26,26,4,2,24,-0.26267683506011963,0.03616365045309067,False,False
2,8x8,experience_on,27,27,4,3,24,-0.27603235840797424,0.12310221046209335,False,False
2,8x8,experience_on,28,28,4,4,24,-0.26346665620803833,0.1590610295534134,False,False
2,8x8,experience_on,29,29,4,5,24,-0.2675834000110626,0.0465443879365921,False,False
2,8x8,experience_on,30,30,4,6,24,-0.25374722480773926,0.29687947034835815,False,False
2,8x8,experience_on,31,31,4,7,24,-0.26650333404541016,0.16122883558273315,False,False
2,8x8,experience_on,32,32,4,8,24,-0.2730269730091095,0.49347132444381714,False,False
2,8x8,experience_on,33,33,5,1,32,-0.2654021680355072,0.11555659025907516,False,False
2,8x8,experience_on,34,34,5,2,32,-0.2651527523994446,0.6134558320045471,False,False
2,8x8,experience_on,35,35,5,3,32,-0.2453220933675766,0.09232091903686523,False,False
2,8x8,experience_on,36,36,5,4,32,-0.27671369910240173,0.11401733011007309,True,False
2,8x8,experience_on,37,37,5,5,32,-0.2624736428260803,0.11837613582611084,False,False
2,8x8,experience_on,38,38,5,6,32,-0.27177655696868896,0.16213728487491608,False,False
2,8x8,experience_on,39,39,5,7,32,-0.24918074905872345,0.08781557530164719,False,False
2,8x8,experience_on,40,40,5,8,32,-0.25827160477638245,0.08425600826740265,False,False
2,8x8,experience_on,41,41,6,1,40,-0.2648518681526184,0.12670350074768066,False,False
2,8x8,experience_on,42,42,6,2,40,-0.26461905241012573,0.16810177266597748,False,False
2,8x8,experience_on,43,43,6,3,40,-0.2522529065608978,0.03943943977355957,False,False
2,8x8,experience_on,44,44,6,4,40,-0.2643170952796936,0.3264741897583008,False,False
2,8x8,experience_on,45,45,6,5,40,-0.26420164108276367,0.07278157770633698,False,False
2,8x8,experience_on,46,46,6,6,40,-0.27258965373039246,0.14870330691337585,False,False
2,8x8,experience_on,47,47,6,7,40,-0.25261348485946655,0.31731152534484863,False,False
2,8x8,experience_on,48,48,6,8,40,-0.2614222764968872,0.10235452651977539,False,False
2,8x8,experience_on,49,49,7,1,48,-0.2694988250732422,0.1440785527229309,False,False
2,8x8,experience_on,50,50,7,2,48,-0.25574207305908203,0.052750926464796066,False,False
2,8x8,experience_on,51,51,7,3,48,-0.2649162709712982,0.12421616166830063,False,False
2,8x8,experience_on,52,52,7,4,48,-0.26026421785354614,0.061472974717617035,False,False
2,8x8,experience_on,53,53,7,5,48,-0.2742351293563843,0.2079439014196396,False,False
2,8x8,experience_on,54,54,7,6,48,-0.25880199670791626,0.11868875473737717,False,False
2,8x8,experience_on,55,55,7,7,48,-0.2697145640850067,0.07189498841762543,False,False
2,8x8,experience_on,56,56,7,8,48,-0.24651460349559784,0.06371966004371643,False,False
2,8x8,experience_on,57,57,8,1,56,-0.2606441378593445,0.2600129246711731,False,False
2,8x8,experience_on,58,58,8,2,56,-0.27285245060920715,0.03909475356340408,False,False
2,8x8,experience_on,59,59,8,3,56,-0.2553821802139282,0.08423560857772827,False,False
2,8x8,experience_on,60,60,8,4,56,-0.2569843530654907,0.5495694875717163,False,False
2,8x8,experience_on,61,61,8,5,56,-0.2628430724143982,0.2784079313278198,False,False
2,8x8,experience_on,62,62,8,6,56,-0.25423890352249146,0.12559571862220764,False,False
2,8x8,experience_on,63,63,8,7,56,-0.2659740149974823,0.12985026836395264,False,False
2,8x8,experience_on,64,64,8,8,56,-0.25957614183425903,0.11863919347524643,False,False
2,4x16,experience_on,1,1,1,1,0,-0.2574613690376282,0.3061322569847107,False,False
2,4x16,experience_on,2,2,1,2,0,-0.24674390256404877,0.5192300081253052,False,False
2,4x16,experience_on,3,3,1,3,0,-0.2624598741531372,0.1696394383907318,False,False
2,4x16,experience_on,4,4,1,4,0,-0.26456594467163086,0.10106454789638519,False,False
2,4x16,experience_on,5,5,2,1,4,-0.2682652473449707,0.21308356523513794,False,False
2,4x16,experience_on,6,6,2,2,4,-0.2629343271255493,0.055581919848918915,False,False
2,4x16,experience_on,7,7,2,3,4,-0.24929116666316986,0.2979555130004883,False,False
2,4x16,experience_on,8,8,2,4,4,-0.25642335414886475,0.0993126928806305,False,False
2,4x16,experience_on,9,9,3,1,8,-0.25920790433883667,0.2731446325778961,False,False
2,4x16,experience_on,10,10,3,2,8,-0.26236361265182495,0.48294830322265625,False,False
2,4x16,experience_on,11,11,3,3,8,-0.26583707332611084,0.5262048244476318,False,False
2,4x16,experience_on,12,12,3,4,8,-0.26275768876075745,0.16095568239688873,False,False
2,4x16,experience_on,13,13,4,1,12,-0.2718437910079956,0.03994947671890259,False,False
2,4x16,experience_on,14,14,4,2,12,-0.2621093988418579,0.06909045577049255,False,False
2,4x16,experience_on,15,15,4,3,12,-0.24900303781032562,0.1151149794459343,False,False
2,4x16,experience_on,16,16,4,4,12,-0.2646207809448242,0.1299874484539032,False,False
2,4x16,experience_on,17,17,5,1,16,-0.26239511370658875,0.15603762865066528,False,False
2,4x16,experience_on,18,18,5,2,16,-0.2633470296859741,0.07529020309448242,False,False
2,4x16,experience_on,19,19,5,3,16,-0.2674168348312378,0.08812892436981201,False,False
2,4x16,experience_on,20,20,5,4,16,-0.2606646418571472,0.15312592685222626,False,False
2,4x16,experience_on,21,21,6,1,20,-0.22482867538928986,0.12333261966705322,False,False
2,4x16,experience_on,22,22,6,2,20,-0.2657124996185303,0.027201533317565918,False,True
2,4x16,experience_on,23,23,6,3,20,-0.2705850601196289,0.39123690128326416,False,False
2,4x16,experience_on,24,24,6,4,20,-0.26240289211273193,0.5765550136566162,False,False
2,4x16,experience_on,25,25,7,1,24,-0.2573377192020416,0.04612836241722107,False,False
2,4x16,experience_on,26,26,7,2,24,-0.2626802325248718,0.0361550897359848,False,False
2,4x16,experience_on,27,27,7,3,24,-0.27603524923324585,0.1231059655547142,False,False
2,4x16,experience_on,28,28,7,4,24,-0.26346731185913086,0.15895214676856995,False,False
2,4x16,experience_on,29,29,8,1,28,-0.2675926685333252,0.04643445461988449,False,False
2,4x16,experience_on,30,30,8,2,28,-0.2537652254104614,0.29696914553642273,False,False
2,4x16,experience_on,31,31,8,3,28,-0.2665119171142578,0.1610998809337616,False,False
2,4x16,experience_on,32,32,8,4,28,-0.27303552627563477,0.4940369129180908,False,False
2,4x16,experience_on,33,33,9,1,32,-0.2654039263725281,0.11554481834173203,False,False
2,4x16,experience_on,34,34,9,2,32,-0.2651554048061371,0.6134724617004395,False,False
2,4x16,experience_on,35,35,9,3,32,-0.2453242987394333,0.09233815968036652,False,False
2,4x16,experience_on,36,36,9,4,32,-0.27671730518341064,0.11406348645687103,True,False
2,4x16,experience_on,37,37,10,1,36,-0.2624601423740387,0.11844395846128464,False,False
2,4x16,experience_on,38,38,10,2,36,-0.27176976203918457,0.16212111711502075,False,False
2,4x16,experience_on,39,39,10,3,36,-0.24917127192020416,0.08780650794506073,False,False
2,4x16,experience_on,40,40,10,4,36,-0.25825539231300354,0.08419905602931976,False,False
2,4x16,experience_on,41,41,11,1,40,-0.2648545801639557,0.1266881376504898,False,False
2,4x16,experience_on,42,42,11,2,40,-0.2646225094795227,0.16808006167411804,False,False
2,4x16,experience_on,43,43,11,3,40,-0.2522534132003784,0.039445795118808746,False,False
2,4x16,experience_on,44,44,11,4,40,-0.2643197178840637,0.32636699080467224,False,False
2,4x16,experience_on,45,45,12,1,44,-0.2641984820365906,0.07280492782592773,False,False
2,4x16,experience_on,46,46,12,2,44,-0.272591233253479,0.14871329069137573,False,False
2,4x16,experience_on,47,47,12,3,44,-0.2525980472564697,0.3173201084136963,False,False
2,4x16,experience_on,48,48,12,4,44,-0.26141873002052307,0.10237213224172592,False,False
2,4x16,experience_on,49,49,13,1,48,-0.2695004940032959,0.14405027031898499,False,False
2,4x16,experience_on,50,50,13,2,48,-0.25574421882629395,0.05277300998568535,False,False
2,4x16,experience_on,51,51,13,3,48,-0.2649175524711609,0.12419407069683075,False,False
2,4x16,experience_on,52,52,13,4,48,-0.2602660357952118,0.06144881993532181,False,False
2,4x16,experience_on,53,53,14,1,52,-0.2742335796356201,0.2079555243253708,False,False
2,4x16,experience_on,54,54,14,2,52,-0.2588006854057312,0.118683360517025,False,False
2,4x16,experience_on,55,55,14,3,52,-0.2697035074234009,0.07194516062736511,False,False
2,4x16,experience_on,56,56,14,4,52,-0.24649865925312042,0.06372587382793427,False,False
2,4x16,experience_on,57,57,15,1,56,-0.2606464624404907,0.2600348889827728,False,False
2,4x16,experience_on,58,58,15,2,56,-0.272853821516037,0.03908849507570267,False,False
2,4x16,experience_on,59,59,15,3,56,-0.25538283586502075,0.08425472676753998,False,False
2,4x16,experience_on,60,60,15,4,56,-0.2569827735424042,0.5495123267173767,False,False
2,4x16,experience_on,61,61,16,1,60,-0.262833833694458,0.27834248542785645,False,False
2,4x16,experience_on,62,62,16,2,60,-0.25423043966293335,0.1256369799375534,False,False
2,4x16,experience_on,63,63,16,3,60,-0.26597142219543457,0.1297846883535385,False,False
2,4x16,experience_on,64,64,16,4,60,-0.2595614790916443,0.11863221973180771,False,False
3,64x1,experience_off,1,1,1,1,0,-0.33464065194129944,0.2811046242713928,False,False
3,64x1,experience_off,2,2,1,2,0,-0.3176549971103668,0.18161660432815552,False,False
3,64x1,experience_off,3,3,1,3,0,-0.3555886447429657,0.15894493460655212,False,False
3,64x1,experience_off,4,4,1,4,0,-0.3384758234024048,0.15557542443275452,False,False
3,64x1,experience_off,5,5,1,5,0,-0.3525809347629547,0.27975961565971375,False,False
3,64x1,experience_off,6,6,1,6,0,-0.3209485411643982,0.40143704414367676,False,False
3,64x1,experience_off,7,7,1,7,0,-0.3527451157569885,0.17839376628398895,False,False
3,64x1,experience_off,8,8,1,8,0,-0.32206010818481445,0.17086009681224823,False,False
3,64x1,experience_off,9,9,1,9,0,-0.31433892250061035,0.2120790332555771,False,False
3,64x1,experience_off,10,10,1,10,0,-0.3267955780029297,0.22083744406700134,False,False
3,64x1,experience_off,11,11,1,11,0,-0.3389078378677368,0.6203657984733582,False,False
3,64x1,experience_off,12,12,1,12,0,-0.3195587992668152,0.12701228260993958,False,False
3,64x1,experience_off,13,13,1,13,0,-0.3316025733947754,0.1318695843219757,False,False
3,64x1,experience_off,14,14,1,14,0,-0.33223313093185425,0.16032618284225464,False,False
3,64x1,experience_off,15,15,1,15,0,-0.3352358341217041,0.3678306043148041,False,False
3,64x1,experience_off,16,16,1,16,0,-0.32133859395980835,0.15157920122146606,False,False
3,64x1,experience_off,17,17,1,17,0,-0.34040552377700806,0.1648791879415512,False,False
3,64x1,experience_off,18,18,1,18,0,-0.34790879487991333,0.24389266967773438,False,False
3,64x1,experience_off,19,19,1,19,0,-0.34123820066452026,0.1842828094959259,False,False
3,64x1,experience_off,20,20,1,20,0,-0.3245340883731842,0.19503465294837952,False,False
3,64x1,experience_off,21,21,1,21,0,-0.3348921537399292,0.08227044343948364,False,True
3,64x1,experience_off,22,22,1,22,0,-0.35578179359436035,0.3081192970275879,False,False
3,64x1,experience_off,23,23,1,23,0,-0.3274837136268616,0.2303846776485443,False,False
3,64x1,experience_off,24,24,1,24,0,-0.32585057616233826,0.10782773792743683,False,False
3,64x1,experience_off,25,25,1,25,0,-0.3468192517757416,0.27356162667274475,False,False
3,64x1,experience_off,26,26,1,26,0,-0.35580766201019287,0.23695628345012665,False,False
3,64x1,experience_off,27,27,1,27,0,-0.330500990152359,0.2646692395210266,False,False
3,64x1,experience_off,28,28,1,28,0,-0.32584086060523987,0.11510130017995834,False,False
3,64x1,experience_off,29,29,1,29,0,-0.3270048201084137,0.17638224363327026,False,False
3,64x1,experience_off,30,30,1,30,0,-0.3192656636238098,0.20019064843654633,False,False
3,64x1,experience_off,31,31,1,31,0,-0.3393458127975464,0.1270521581172943,False,False
3,64x1,experience_off,32,32,1,32,0,-0.3465732932090759,0.261441171169281,False,False
3,64x1,experience_off,33,33,1,33,0,-0.3233126401901245,0.1315995156764984,False,False
3,64x1,experience_off,34,34,1,34,0,-0.32204747200012207,1.0013396739959717,False,False
3,64x1,experience_off,35,35,1,35,0,-0.3289303779602051,0.2677054703235626,False,False
3,64x1,experience_off,36,36,1,36,0,-0.3433193862438202,0.1680791825056076,False,False
3,64x1,experience_off,37,37,1,37,0,-0.3269200623035431,0.09808856248855591,False,False
3,64x1,experience_off,38,38,1,38,0,-0.3454648554325104,0.128195121884346,False,False
3,64x1,experience_off,39,39,1,39,0,-0.3054681122303009,0.3464127480983734,False,False
3,64x1,experience_off,40,40,1,40,0,-0.3303678035736084,0.22053544223308563,False,False
3,64x1,experience_off,41,41,1,41,0,-0.33299750089645386,0.1562574952840805,False,False
3,64x1,experience_off,42,42,1,42,0,-0.3463062047958374,0.7476229667663574,False,False
3,64x1,experience_off,43,43,1,43,0,-0.27348214387893677,0.13771143555641174,False,False
3,64x1,experience_off,44,44,1,44,0,-0.33102527260780334,0.20017223060131073,False,False
3,64x1,experience_off,45,45,1,45,0,-0.3367905020713806,0.11708774417638779,False,False
3,64x1,experience_off,46,46,1,46,0,-0.33462560176849365,0.3434291481971741,False,False
3,64x1,experience_off,47,47,1,47,0,-0.32828983664512634,0.5258442163467407,False,False
3,64x1,experience_off,48,48,1,48,0,-0.3393332362174988,0.599492073059082,False,False
3,64x1,experience_off,49,49,1,49,0,-0.3453661799430847,0.42549893260002136,False,False
3,64x1,experience_off,50,50,1,50,0,-0.3356543481349945,0.13365191221237183,False,False
3,64x1,experience_off,51,51,1,51,0,-0.31086504459381104,0.43200334906578064,False,False
3,64x1,experience_off,52,52,1,52,0,-0.3185366690158844,0.3308609426021576,False,False
3,64x1,experience_off,53,53,1,53,0,-0.33325543999671936,0.30753275752067566,False,False
3,64x1,experience_off,54,54,1,54,0,-0.3514528274536133,0.40667641162872314,False,False
3,64x1,experience_off,55,55,1,55,0,-0.3334310054779053,0.14325441420078278,False,False
3,64x1,experience_off,56,56,1,56,0,-0.3307402431964874,0.24701814353466034,False,False
3,64x1,experience_off,57,57,1,57,0,-0.3379768133163452,0.1928701251745224,False,False
3,64x1,experience_off,58,58,1,58,0,-0.3245490491390228,0.16809269785881042,False,False
3,64x1,experience_off,59,59,1,59,0,-0.3156294524669647,0.11657947301864624,False,False
3,64x1,experience_off,60,60,1,60,0,-0.32591432332992554,0.2595537304878235,False,False
3,64x1,experience_off,61,61,1,61,0,-0.3524072468280792,0.16057586669921875,False,False
3,64x1,experience_off,62,62,1,62,0,-0.3261845111846924,0.2779601216316223,False,False
3,64x1,experience_off,63,63,1,63,0,-0.3692883849143982,0.1721508949995041,True,False
3,64x1,experience_off,64,64,1,64,0,-0.3200141191482544,0.2030213326215744,False,False
3,32x2,experience_on,1,1,1,1,0,-0.3346408009529114,0.2811046242713928,False,False
3,32x2,experience_on,2,2,1,2,0,-0.3176555633544922,0.1816163957118988,False,False
3,32x2,experience_on,3,3,1,3,0,-0.3555888235569,0.15894484519958496,False,False
3,32x2,experience_on,4,4,1,4,0,-0.3384758234024048,0.15557539463043213,False,False
3,32x2,experience_on,5,5,1,5,0,-0.3525812029838562,0.2797596752643585,False,False
3,32x2,experience_on,6,6,1,6,0,-0.3209485113620758,0.4014378786087036,False,False
3,32x2,experience_on,7,7,1,7,0,-0.3527449369430542,0.17839381098747253,False,False
3,32x2,experience_on,8,8,1,8,0,-0.3220605254173279,0.17086035013198853,False,False
3,32x2,experience_on,9,9,1,9,0,-0.31433865427970886,0.2120787352323532,False,False
3,32x2,experience_on,10,10,1,10,0,-0.32679590582847595,0.2208370566368103,False,False
3,32x2,experience_on,11,11,1,11,0,-0.33890804648399353,0.6203668117523193,False,False
3,32x2,experience_on,12,12,1,12,0,-0.3195587694644928,0.12701207399368286,False,False
3,32x2,experience_on,13,13,1,13,0,-0.3316025733947754,0.1318695843219757,False,False
3,32x2,experience_on,14,14,1,14,0,-0.33223310112953186,0.16032589972019196,False,False
3,32x2,experience_on,15,15,1,15,0,-0.3352356255054474,0.3678309917449951,False,False
3,32x2,experience_on,16,16,1,16,0,-0.3213384747505188,0.151578888297081,False,False
3,32x2,experience_on,17,17,1,17,0,-0.3404054045677185,0.16487912833690643,False,False
3,32x2,experience_on,18,18,1,18,0,-0.34790897369384766,0.24389240145683289,False,False
3,32x2,experience_on,19,19,1,19,0,-0.34123826026916504,0.1842835396528244,False,False
3,32x2,experience_on,20,20,1,20,0,-0.32453417778015137,0.19503486156463623,False,False
3,32x2,experience_on,21,21,1,21,0,-0.334892213344574,0.0822705328464508,False,True
3,32x2,experience_on,22,22,1,22,0,-0.35578200221061707,0.308119535446167,False,False
3,32x2,experience_on,23,23,1,23,0,-0.32748350501060486,0.23038461804389954,False,False
3,32x2,experience_on,24,24,1,24,0,-0.3258504867553711,0.10782770812511444,False,False
3,32x2,experience_on,25,25,1,25,0,-0.34681951999664307,0.27356165647506714,False,False
3,32x2,experience_on,26,26,1,26,0,-0.3558078408241272,0.23695680499076843,False,False
3,32x2,experience_on,27,27,1,27,0,-0.3305012285709381,0.2646696865558624,False,False
3,32x2,experience_on,28,28,1,28,0,-0.3258410394191742,0.11510121077299118,False,False
3,32x2,experience_on,29,29,1,29,0,-0.32700490951538086,0.17638187110424042,False,False
3,32x2,experience_on,30,30,1,30,0,-0.31926587224006653,0.20019063353538513,False,False
3,32x2,experience_on,31,31,1,31,0,-0.3393460810184479,0.12705209851264954,False,False
3,32x2,experience_on,32,32,1,32,0,-0.3465733826160431,0.26144155859947205,False,False
3,32x2,experience_on,33,33,2,1,32,-0.3236178457736969,0.14425550401210785,False,False
3,32x2,experience_on,34,34,2,2,32,-0.3223193287849426,0.9647382497787476,False,False
3,32x2,experience_on,35,35,2,3,32,-0.3289281129837036,0.234092116355896,False,False
3,32x2,experience_on,36,36,2,4,32,-0.3431614637374878,0.1655372828245163,False,False
3,32x2,experience_on,37,37,2,5,32,-0.32754239439964294,0.09676685184240341,False,False
3,32x2,experience_on,38,38,2,6,32,-0.3444482088088989,0.12838613986968994,False,False
3,32x2,experience_on,39,39,2,7,32,-0.3065328001976013,0.3362537622451782,False,False
3,32x2,experience_on,40,40,2,8,32,-0.33005499839782715,0.22252830862998962,False,False
3,32x2,experience_on,41,41,2,9,32,-0.3334314227104187,0.15517529845237732,False,False
3,32x2,experience_on,42,42,2,10,32,-0.34428295493125916,0.7550840377807617,False,False
3,32x2,experience_on,43,43,2,11,32,-0.2783087193965912,0.13820014894008636,False,False
3,32x2,experience_on,44,44,2,12,32,-0.3304736018180847,0.2061426043510437,False,False
3,32x2,experience_on,45,45,2,13,32,-0.33756569027900696,0.11340415477752686,False,False
3,32x2,experience_on,46,46,2,14,32,-0.3338679373264313,0.22687765955924988,False,False
3,32x2,experience_on,47,47,2,15,32,-0.32897183299064636,0.49520954489707947,False,False
3,32x2,experience_on,48,48,2,16,32,-0.3382384777069092,0.6303293704986572,False,False
3,32x2,experience_on,49,49,2,17,32,-0.3464609384536743,0.4314318597316742,False,False
3,32x2,experience_on,50,50,2,18,32,-0.33495616912841797,0.15089407563209534,False,False
3,32x2,experience_on,51,51,2,19,32,-0.31148380041122437,0.4224148392677307,False,False
3,32x2,experience_on,52,52,2,20,32,-0.3193919062614441,0.3239367604255676,False,False
3,32x2,experience_on,53,53,2,21,32,-0.3335507810115814,0.3092927634716034,False,False
3,32x2,experience_on,54,54,2,22,32,-0.3507125973701477,0.4080089032649994,False,False
3,32x2,experience_on,55,55,2,23,32,-0.3323301672935486,0.16422803699970245,False,False
3,32x2,experience_on,56,56,2,24,32,-0.33007383346557617,0.23422889411449432,False,False
3,32x2,experience_on,57,57,2,25,32,-0.33710920810699463,0.2098560780286789,False,False
3,32x2,experience_on,58,58,2,26,32,-0.32572081685066223,0.16737660765647888,False,False
3,32x2,experience_on,59,59,2,27,32,-0.3143955171108246,0.12000051140785217,False,False
3,32x2,experience_on,60,60,2,28,32,-0.3261941373348236,0.24069719016551971,False,False
3,32x2,experience_on,61,61,2,29,32,-0.351686954498291,0.17305538058280945,False,False
3,32x2,experience_on,62,62,2,30,32,-0.3288176357746124,0.34259769320487976,False,False
3,32x2,experience_on,63,63,2,31,32,-0.3686138987541199,0.14594611525535583,True,False
3,32x2,experience_on,64,64,2,32,32,-0.32043343782424927,0.19666966795921326,False,False
3,16x4,experience_on,1,1,1,1,0,-0.33464086055755615,0.28110456466674805,False,False
3,16x4,experience_on,2,2,1,2,0,-0.31765544414520264,0.18161651492118835,False,False
3,16x4,experience_on,3,3,1,3,0,-0.3555886745452881,0.15894466638565063,False,False
3,16x4,experience_on,4,4,1,4,0,-0.3384760022163391,0.15557508170604706,False,False
3,16x4,experience_on,5,5,1,5,0,-0.35258132219314575,0.2797594964504242,False,False
3,16x4,experience_on,6,6,1,6,0,-0.3209488093852997,0.4014357030391693,False,False
3,16x4,experience_on,7,7,1,7,0,-0.3527451753616333,0.17839393019676208,False,False
3,16x4,experience_on,8,8,1,8,0,-0.3220602869987488,0.17086009681224823,False,False
3,16x4,experience_on,9,9,1,9,0,-0.3143390417098999,0.21207904815673828,False,False
3,16x4,experience_on,10,10,1,10,0,-0.3267960548400879,0.22083716094493866,False,False
3,16x4,experience_on,11,11,1,11,0,-0.33890825510025024,0.6203679442405701,False,False
3,16x4,experience_on,12,12,1,12,0,-0.319559246301651,0.12701238691806793,False,False
3,16x4,experience_on,13,13,1,13,0,-0.3316028118133545,0.13186949491500854,False,False
3,16x4,experience_on,14,14,1,14,0,-0.33223286271095276,0.1603260040283203,False,False
3,16x4,experience_on,15,15,1,15,0,-0.3352358937263489,0.367831826210022,False,False
3,16x4,experience_on,16,16,1,16,0,-0.3213389217853546,0.15157900750637054,False,False
3,16x4,experience_on,17,17,2,1,16,-0.3388449251651764,0.1824774444103241,False,False
3,16x4,experience_on,18,18,2,2,16,-0.34806305170059204,0.2578713595867157,False,False
3,16x4,experience_on,19,19,2,3,16,-0.3407929837703705,0.2844165563583374,False,False
3,16x4,experience_on,20,20,2,4,16,-0.3247939348220825,0.2096254527568817,False,False
3,16x4,experience_on,21,21,2,5,16,-0.3346661329269409,0.08961387723684311,False,True
3,16x4,experience_on,22,22,2,6,16,-0.3550063371658325,0.31378963589668274,False,False
3,16x4,experience_on,23,23,2,7,16,-0.3303866386413574,0.2282249629497528,False,False
3,16x4,experience_on,24,24,2,8,16,-0.32585740089416504,0.12565574049949646,False,False
3,16x4,experience_on,25,25,2,9,16,-0.34754788875579834,0.26892346143722534,False,False
3,16x4,experience_on,26,26,2,10,16,-0.35465100407600403,0.2738567590713501,False,False
3,16x4,experience_on,27,27,2,11,16,-0.32805466651916504,0.26932740211486816,False,False
3,16x4,experience_on,28,28,2,12,16,-0.3268536329269409,0.09193788468837738,False,False
3,16x4,experience_on,29,29,2,13,16,-0.3282786011695862,0.17006155848503113,False,False
3,16x4,experience_on,30,30,2,14,16,-0.3189828097820282,0.2027648687362671,False,False
3,16x4,experience_on,31,31,2,15,16,-0.33934861421585083,0.12758545577526093,False,False
3,16x4,experience_on,32,32,2,16,16,-0.34652769565582275,0.2555806338787079,False,False
3,16x4,experience_on,33,33,3,1,32,-0.32360896468162537,0.14425615966320038,False,False
3,16x4,experience_on,34,34,3,2,32,-0.32230645418167114,0.965082049369812,False,False
3,16x4,experience_on,35,35,3,3,32,-0.32891929149627686,0.23416370153427124,False,False
3,16x4,experience_on,36,36,3,4,32,-0.34314560890197754,0.16551201045513153,False,False
3,16x4,experience_on,37,37,3,5,32,-0.32753700017929077,0.09677746146917343,False,False
3,16x4,experience_on,38,38,3,6,32,-0.3444387912750244,0.1283949315547943,False,False
3,16x4,experience_on,39,39,3,7,32,-0.3065229654312134,0.3363282084465027,False,False
3,16x4,experience_on,40,40,3,8,32,-0.33004266023635864,0.22250723838806152,False,False
3,16x4,experience_on,41,41,3,9,32,-0.3334270119667053,0.15516917407512665,False,False
3,16x4,experience_on,42,42,3,10,32,-0.34428003430366516,0.7550486326217651,False,False
3,16x4,experience_on,43,43,3,11,32,-0.27829331159591675,0.13819870352745056,False,False
3,16x4,experience_on,44,44,3,12,32,-0.33046209812164307,0.20612236857414246,False,False
3,16x4,experience_on,45,45,3,13,32,-0.337554931640625,0.11341218650341034,False,False
3,16x4,experience_on,46,46,3,14,32,-0.33386707305908203,0.22724281251430511,False,False
3,16x4,experience_on,47,47,3,15,32,-0.32896631956100464,0.49529290199279785,False,False
3,16x4,experience_on,48,48,3,16,32,-0.3382333517074585,0.6305792331695557,False,False
3,16x4,experience_on,49,49,4,1,48,-0.3464239239692688,0.4307577610015869,False,False
3,16x4,experience_on,50,50,4,2,48,-0.3350396752357483,0.15120618045330048,False,False
3,16x4,experience_on,51,51,4,3,48,-0.3116403818130493,0.422320693731308,False,False
3,16x4,experience_on,52,52,4,4,48,-0.31931769847869873,0.32317304611206055,False,False
3,16x4,experience_on,53,53,4,5,48,-0.3336043953895569,0.30941665172576904,False,False
3,16x4,experience_on,54,54,4,6,48,-0.3508133292198181,0.40822646021842957,False,False
3,16x4,experience_on,55,55,4,7,48,-0.3324664831161499,0.1644434928894043,False,False
3,16x4,experience_on,56,56,4,8,48,-0.33023157715797424,0.23502537608146667,False,False
3,16x4,experience_on,57,57,4,9,48,-0.33723175525665283,0.20984213054180145,False,False
3,16x4,experience_on,58,58,4,10,48,-0.3258054256439209,0.16744711995124817,False,False
3,16x4,experience_on,59,59,4,11,48,-0.3144505023956299,0.11998951435089111,False,False
3,16x4,experience_on,60,60,4,12,48,-0.3261668086051941,0.24053780734539032,False,False
3,16x4,experience_on,61,61,4,13,48,-0.35166406631469727,0.17336539924144745,False,False
3,16x4,experience_on,62,62,4,14,48,-0.3287937641143799,0.3412266671657562,False,False
3,16x4,experience_on,63,63,4,15,48,-0.3687117099761963,0.14590401947498322,True,False
3,16x4,experience_on,64,64,4,16,48,-0.32044678926467896,0.19667434692382812,False,False
3,8x8,experience_on,1,1,1,1,0,-0.33464086055755615,0.28110435605049133,False,False
3,8x8,experience_on,2,2,1,2,0,-0.3176555037498474,0.18161647021770477,False,False
3,8x8,experience_on,3,3,1,3,0,-0.35558879375457764,0.15894493460655212,False,False
3,8x8,experience_on,4,4,1,4,0,-0.3384760022163391,0.1555752158164978,False,False
3,8x8,experience_on,5,5,1,5,0,-0.3525814414024353,0.2797594964504242,False,False
3,8x8,experience_on,6,6,1,6,0,-0.3209489583969116,0.40143758058547974,False,False
3,8x8,experience_on,7,7,1,7,0,-0.35274508595466614,0.17839376628398895,False,False
3,8x8,experience_on,8,8,1,8,0,-0.32206034660339355,0.17086026072502136,False,False
3,8x8,experience_on,9,9,2,1,8,-0.31781744956970215,0.2119339406490326,False,False
3,8x8,experience_on,10,10,2,2,8,-0.32931190729141235,0.21624962985515594,False,False
3,8x8,experience_on,11,11,2,3,8,-0.3373033404350281,0.46612048149108887,False,False
3,8x8,experience_on,12,12,2,4,8,-0.3209262192249298,0.12385810911655426,False,False
3,8x8,experience_on,13,13,2,5,8,-0.33030176162719727,0.12050281465053558,False,False
3,8x8,experience_on,14,14,2,6,8,-0.33157795667648315,0.16133731603622437,False,False
3,8x8,experience_on,15,15,2,7,8,-0.334988534450531,0.34666895866394043,False,False
3,8x8,experience_on,16,16,2,8,8,-0.3216220736503601,0.15859609842300415,False,False
3,8x8,experience_on,17,17,3,1,16,-0.33881133794784546,0.18249183893203735,False,False
3,8x8,experience_on,18,18,3,2,16,-0.3480529487133026,0.2578372657299042,False,False
3,8x8,experience_on,19,19,3,3,16,-0.3407803177833557,0.2842348515987396,False,False
3,8x8,experience_on,20,20,3,4,16,-0.32477694749832153,0.2095663994550705,False,False
3,8x8,experience_on,21,21,3,5,16,-0.33465689420700073,0.08960804343223572,False,True
3,8x8,experience_on,22,22,3,6,16,-0.3549913167953491,0.31396496295928955,False,False
3,8x8,experience_on,23,23,3,7,16,-0.3303848206996918,0.22824642062187195,False,False
3,8x8,experience_on,24,24,3,8,16,-0.32584691047668457,0.1256273239850998,False,False
3,8x8,experience_on,25,25,4,1,24,-0.34752321243286133,0.2692391276359558,False,False
3,8x8,experience_on,26,26,4,2,24,-0.35460254549980164,0.2744898796081543,False,False
3,8x8,experience_on,27,27,4,3,24,-0.327936053276062,0.2704548239707947,False,False
3,8x8,experience_on,28,28,4,4,24,-0.32680544257164,0.09222158044576645,False,False
3,8x8,experience_on,29,29,4,5,24,-0.3281744122505188,0.1699843406677246,False,False
3,8x8,experience_on,30,30,4,6,24,-0.3188912272453308,0.2029268443584442,False,False
3,8x8,experience_on,31,31,4,7,24,-0.3392879068851471,0.12758812308311462,False,False
3,8x8,experience_on,32,32,4,8,24,-0.34632569551467896,0.2555464208126068,False,False
3,8x8,experience_on,33,33,5,1,32,-0.3236037492752075,0.14425215125083923,False,False
3,8x8,experience_on,34,34,5,2,32,-0.32229912281036377,0.9650777578353882,False,False
3,8x8,experience_on,35,35,5,3,32,-0.3289138972759247,0.23422877490520477,False,False
3,8x8,experience_on,36,36,5,4,32,-0.3431268334388733,0.1655186414718628,False,False
3,8x8,experience_on,37,37,5,5,32,-0.3275325298309326,0.09681286662817001,False,False
3,8x8,experience_on,38,38,5,6,32,-0.34443235397338867,0.12839198112487793,False,False
3,8x8,experience_on,39,39,5,7,32,-0.3065152168273926,0.33634060621261597,False,False
3,8x8,experience_on,40,40,5,8,32,-0.33002910017967224,0.2225189208984375,False,False
3,8x8,experience_on,41,41,6,1,40,-0.3334203362464905,0.15516163408756256,False,False
3,8x8,experience_on,42,42,6,2,40,-0.3442820906639099,0.7551106810569763,False,False
3,8x8,experience_on,43,43,6,3,40,-0.2782840132713318,0.13812674582004547,False,False
3,8x8,experience_on,44,44,6,4,40,-0.3304787874221802,0.20612049102783203,False,False
3,8x8,experience_on,45,45,6,5,40,-0.3375605344772339,0.1133931577205658,False,False
3,8x8,experience_on,46,46,6,6,40,-0.33384883403778076,0.22725294530391693,False,False
3,8x8,experience_on,47,47,6,7,40,-0.3289865255355835,0.49542248249053955,False,False
3,8x8,experience_on,48,48,6,8,40,-0.33824193477630615,0.6312506198883057,False,False
3,8x8,experience_on,49,49,7,1,48,-0.3464219570159912,0.4307346045970917,False,False
3,8x8,experience_on,50,50,7,2,48,-0.33503302931785583,0.1512165665626526,False,False
3,8x8,experience_on,51,51,7,3,48,-0.31163114309310913,0.4223337173461914,False,False
3,8x8,experience_on,52,52,7,4,48,-0.3193177580833435,0.32319653034210205,False,False
3,8x8,experience_on,53,53,7,5,48,-0.33359986543655396,0.309420645236969,False,False
3,8x8,experience_on,54,54,7,6,48,-0.3508087992668152,0.4082683026790619,False,False
3,8x8,experience_on,55,55,7,7,48,-0.3324562907218933,0.16444388031959534,False,False
3,8x8,experience_on,56,56,7,8,48,-0.33022505044937134,0.2350296974182129,False,False
3,8x8,experience_on,57,57,8,1,56,-0.3372262716293335,0.20983222126960754,False,False
3,8x8,experience_on,58,58,8,2,56,-0.32580506801605225,0.16740092635154724,False,False
3,8x8,experience_on,59,59,8,3,56,-0.31445741653442383,0.12003838270902634,False,False
3,8x8,experience_on,60,60,8,4,56,-0.32618778944015503,0.24056772887706757,False,False
3,8x8,experience_on,61,61,8,5,56,-0.351695716381073,0.17321133613586426,False,False
3,8x8,experience_on,62,62,8,6,56,-0.32882100343704224,0.3416641652584076,False,False
3,8x8,experience_on,63,63,8,7,56,-0.36870887875556946,0.1459585428237915,True,False
3,8x8,experience_on,64,64,8,8,56,-0.32046744227409363,0.1966615617275238,False,False
3,4x16,experience_on,1,1,1,1,0,-0.3346405625343323,0.28110429644584656,False,False
3,4x16,experience_on,2,2,1,2,0,-0.317655473947525,0.18161654472351074,False,False
3,4x16,experience_on,3,3,1,3,0,-0.35558873414993286,0.15894488990306854,False,False
3,4x16,experience_on,4,4,1,4,0,-0.3384760618209839,0.15557530522346497,False,False
3,4x16,experience_on,5,5,2,1,4,-0.35292762517929077,0.2762012183666229,False,False
3,4x16,experience_on,6,6,2,2,4,-0.32030534744262695,0.3932539224624634,False,False
3,4x16,experience_on,7,7,2,3,4,-0.3515479266643524,0.1853363960981369,False,False
3,4x16,experience_on,8,8,2,4,4,-0.3224259316921234,0.19854971766471863,False,False
3,4x16,experience_on,9,9,3,1,8,-0.31777068972587585,0.21197961270809174,False,False
3,4x16,experience_on,10,10,3,2,8,-0.3292303681373596,0.21608410775661469,False,False
3,4x16,experience_on,11,11,3,3,8,-0.33729442954063416,0.4662623405456543,False,False
3,4x16,experience_on,12,12,3,4,8,-0.3208610713481903,0.12396128475666046,False,False
3,4x16,experience_on,13,13,4,1,12,-0.33025863766670227,0.12067648023366928,False,False
3,4x16,experience_on,14,14,4,2,12,-0.33155113458633423,0.16117273271083832,False,False
3,4x16,experience_on,15,15,4,3,12,-0.33497846126556396,0.34614282846450806,False,False
3,4x16,experience_on,16,16,4,4,12,-0.3215523362159729,0.15834268927574158,False,False
3,4x16,experience_on,17,17,5,1,16,-0.33879852294921875,0.1824072301387787,False,False
3,4x16,experience_on,18,18,5,2,16,-0.34804075956344604,0.257767915725708,False,False
3,4x16,experience_on,19,19,5,3,16,-0.34077560901641846,0.2834392786026001,False,False
3,4x16,experience_on,20,20,5,4,16,-0.32475513219833374,0.2094641923904419,False,False
3,4x16,experience_on,21,21,6,1,20,-0.334622323513031,0.0896371603012085,False,True
3,4x16,experience_on,22,22,6,2,20,-0.3549439609050751,0.3145256042480469,False,False
3,4x16,experience_on,23,23,6,3,20,-0.3303186297416687,0.22832433879375458,False,False
3,4x16,experience_on,24,24,6,4,20,-0.325786292552948,0.12563008069992065,False,False
3,4x16,experience_on,25,25,7,1,24,-0.347516268491745,0.2692858576774597,False,False
3,4x16,experience_on,26,26,7,2,24,-0.3545982837677002,0.27450621128082275,False,False
3,4x16,experience_on,27,27,7,3,24,-0.32792651653289795,0.27060046792030334,False,False
3,4x16,experience_on,28,28,7,4,24,-0.32679808139801025,0.09227895736694336,False,False
3,4x16,experience_on,29,29,8,1,28,-0.3281310498714447,0.16998837888240814,False,False
3,4x16,experience_on,30,30,8,2,28,-0.3188604414463043,0.20295505225658417,False,False
3,4x16,experience_on,31,31,8,3,28,-0.33926627039909363,0.1276082843542099,False,False
3,4x16,experience_on,32,32,8,4,28,-0.3462505340576172,0.2555229067802429,False,False
3,4x16,experience_on,33,33,9,1,32,-0.32359081506729126,0.14426390826702118,False,False
3,4x16,experience_on,34,34,9,2,32,-0.322282075881958,0.9657095670700073,False,False
3,4x16,experience_on,35,35,9,3,32,-0.32890385389328003,0.23431441187858582,False,False
3,4x16,experience_on,36,36,9,4,32,-0.34311336278915405,0.1654776930809021,False,False
3,4x16,experience_on,37,37,10,1,36,-0.32754722237586975,0.09674263000488281,False,False
3,4x16,experience_on,38,38,10,2,36,-0.3444831371307373,0.12831628322601318,False,False
3,4x16,experience_on,39,39,10,3,36,-0.30655813217163086,0.3359346091747284,False,False
3,4x16,experience_on,40,40,10,4,36,-0.33007925748825073,0.22264771163463593,False,False
3,4x16,experience_on,41,41,11,1,40,-0.3334161639213562,0.15515729784965515,False,False
3,4x16,experience_on,42,42,11,2,40,-0.34427976608276367,0.75505131483078,False,False
3,4x16,experience_on,43,43,11,3,40,-0.278267502784729,0.13810625672340393,False,False
3,4x16,experience_on,44,44,11,4,40,-0.33047035336494446,0.20610126852989197,False,False
3,4x16,experience_on,45,45,12,1,44,-0.33754536509513855,0.11360596865415573,False,False
3,4x16,experience_on,46,46,12,2,44,-0.333817720413208,0.2291945517063141,False,False
3,4x16,experience_on,47,47,12,3,44,-0.3289942145347595,0.49522000551223755,False,False
3,4x16,experience_on,48,48,12,4,44,-0.33830875158309937,0.6348229646682739,False,False
3,4x16,experience_on,49,49,13,1,48,-0.34641534090042114,0.43068891763687134,False,False
3,4x16,experience_on,50,50,13,2,48,-0.3350275754928589,0.15123458206653595,False,False
3,4x16,experience_on,51,51,13,3,48,-0.31162458658218384,0.4223354756832123,False,False
3,4x16,experience_on,52,52,13,4,48,-0.31931179761886597,0.32315242290496826,False,False
3,4x16,experience_on,53,53,14,1,52,-0.3336035907268524,0.30941665172576904,False,False
3,4x16,experience_on,54,54,14,2,52,-0.35081130266189575,0.4081800878047943,False,False
3,4x16,experience_on,55,55,14,3,52,-0.33246731758117676,0.16441993415355682,False,False
3,4x16,experience_on,56,56,14,4,52,-0.33023256063461304,0.23504561185836792,False,False
3,4x16,experience_on,57,57,15,1,56,-0.33722442388534546,0.20982281863689423,False,False
3,4x16,experience_on,58,58,15,2,56,-0.3257999122142792,0.16740338504314423,False,False
3,4x16,experience_on,59,59,15,3,56,-0.31445276737213135,0.12002171576023102,False,False
3,4x16,experience_on,60,60,15,4,56,-0.32618242502212524,0.24057170748710632,False,False
3,4x16,experience_on,61,61,16,1,60,-0.3516503572463989,0.17332999408245087,False,False
3,4x16,experience_on,62,62,16,2,60,-0.3287745416164398,0.3409641683101654,False,False
3,4x16,experience_on,63,63,16,3,60,-0.36869674921035767,0.1459607481956482,True,False
3,4x16,experience_on,64,64,16,4,60,-0.3204321563243866,0.19671384990215302,False,False
4,64x1,experience_off,1,1,1,1,0,-0.25131115317344666,0.026592567563056946,False,False
4,64x1,experience_off,2,2,1,2,0,-0.2551332712173462,0.0293717198073864,False,False
4,64x1,experience_off,3,3,1,3,0,-0.2635125517845154,0.08405935764312744,False,False
4,64x1,experience_off,4,4,1,4,0,-0.2552661597728729,0.033707477152347565,False,False
4,64x1,experience_off,5,5,1,5,0,-0.25243115425109863,0.02551225945353508,False,False
4,64x1,experience_off,6,6,1,6,0,-0.26272517442703247,0.07358072698116302,False,False
4,64x1,experience_off,7,7,1,7,0,-0.23658841848373413,0.06944235414266586,False,False
4,64x1,experience_off,8,8,1,8,0,-0.24663297832012177,0.0241023451089859,False,False
4,64x1,experience_off,9,9,1,9,0,-0.26705819368362427,0.04904358834028244,False,False
4,64x1,experience_off,10,10,1,10,0,-0.2598002851009369,0.03979086875915527,False,False
4,64x1,experience_off,11,11,1,11,0,-0.2600460648536682,0.031299374997615814,False,False
4,64x1,experience_off,12,12,1,12,0,-0.257478266954422,0.05941305682063103,False,False
4,64x1,experience_off,13,13,1,13,0,-0.2576984763145447,0.05747421830892563,False,False
4,64x1,experience_off,14,14,1,14,0,-0.26646050810813904,0.041803374886512756,False,False
4,64x1,experience_off,15,15,1,15,0,-0.25659114122390747,0.0894700139760971,False,False
4,64x1,experience_off,16,16,1,16,0,-0.2543339729309082,0.03534212335944176,False,False
4,64x1,experience_off,17,17,1,17,0,-0.26569855213165283,0.04580330848693848,False,False
4,64x1,experience_off,18,18,1,18,0,-0.26554206013679504,0.07309902459383011,False,False
4,64x1,experience_off,19,19,1,19,0,-0.2609439194202423,0.04032865911722183,False,False
4,64x1,experience_off,20,20,1,20,0,-0.2506482005119324,0.022723190486431122,False,False
4,64x1,experience_off,21,21,1,21,0,-0.25840187072753906,0.034061264246702194,False,False
4,64x1,experience_off,22,22,1,22,0,-0.2546928822994232,0.02952377125620842,False,False
4,64x1,experience_off,23,23,1,23,0,-0.26178839802742004,0.02875451371073723,False,False
4,64x1,experience_off,24,24,1,24,0,-0.2648625373840332,0.04468430206179619,False,False
4,64x1,experience_off,25,25,1,25,0,-0.2702401578426361,0.040587037801742554,False,False
4,64x1,experience_off,26,26,1,26,0,-0.2658666670322418,0.036121122539043427,False,False
4,64x1,experience_off,27,27,1,27,0,-0.25391292572021484,0.03718037158250809,False,False
4,64x1,experience_off,28,28,1,28,0,-0.26366108655929565,0.0470602884888649,False,False
4,64x1,experience_off,29,29,1,29,0,-0.24166332185268402,0.03741087764501572,False,False
4,64x1,experience_off,30,30,1,30,0,-0.2519139051437378,0.05814039707183838,False,False
4,64x1,experience_off,31,31,1,31,0,-0.2539452910423279,0.036388155072927475,False,False
4,64x1,experience_off,32,32,1,32,0,-0.262224018573761,0.04128321260213852,False,False
4,64x1,experience_off,33,33,1,33,0,-0.26136234402656555,0.02803579345345497,False,False
4,64x1,experience_off,34,34,1,34,0,-0.25928962230682373,0.041447822004556656,False,False
4,64x1,experience_off,35,35,1,35,0,-0.2569634020328522,0.025740161538124084,False,False
4,64x1,experience_off,36,36,1,36,0,-0.2675668001174927,0.04611992835998535,False,False
4,64x1,experience_off,37,37,1,37,0,-0.261768102645874,0.04213093966245651,False,False
4,64x1,experience_off,38,38,1,38,0,-0.25682932138442993,0.04512660950422287,False,False
4,64x1,experience_off,39,39,1,39,0,-0.26525625586509705,0.06234809756278992,False,False
4,64x1,experience_off,40,40,1,40,0,-0.2620049715042114,0.04917368292808533,False,False
4,64x1,experience_off,41,41,1,41,0,-0.2735547721385956,0.0878257006406784,True,False
4,64x1,experience_off,42,42,1,42,0,-0.2566859722137451,0.06084195896983147,False,False
4,64x1,experience_off,43,43,1,43,0,-0.2514325976371765,0.04186487942934036,False,False
4,64x1,experience_off,44,44,1,44,0,-0.2544921934604645,0.02244776487350464,False,True
4,64x1,experience_off,45,45,1,45,0,-0.2552562654018402,0.026973500847816467,False,False
4,64x1,experience_off,46,46,1,46,0,-0.24844805896282196,0.03846840560436249,False,False
4,64x1,experience_off,47,47,1,47,0,-0.2590359151363373,0.023894181475043297,False,False
4,64x1,experience_off,48,48,1,48,0,-0.25874003767967224,0.05912695452570915,False,False
4,64x1,experience_off,49,49,1,49,0,-0.2606235146522522,0.031627148389816284,False,False
4,64x1,experience_off,50,50,1,50,0,-0.2490917593240738,0.03294093906879425,False,False
4,64x1,experience_off,51,51,1,51,0,-0.25318455696105957,0.05725334212183952,False,False
4,64x1,experience_off,52,52,1,52,0,-0.2730562388896942,0.030641119927167892,False,False
4,64x1,experience_off,53,53,1,53,0,-0.24982590973377228,0.02590576373040676,False,False
4,64x1,experience_off,54,54,1,54,0,-0.24877874553203583,0.038289785385131836,False,False
4,64x1,experience_off,55,55,1,55,0,-0.2558789849281311,0.026411671191453934,False,False
4,64x1,experience_off,56,56,1,56,0,-0.2497643083333969,0.04648030549287796,False,False
4,64x1,experience_off,57,57,1,57,0,-0.266108900308609,0.02885083481669426,False,False
4,64x1,experience_off,58,58,1,58,0,-0.2599022388458252,0.03546467050909996,False,False
4,64x1,experience_off,59,59,1,59,0,-0.2561373710632324,0.04825564846396446,False,False
4,64x1,experience_off,60,60,1,60,0,-0.2665904760360718,0.06077923625707626,False,False
4,64x1,experience_off,61,61,1,61,0,-0.25138360261917114,0.02807636186480522,False,False
4,64x1,experience_off,62,62,1,62,0,-0.25449317693710327,0.028865322470664978,False,False
4,64x1,experience_off,63,63,1,63,0,-0.2638521194458008,0.035570040345191956,False,False
4,64x1,experience_off,64,64,1,64,0,-0.2542010545730591,0.033299993723630905,False,False
4,32x2,experience_on,1,1,1,1,0,-0.2513112425804138,0.026592612266540527,False,False
4,32x2,experience_on,2,2,1,2,0,-0.25513309240341187,0.02937169186770916,False,False
4,32x2,experience_on,3,3,1,3,0,-0.2635125517845154,0.08405955880880356,False,False
4,32x2,experience_on,4,4,1,4,0,-0.25526630878448486,0.03370744362473488,False,False
4,32x2,experience_on,5,5,1,5,0,-0.2524312138557434,0.025512179359793663,False,False
4,32x2,experience_on,6,6,1,6,0,-0.2627251148223877,0.07358067482709885,False,False
4,32x2,experience_on,7,7,1,7,0,-0.23658841848373413,0.06944238394498825,False,False
4,32x2,experience_on,8,8,1,8,0,-0.24663297832012177,0.02410231903195381,False,False
4,32x2,experience_on,9,9,1,9,0,-0.2670581638813019,0.04904363676905632,False,False
4,32x2,experience_on,10,10,1,10,0,-0.2598003149032593,0.03979086875915527,False,False
4,32x2,experience_on,11,11,1,11,0,-0.2600463032722473,0.03129946440458298,False,False
4,32x2,experience_on,12,12,1,12,0,-0.2574784457683563,0.05941331386566162,False,False
4,32x2,experience_on,13,13,1,13,0,-0.2576984465122223,0.05747425556182861,False,False
4,32x2,experience_on,14,14,1,14,0,-0.2664605677127838,0.04180334135890007,False,False
4,32x2,experience_on,15,15,1,15,0,-0.256591260433197,0.08946990966796875,False,False
4,32x2,experience_on,16,16,1,16,0,-0.2543342411518097,0.035342127084732056,False,False
4,32x2,experience_on,17,17,1,17,0,-0.2656986713409424,0.04580339789390564,False,False
4,32x2,experience_on,18,18,1,18,0,-0.2655419111251831,0.0730990320444107,False,False
4,32x2,experience_on,19,19,1,19,0,-0.2609438896179199,0.04032857343554497,False,False
4,32x2,experience_on,20,20,1,20,0,-0.2506484389305115,0.0227232426404953,False,False
4,32x2,experience_on,21,21,1,21,0,-0.25840187072753906,0.03406132012605667,False,False
4,32x2,experience_on,22,22,1,22,0,-0.2546929121017456,0.029523763805627823,False,False
4,32x2,experience_on,23,23,1,23,0,-0.26178842782974243,0.02875453047454357,False,False
4,32x2,experience_on,24,24,1,24,0,-0.26486265659332275,0.04468425363302231,False,False
4,32x2,experience_on,25,25,1,25,0,-0.2702401280403137,0.04058695584535599,False,False
4,32x2,experience_on,26,26,1,26,0,-0.2658667266368866,0.036121100187301636,False,False
4,32x2,experience_on,27,27,1,27,0,-0.25391310453414917,0.03718040883541107,False,False
4,32x2,experience_on,28,28,1,28,0,-0.2636609971523285,0.04706033319234848,False,False
4,32x2,experience_on,29,29,1,29,0,-0.24166353046894073,0.03741089627146721,False,False
4,32x2,experience_on,30,30,1,30,0,-0.2519140839576721,0.05814037844538689,False,False
4,32x2,experience_on,31,31,1,31,0,-0.25394532084465027,0.036388300359249115,False,False
4,32x2,experience_on,32,32,1,32,0,-0.2622241675853729,0.04128338024020195,False,False
4,32x2,experience_on,33,33,2,1,32,-0.26352623105049133,0.028353706002235413,False,False
4,32x2,experience_on,34,34,2,2,32,-0.2625437080860138,0.03498908132314682,False,False
4,32x2,experience_on,35,35,2,3,32,-0.2598739564418793,0.023608645424246788,False,False
4,32x2,experience_on,36,36,2,4,32,-0.26938050985336304,0.04387111961841583,False,False
4,32x2,experience_on,37,37,2,5,32,-0.26440221071243286,0.04339049756526947,False,False
4,32x2,experience_on,38,38,2,6,32,-0.259184330701828,0.04714006185531616,False,False
4,32x2,experience_on,39,39,2,7,32,-0.2672325372695923,0.05463157221674919,False,False
4,32x2,experience_on,40,40,2,8,32,-0.2645035982131958,0.044986169785261154,False,False
4,32x2,experience_on,41,41,2,9,32,-0.2755548655986786,0.0829283818602562,True,False
4,32x2,experience_on,42,42,2,10,32,-0.25985410809516907,0.05752100050449371,False,False
4,32x2,experience_on,43,43,2,11,32,-0.25554510951042175,0.040013816207647324,False,False
4,32x2,experience_on,44,44,2,12,32,-0.2579509913921356,0.020026294514536858,False,True
4,32x2,experience_on,45,45,2,13,32,-0.25707343220710754,0.027426723390817642,False,False
4,32x2,experience_on,46,46,2,14,32,-0.25090211629867554,0.03464628756046295,False,False
4,32x2,experience_on,47,47,2,15,32,-0.26252394914627075,0.021504437550902367,False,False
4,32x2,experience_on,48,48,2,16,32,-0.2607758343219757,0.0641600713133812,False,False
4,32x2,experience_on,49,49,2,17,32,-0.26358091831207275,0.03343236446380615,False,False
4,32x2,experience_on,50,50,2,18,32,-0.2529580891132355,0.03555956110358238,False,False
4,32x2,experience_on,51,51,2,19,32,-0.2559415400028229,0.053953200578689575,False,False
4,32x2,experience_on,52,52,2,20,32,-0.2749205231666565,0.027274681255221367,False,False
4,32x2,experience_on,53,53,2,21,32,-0.253173291683197,0.02499813213944435,False,False
4,32x2,experience_on,54,54,2,22,32,-0.2505663335323334,0.03762888163328171,False,False
4,32x2,experience_on,55,55,2,23,32,-0.2588745951652527,0.027907293289899826,False,False
4,32x2,experience_on,56,56,2,24,32,-0.25245770812034607,0.05334952473640442,False,False
4,32x2,experience_on,57,57,2,25,32,-0.26762625575065613,0.027678197249770164,False,False
4,32x2,experience_on,58,58,2,26,32,-0.2618977725505829,0.033689577132463455,False,False
4,32x2,experience_on,59,59,2,27,32,-0.2583097815513611,0.044931165874004364,False,False
4,32x2,experience_on,60,60,2,28,32,-0.2687419056892395,0.05371641367673874,False,False
4,32x2,experience_on,61,61,2,29,32,-0.25487834215164185,0.030923068523406982,False,False
4,32x2,experience_on,62,62,2,30,32,-0.2583356201648712,0.027111347764730453,False,False
4,32x2,experience_on,63,63,2,31,32,-0.26616430282592773,0.03677980229258537,False,False
4,32x2,experience_on,64,64,2,32,32,-0.25649070739746094,0.03627040609717369,False,False
4,16x4,experience_on,1,1,1,1,0,-0.25131097435951233,0.02659263089299202,False,False
4,16x4,experience_on,2,2,1,2,0,-0.25513315200805664,0.029371649026870728,False,False
4,16x4,experience_on,3,3,1,3,0,-0.2635122537612915,0.08405949920415878,False,False
4,16x4,experience_on,4,4,1,4,0,-0.25526636838912964,0.03370741009712219,False,False
4,16x4,experience_on,5,5,1,5,0,-0.2524310052394867,0.025512177497148514,False,False
4,16x4,experience_on,6,6,1,6,0,-0.2627251148223877,0.07358065247535706,False,False
4,16x4,experience_on,7,7,1,7,0,-0.23658835887908936,0.06944260746240616,False,False
4,16x4,experience_on,8,8,1,8,0,-0.24663250148296356,0.024102330207824707,False,False
4,16x4,experience_on,9,9,1,9,0,-0.26705819368362427,0.04904352128505707,False,False
4,16x4,experience_on,10,10,1,10,0,-0.2598003149032593,0.0397908091545105,False,False
4,16x4,experience_on,11,11,1,11,0,-0.26004600524902344,0.031299442052841187,False,False
4,16x4,experience_on,12,12,1,12,0,-0.25747811794281006,0.05941344052553177,False,False
4,16x4,experience_on,13,13,1,13,0,-0.25769853591918945,0.057474285364151,False,False
4,16x4,experience_on,14,14,1,14,0,-0.26646047830581665,0.04180338978767395,False,False
4,16x4,experience_on,15,15,1,15,0,-0.25659117102622986,0.08947005122900009,False,False
4,16x4,experience_on,16,16,1,16,0,-0.2543339729309082,0.03534206748008728,False,False
4,16x4,experience_on,17,17,2,1,16,-0.26767635345458984,0.04403512924909592,False,False
4,16x4,experience_on,18,18,2,2,16,-0.26722580194473267,0.06928172707557678,False,False
4,16x4,experience_on,19,19,2,3,16,-0.26343637704849243,0.03582062944769859,False,False
4,16x4,experience_on,20,20,2,4,16,-0.25515756011009216,0.02043810859322548,False,False
4,16x4,experience_on,21,21,2,5,16,-0.26007378101348877,0.03120589256286621,False,False
4,16x4,experience_on,22,22,2,6,16,-0.25799134373664856,0.028238553553819656,False,False
4,16x4,experience_on,23,23,2,7,16,-0.2643592357635498,0.029995840042829514,False,False
4,16x4,experience_on,24,24,2,8,16,-0.2665858864784241,0.047123029828071594,False,False
4,16x4,experience_on,25,25,2,9,16,-0.27201372385025024,0.042787253856658936,False,False
4,16x4,experience_on,26,26,2,10,16,-0.2676597535610199,0.030701933428645134,False,False
4,16x4,experience_on,27,27,2,11,16,-0.25737881660461426,0.03375687077641487,False,False
4,16x4,experience_on,28,28,2,12,16,-0.2666030526161194,0.04785015434026718,False,False
4,16x4,experience_on,29,29,2,13,16,-0.24437646567821503,0.03572702035307884,False,False
4,16x4,experience_on,30,30,2,14,16,-0.25512421131134033,0.05988505110144615,False,False
4,16x4,experience_on,31,31,2,15,16,-0.2566817104816437,0.03774663805961609,False,False
4,16x4,experience_on,32,32,2,16,16,-0.26521027088165283,0.039128147065639496,False,False
4,16x4,experience_on,33,33,3,1,32,-0.26353687047958374,0.028346380218863487,False,False
4,16x4,experience_on,34,34,3,2,32,-0.2625386714935303,0.034997615963220596,False,False
4,16x4,experience_on,35,35,3,3,32,-0.25987300276756287,0.02360662817955017,False,False
4,16x4,experience_on,36,36,3,4,32,-0.26938769221305847,0.043872229754924774,False,False
4,16x4,experience_on,37,37,3,5,32,-0.26439809799194336,0.043376099318265915,False,False
4,16x4,experience_on,38,38,3,6,32,-0.25919556617736816,0.047114115208387375,False,False
4,16x4,experience_on,39,39,3,7,32,-0.26723766326904297,0.05463707074522972,False,False
4,16x4,experience_on,40,40,3,8,32,-0.26451319456100464,0.044999655336141586,False,False
4,16x4,experience_on,41,41,3,9,32,-0.27555614709854126,0.08293932676315308,True,False
4,16x4,experience_on,42,42,3,10,32,-0.2598649263381958,0.05751721188426018,False,False
4,16x4,experience_on,43,43,3,11,32,-0.2555423378944397,0.04001867398619652,False,False
4,16x4,experience_on,44,44,3,12,32,-0.2579441964626312,0.020029500126838684,False,True
4,16x4,experience_on,45,45,3,13,32,-0.2570858597755432,0.02741733193397522,False,False
4,16x4,experience_on,46,46,3,14,32,-0.25091201066970825,0.034644678235054016,False,False
4,16x4,experience_on,47,47,3,15,32,-0.2625236511230469,0.02150092087686062,False,False
4,16x4,experience_on,48,48,3,16,32,-0.26077917218208313,0.0641402155160904,False,False
4,16x4,experience_on,49,49,4,1,48,-0.26359823346138,0.033436119556427,False,False
4,16x4,experience_on,50,50,4,2,48,-0.2529534101486206,0.03551805019378662,False,False
4,16x4,experience_on,51,51,4,3,48,-0.25593775510787964,0.053954847157001495,False,False
4,16x4,experience_on,52,52,4,4,48,-0.2749149203300476,0.027284784242510796,False,False
4,16x4,experience_on,53,53,4,5,48,-0.25318044424057007,0.024983298033475876,False,False
4,16x4,experience_on,54,54,4,6,48,-0.2505913972854614,0.037624798715114594,False,False
4,16x4,experience_on,55,55,4,7,48,-0.25888490676879883,0.02788793109357357,False,False
4,16x4,experience_on,56,56,4,8,48,-0.2524709701538086,0.053311944007873535,False,False
4,16x4,experience_on,57,57,4,9,48,-0.267609179019928,0.02766565792262554,False,False
4,16x4,experience_on,58,58,4,10,48,-0.2619136869907379,0.03367718681693077,False,False
4,16x4,experience_on,59,59,4,11,48,-0.25830602645874023,0.04491186887025833,False,False
4,16x4,experience_on,60,60,4,12,48,-0.26874062418937683,0.0537387952208519,False,False
4,16x4,experience_on,61,61,4,13,48,-0.2548593282699585,0.03089459240436554,False,False
4,16x4,experience_on,62,62,4,14,48,-0.25830480456352234,0.027109241113066673,False,False
4,16x4,experience_on,63,63,4,15,48,-0.2661507725715637,0.036760102957487106,False,False
4,16x4,experience_on,64,64,4,16,48,-0.25648096203804016,0.03624784201383591,False,False
4,8x8,experience_on,1,1,1,1,0,-0.25131094455718994,0.02659257873892784,False,False
4,8x8,experience_on,2,2,1,2,0,-0.2551330626010895,0.02937156707048416,False,False
4,8x8,experience_on,3,3,1,3,0,-0.2635127007961273,0.08405932784080505,False,False
4,8x8,experience_on,4,4,1,4,0,-0.25526630878448486,0.033707473427057266,False,False
4,8x8,experience_on,5,5,1,5,0,-0.2524310052394867,0.025512253865599632,False,False
4,8x8,experience_on,6,6,1,6,0,-0.26272517442703247,0.07358071953058243,False,False
4,8x8,experience_on,7,7,1,7,0,-0.23658840358257294,0.06944242864847183,False,False
4,8x8,experience_on,8,8,1,8,0,-0.24663294851779938,0.024102330207824707,False,False
4,8x8,experience_on,9,9,2,1,8,-0.2693764567375183,0.04674854874610901,False,False
4,8x8,experience_on,10,10,2,2,8,-0.26221930980682373,0.035614367574453354,False,False
4,8x8,experience_on,11,11,2,3,8,-0.26223182678222656,0.031427592039108276,False,False
4,8x8,experience_on,12,12,2,4,8,-0.260029137134552,0.05224015936255455,False,False
4,8x8,experience_on,13,13,2,5,8,-0.26052185893058777,0.05838702246546745,False,False
4,8x8,experience_on,14,14,2,6,8,-0.2685626447200775,0.04505372792482376,False,False
4,8x8,experience_on,15,15,2,7,8,-0.2588949203491211,0.09431903064250946,False,False
4,8x8,experience_on,16,16,2,8,8,-0.2570955753326416,0.03810257837176323,False,False
4,8x8,experience_on,17,17,3,1,16,-0.2676790952682495,0.0440269410610199,False,False
4,8x8,experience_on,18,18,3,2,16,-0.26723021268844604,0.06928722560405731,False,False
4,8x8,experience_on,19,19,3,3,16,-0.2634468078613281,0.03582317754626274,False,False
4,8x8,experience_on,20,20,3,4,16,-0.2551591992378235,0.020437665283679962,False,False
4,8x8,experience_on,21,21,3,5,16,-0.26009202003479004,0.031203191727399826,False,False
4,8x8,experience_on,22,22,3,6,16,-0.25799018144607544,0.028234075754880905,False,False
4,8x8,experience_on,23,23,3,7,16,-0.264356791973114,0.029979482293128967,False,False
4,8x8,experience_on,24,24,3,8,16,-0.26659873127937317,0.047100864350795746,False,False
4,8x8,experience_on,25,25,4,1,24,-0.27202823758125305,0.04274962097406387,False,False
4,8x8,experience_on,26,26,4,2,24,-0.26765942573547363,0.030754609033465385,False,False
4,8x8,experience_on,27,27,4,3,24,-0.2573899030685425,0.033755213022232056,False,False
4,8x8,experience_on,28,28,4,4,24,-0.2665923833847046,0.04784684628248215,False,False
4,8x8,experience_on,29,29,4,5,24,-0.24443654716014862,0.0357181616127491,False,False
4,8x8,experience_on,30,30,4,6,24,-0.25512105226516724,0.05983830988407135,False,False
4,8x8,experience_on,31,31,4,7,24,-0.2566875219345093,0.03770765662193298,False,False
4,8x8,experience_on,32,32,4,8,24,-0.26520413160324097,0.03912422060966492,False,False
4,8x8,experience_on,33,33,5,1,32,-0.2635408043861389,0.028342612087726593,False,False
4,8x8,experience_on,34,34,5,2,32,-0.2625356912612915,0.035002388060092926,False,False
4,8x8,experience_on,35,35,5,3,32,-0.2598717212677002,0.02360585890710354,False,False
4,8x8,experience_on,36,36,5,4,32,-0.26939016580581665,0.043872635811567307,False,False
4,8x8,experience_on,37,37,5,5,32,-0.2643960118293762,0.043368738144636154,False,False
4,8x8,experience_on,38,38,5,6,32,-0.25919967889785767,0.04710081219673157,False,False
4,8x8,experience_on,39,39,5,7,32,-0.26723915338516235,0.05464094877243042,False,False
4,8x8,experience_on,40,40,5,8,32,-0.26451677083969116,0.045006416738033295,False,False
4,8x8,experience_on,41,41,6,1,40,-0.2755565941333771,0.08294327557086945,True,False
4,8x8,experience_on,42,42,6,2,40,-0.2598767876625061,0.05750584229826927,False,False
4,8x8,experience_on,43,43,6,3,40,-0.2555390000343323,0.04002024233341217,False,False
4,8x8,experience_on,44,44,6,4,40,-0.25793540477752686,0.020030681043863297,False,True
4,8x8,experience_on,45,45,6,5,40,-0.2570979595184326,0.02740326337516308,False,False
4,8x8,experience_on,46,46,6,6,40,-0.25092172622680664,0.03463531658053398,False,False
4,8x8,experience_on,47,47,6,7,40,-0.2625231146812439,0.02149483934044838,False,False
4,8x8,experience_on,48,48,6,8,40,-0.26078206300735474,0.0641244575381279,False,False
4,8x8,experience_on,49,49,7,1,48,-0.2635994553565979,0.033435966819524765,False,False
4,8x8,experience_on,50,50,7,2,48,-0.2529517412185669,0.035510946065187454,False,False
4,8x8,experience_on,51,51,7,3,48,-0.25593632459640503,0.053955450654029846,False,False
4,8x8,experience_on,52,52,7,4,48,-0.27491331100463867,0.02728685364127159,False,False
4,8x8,experience_on,53,53,7,5,48,-0.2531801462173462,0.024980632588267326,False,False
4,8x8,experience_on,54,54,7,6,48,-0.25059470534324646,0.03762419521808624,False,False
4,8x8,experience_on,55,55,7,7,48,-0.2588855028152466,0.02788480743765831,False,False
4,8x8,experience_on,56,56,7,8,48,-0.252472460269928,0.053306154906749725,False,False
4,8x8,experience_on,57,57,8,1,56,-0.2676103711128235,0.0276680588722229,False,False
4,8x8,experience_on,58,58,8,2,56,-0.2619125247001648,0.033679764717817307,False,False
4,8x8,experience_on,59,59,8,3,56,-0.2583059072494507,0.04491540417075157,False,False
4,8x8,experience_on,60,60,8,4,56,-0.2687397599220276,0.05374361202120781,False,False
4,8x8,experience_on,61,61,8,5,56,-0.25485822558403015,0.030898988246917725,False,False
4,8x8,experience_on,62,62,8,6,56,-0.2583039104938507,0.027110721915960312,False,False
4,8x8,experience_on,63,63,8,7,56,-0.26615089178085327,0.03676266968250275,False,False
4,8x8,experience_on,64,64,8,8,56,-0.256479948759079,0.03624900430440903,False,False
4,4x16,experience_on,1,1,1,1,0,-0.2513112723827362,0.02659260295331478,False,False
4,4x16,experience_on,2,2,1,2,0,-0.2551332712173462,0.02937157452106476,False,False
4,4x16,experience_on,3,3,1,3,0,-0.26351267099380493,0.08405952155590057,False,False
4,4x16,experience_on,4,4,1,4,0,-0.25526633858680725,0.033707451075315475,False,False
4,4x16,experience_on,5,5,2,1,4,-0.25467202067375183,0.02717256359755993,False,False
4,4x16,experience_on,6,6,2,2,4,-0.2663014531135559,0.07711499184370041,False,False
4,4x16,experience_on,7,7,2,3,4,-0.2386905699968338,0.06326352804899216,False,False
4,4x16,experience_on,8,8,2,4,4,-0.24936585128307343,0.02461729198694229,False,False
4,4x16,experience_on,9,9,3,1,8,-0.26937150955200195,0.046750348061323166,False,False
4,4x16,experience_on,10,10,3,2,8,-0.2622203826904297,0.035618506371974945,False,False
4,4x16,experience_on,11,11,3,3,8,-0.26222676038742065,0.03142187371850014,False,False
4,4x16,experience_on,12,12,3,4,8,-0.2600361704826355,0.052253395318984985,False,False
4,4x16,experience_on,13,13,4,1,12,-0.26055583357810974,0.05832081288099289,False,False
4,4x16,experience_on,14,14,4,2,12,-0.26857230067253113,0.04501504451036453,False,False
4,4x16,experience_on,15,15,4,3,12,-0.25890833139419556,0.0942462906241417,False,False
4,4x16,experience_on,16,16,4,4,12,-0.2570865750312805,0.03803252801299095,False,False
4,4x16,experience_on,17,17,5,1,16,-0.26767924427986145,0.04402172192931175,False,False
4,4x16,experience_on,18,18,5,2,16,-0.26723361015319824,0.06929604709148407,False,False
4,4x16,experience_on,19,19,5,3,16,-0.26344943046569824,0.035822078585624695,False,False
4,4x16,experience_on,20,20,5,4,16,-0.25515758991241455,0.020436536520719528,False,False
4,4x16,experience_on,21,21,6,1,20,-0.26012709736824036,0.03120570443570614,False,False
4,4x16,experience_on,22,22,6,2,20,-0.2579900622367859,0.028229515999555588,False,False
4,4x16,experience_on,23,23,6,3,20,-0.26435771584510803,0.029953446239233017,False,False
4,4x16,experience_on,24,24,6,4,20,-0.2666226029396057,0.04706894978880882,False,False
4,4x16,experience_on,25,25,7,1,24,-0.27202925086021423,0.042746394872665405,False,False
4,4x16,experience_on,26,26,7,2,24,-0.26765865087509155,0.030759159475564957,False,False
4,4x16,experience_on,27,27,7,3,24,-0.2573898434638977,0.03375186398625374,False,False
4,4x16,experience_on,28,28,7,4,24,-0.2665885090827942,0.04784747585654259,False,False
4,4x16,experience_on,29,29,8,1,28,-0.24445877969264984,0.035716887563467026,False,False
4,4x16,experience_on,30,30,8,2,28,-0.2551176846027374,0.05982440710067749,False,False
4,4x16,experience_on,31,31,8,3,28,-0.2566874623298645,0.03769632801413536,False,False
4,4x16,experience_on,32,32,8,4,28,-0.2651995122432709,0.0391201451420784,False,False
4,4x16,experience_on,33,33,9,1,32,-0.2635440230369568,0.02834184467792511,False,False
4,4x16,experience_on,34,34,9,2,32,-0.262533038854599,0.03500410541892052,False,False
4,4x16,experience_on,35,35,9,3,32,-0.2598705291748047,0.023605188354849815,False,False
4,4x16,experience_on,36,36,9,4,32,-0.26939061284065247,0.04387383908033371,False,False
4,4x16,experience_on,37,37,10,1,36,-0.2643950581550598,0.04336375743150711,False,False
4,4x16,experience_on,38,38,10,2,36,-0.25920408964157104,0.047090619802474976,False,False
4,4x16,experience_on,39,39,10,3,36,-0.2672421336174011,0.05463503301143646,False,False
4,4x16,experience_on,40,40,10,4,36,-0.2645217776298523,0.04501006007194519,False,False
4,4x16,experience_on,41,41,11,1,40,-0.2755560278892517,0.08294742554426193,True,False
4,4x16,experience_on,42,42,11,2,40,-0.2598782181739807,0.057505153119564056,False,False
4,4x16,experience_on,43,43,11,3,40,-0.25553709268569946,0.040021028369665146,False,False
4,4x16,experience_on,44,44,11,4,40,-0.25793349742889404,0.020030498504638672,False,True
4,4x16,experience_on,45,45,12,1,44,-0.2571014165878296,0.027399485930800438,False,False
4,4x16,experience_on,46,46,12,2,44,-0.25092411041259766,0.03463635966181755,False,False
4,4x16,experience_on,47,47,12,3,44,-0.262521892786026,0.02149493619799614,False,False
4,4x16,experience_on,48,48,12,4,44,-0.2607821822166443,0.06411632895469666,False,False
4,4x16,experience_on,49,49,13,1,48,-0.2636013329029083,0.033436886966228485,False,False
4,4x16,experience_on,50,50,13,2,48,-0.2529498338699341,0.03550887107849121,False,False
4,4x16,experience_on,51,51,13,3,48,-0.2559348940849304,0.05395699664950371,False,False
4,4x16,experience_on,52,52,13,4,48,-0.2749127149581909,0.027287309989333153,False,False
4,4x16,experience_on,53,53,14,1,52,-0.2531806230545044,0.02497943490743637,False,False
4,4x16,experience_on,54,54,14,2,52,-0.250598669052124,0.03762471675872803,False,False
4,4x16,experience_on,55,55,14,3,52,-0.2588869035243988,0.02788339927792549,False,False
4,4x16,experience_on,56,56,14,4,52,-0.25247400999069214,0.05330237001180649,False,False
4,4x16,experience_on,57,57,15,1,56,-0.2676091194152832,0.02766716480255127,False,False
4,4x16,experience_on,58,58,15,2,56,-0.26191312074661255,0.033678971230983734,False,False
4,4x16,experience_on,59,59,15,3,56,-0.2583051919937134,0.04491345211863518,False,False
4,4x16,experience_on,60,60,15,4,56,-0.2687393128871918,0.05374563857913017,False,False
4,4x16,experience_on,61,61,16,1,60,-0.2548534572124481,0.030903778970241547,False,False
4,4x16,experience_on,62,62,16,2,60,-0.2582969665527344,0.027113035321235657,False,False
4,4x16,experience_on,63,63,16,3,60,-0.26614877581596375,0.03676561266183853,False,False
4,4x16,experience_on,64,64,16,4,60,-0.256477028131485,0.03625059872865677,False,False
5,64x1,experience_off,1,1,1,1,0,-0.3784886598587036,0.16304120421409607,False,False
5,64x1,experience_off,2,2,1,2,0,-0.38411104679107666,0.301296591758728,False,False
5,64x1,experience_off,3,3,1,3,0,-0.3839298486709595,0.4132000207901001,False,False
5,64x1,experience_off,4,4,1,4,0,-0.3730316162109375,0.23855185508728027,False,False
5,64x1,experience_off,5,5,1,5,0,-0.39026975631713867,0.16027161478996277,False,False
5,64x1,experience_off,6,6,1,6,0,-0.39180541038513184,0.1649264544248581,False,False
5,64x1,experience_off,7,7,1,7,0,-0.38720959424972534,0.33562466502189636,False,False
5,64x1,experience_off,8,8,1,8,0,-0.3912649154663086,0.03046872839331627,False,True
5,64x1,experience_off,9,9,1,9,0,-0.39768537878990173,0.06877180933952332,True,False
5,64x1,experience_off,10,10,1,10,0,-0.37431418895721436,0.3086733818054199,False,False
5,64x1,experience_off,11,11,1,11,0,-0.3735029101371765,0.3963598906993866,False,False
5,64x1,experience_off,12,12,1,12,0,-0.38823580741882324,0.45468443632125854,False,False
5,64x1,experience_off,13,13,1,13,0,-0.38519561290740967,0.36060279607772827,False,False
5,64x1,experience_off,14,14,1,14,0,-0.38949209451675415,0.12727224826812744,False,False
5,64x1,experience_off,15,15,1,15,0,-0.38576021790504456,0.40160006284713745,False,False
5,64x1,experience_off,16,16,1,16,0,-0.38956567645072937,0.12598463892936707,False,False
5,64x1,experience_off,17,17,1,17,0,-0.38049155473709106,0.35086938738822937,False,False
5,64x1,experience_off,18,18,1,18,0,-0.38616976141929626,0.268623411655426,False,False
5,64x1,experience_off,19,19,1,19,0,-0.38417142629623413,0.2311290204524994,False,False
5,64x1,experience_off,20,20,1,20,0,-0.3796129822731018,0.15332016348838806,False,False
5,64x1,experience_off,21,21,1,21,0,-0.3767297863960266,0.12927107512950897,False,False
5,64x1,experience_off,22,22,1,22,0,-0.38878390192985535,0.6912140250205994,False,False
5,64x1,experience_off,23,23,1,23,0,-0.38802579045295715,0.22005516290664673,False,False
5,64x1,experience_off,24,24,1,24,0,-0.38489753007888794,0.12807756662368774,False,False
5,64x1,experience_off,25,25,1,25,0,-0.37326186895370483,0.3384140133857727,False,False
5,64x1,experience_off,26,26,1,26,0,-0.39094603061676025,0.09345939755439758,False,False
5,64x1,experience_off,27,27,1,27,0,-0.3847544193267822,0.25132879614830017,False,False
5,64x1,experience_off,28,28,1,28,0,-0.380024790763855,0.09280923008918762,False,False
5,64x1,experience_off,29,29,1,29,0,-0.37178730964660645,0.12311951816082001,False,False
5,64x1,experience_off,30,30,1,30,0,-0.3886312246322632,0.2950131893157959,False,False
5,64x1,experience_off,31,31,1,31,0,-0.3882905840873718,0.9082021713256836,False,False
5,64x1,experience_off,32,32,1,32,0,-0.39204686880111694,0.19594857096672058,False,False
5,64x1,experience_off,33,33,1,33,0,-0.39368537068367004,0.17628590762615204,False,False
5,64x1,experience_off,34,34,1,34,0,-0.3826519250869751,0.2237403690814972,False,False
5,64x1,experience_off,35,35,1,35,0,-0.38996702432632446,0.19986581802368164,False,False
5,64x1,experience_off,36,36,1,36,0,-0.37783461809158325,0.3192037343978882,False,False
5,64x1,experience_off,37,37,1,37,0,-0.384930819272995,0.1595935821533203,False,False
5,64x1,experience_off,38,38,1,38,0,-0.37322384119033813,0.23488450050354004,False,False
5,64x1,experience_off,39,39,1,39,0,-0.37825918197631836,0.14251813292503357,False,False
5,64x1,experience_off,40,40,1,40,0,-0.38359594345092773,0.21524856984615326,False,False
5,64x1,experience_off,41,41,1,41,0,-0.37196698784828186,0.29774999618530273,False,False
5,64x1,experience_off,42,42,1,42,0,-0.37581419944763184,0.3122362792491913,False,False
5,64x1,experience_off,43,43,1,43,0,-0.39136838912963867,0.13130545616149902,False,False
5,64x1,experience_off,44,44,1,44,0,-0.3737703263759613,0.264580100774765,False,False
5,64x1,experience_off,45,45,1,45,0,-0.3861079812049866,0.8568195104598999,False,False
5,64x1,experience_off,46,46,1,46,0,-0.38257119059562683,0.2645381987094879,False,False
5,64x1,experience_off,47,47,1,47,0,-0.38696175813674927,0.28428199887275696,False,False
5,64x1,experience_off,48,48,1,48,0,-0.37989601492881775,0.2057626098394394,False,False
5,64x1,experience_off,49,49,1,49,0,-0.3818836510181427,1.7103980779647827,False,False
5,64x1,experience_off,50,50,1,50,0,-0.38963425159454346,0.160832941532135,False,False
5,64x1,experience_off,51,51,1,51,0,-0.3875395655632019,0.14496064186096191,False,False
5,64x1,experience_off,52,52,1,52,0,-0.37126654386520386,1.265207052230835,False,False
5,64x1,experience_off,53,53,1,53,0,-0.37813490629196167,0.5768201947212219,False,False
5,64x1,experience_off,54,54,1,54,0,-0.39171773195266724,0.238277405500412,False,False
5,64x1,experience_off,55,55,1,55,0,-0.3946479856967926,0.1705876588821411,False,False
5,64x1,experience_off,56,56,1,56,0,-0.37793347239494324,0.3015793263912201,False,False
5,64x1,experience_off,57,57,1,57,0,-0.38581007719039917,0.21992479264736176,False,False
5,64x1,experience_off,58,58,1,58,0,-0.3760697543621063,0.08693330734968185,False,False
5,64x1,experience_off,59,59,1,59,0,-0.3924984335899353,0.10473611205816269,False,False
5,64x1,experience_off,60,60,1,60,0,-0.39301741123199463,0.07007119059562683,False,False
5,64x1,experience_off,61,61,1,61,0,-0.3963049650192261,0.37226948142051697,False,False
5,64x1,experience_off,62,62,1,62,0,-0.38948071002960205,0.2595387101173401,False,False
5,64x1,experience_off,63,63,1,63,0,-0.3891514539718628,0.08411328494548798,False,False
5,64x1,experience_off,64,64,1,64,0,-0.38731998205184937,0.047707587480545044,False,False
5,32x2,experience_on,1,1,1,1,0,-0.3784884214401245,0.1630413681268692,False,False
5,32x2,experience_on,2,2,1,2,0,-0.38411128520965576,0.301296591758728,False,False
5,32x2,experience_on,3,3,1,3,0,-0.3839297592639923,0.41319963335990906,False,False
5,32x2,experience_on,4,4,1,4,0,-0.3730316162109375,0.23855218291282654,False,False
5,32x2,experience_on,5,5,1,5,0,-0.39026981592178345,0.16027182340621948,False,False
5,32x2,experience_on,6,6,1,6,0,-0.39180535078048706,0.16492675244808197,False,False
5,32x2,experience_on,7,7,1,7,0,-0.38720977306365967,0.33562514185905457,False,False
5,32x2,experience_on,8,8,1,8,0,-0.39126479625701904,0.030468862503767014,False,True
5,32x2,experience_on,9,9,1,9,0,-0.3976854383945465,0.06877189129590988,True,False
5,32x2,experience_on,10,10,1,10,0,-0.37431421875953674,0.3086739480495453,False,False
5,32x2,experience_on,11,11,1,11,0,-0.3735029399394989,0.3963608145713806,False,False
5,32x2,experience_on,12,12,1,12,0,-0.3882356882095337,0.45468324422836304,False,False
5,32x2,experience_on,13,13,1,13,0,-0.3851955533027649,0.3606031537055969,False,False
5,32x2,experience_on,14,14,1,14,0,-0.389492005109787,0.1272723376750946,False,False
5,32x2,experience_on,15,15,1,15,0,-0.38576018810272217,0.4016001224517822,False,False
5,32x2,experience_on,16,16,1,16,0,-0.3895657956600189,0.1259847730398178,False,False
5,32x2,experience_on,17,17,1,17,0,-0.3804915249347687,0.3508695065975189,False,False
5,32x2,experience_on,18,18,1,18,0,-0.3861698806285858,0.2686232924461365,False,False
5,32x2,experience_on,19,19,1,19,0,-0.3841715455055237,0.2311284840106964,False,False
5,32x2,experience_on,20,20,1,20,0,-0.3796127140522003,0.15332068502902985,False,False
5,32x2,experience_on,21,21,1,21,0,-0.3767299950122833,0.12927046418190002,False,False
5,32x2,experience_on,22,22,1,22,0,-0.3887842297554016,0.6912144422531128,False,False
5,32x2,experience_on,23,23,1,23,0,-0.38802582025527954,0.22005508840084076,False,False
5,32x2,experience_on,24,24,1,24,0,-0.38489750027656555,0.12807747721672058,False,False
5,32x2,experience_on,25,25,1,25,0,-0.3732614517211914,0.33841371536254883,False,False
5,32x2,experience_on,26,26,1,26,0,-0.3909459412097931,0.09345926344394684,False,False
5,32x2,experience_on,27,27,1,27,0,-0.3847543001174927,0.25132882595062256,False,False
5,32x2,experience_on,28,28,1,28,0,-0.38002413511276245,0.09280940145254135,False,False
5,32x2,experience_on,29,29,1,29,0,-0.37178725004196167,0.12311973422765732,False,False
5,32x2,experience_on,30,30,1,30,0,-0.3886314034461975,0.2950129508972168,False,False
5,32x2,experience_on,31,31,1,31,0,-0.3882907032966614,0.9082154035568237,False,False
5,32x2,experience_on,32,32,1,32,0,-0.3920467495918274,0.19594810903072357,False,False
5,32x2,experience_on,33,33,2,1,32,-0.39287611842155457,0.18126416206359863,False,False
5,32x2,experience_on,34,34,2,2,32,-0.38007885217666626,0.2275582253932953,False,False
5,32x2,experience_on,35,35,2,3,32,-0.38896867632865906,0.2010604590177536,False,False
5,32x2,experience_on,36,36,2,4,32,-0.378008633852005,0.3103347718715668,False,False
5,32x2,experience_on,37,37,2,5,32,-0.38161948323249817,0.1619381159543991,False,False
5,32x2,experience_on,38,38,2,6,32,-0.3729274570941925,0.2297016829252243,False,False
5,32x2,experience_on,39,39,2,7,32,-0.3775295615196228,0.14529526233673096,False,False
5,32x2,experience_on,40,40,2,8,32,-0.3820447325706482,0.22292181849479675,False,False
5,32x2,experience_on,41,41,2,9,32,-0.371663361787796,0.2932295799255371,False,False
5,32x2,experience_on,42,42,2,10,32,-0.3757385015487671,0.2971307933330536,False,False
5,32x2,experience_on,43,43,2,11,32,-0.3911776542663574,0.12365283071994781,False,False
5,32x2,experience_on,44,44,2,12,32,-0.37197786569595337,0.2635524570941925,False,False
5,32x2,experience_on,45,45,2,13,32,-0.3843785524368286,0.9086105227470398,False,False
5,32x2,experience_on,46,46,2,14,32,-0.3813507556915283,0.26831719279289246,False,False
5,32x2,experience_on,47,47,2,15,32,-0.38591569662094116,0.2817067801952362,False,False
5,32x2,experience_on,48,48,2,16,32,-0.3788183927536011,0.21059292554855347,False,False
5,32x2,experience_on,49,49,2,17,32,-0.3804275095462799,1.7096666097640991,False,False
5,32x2,experience_on,50,50,2,18,32,-0.3900737166404724,0.15632633864879608,False,False
5,32x2,experience_on,51,51,2,19,32,-0.3865543007850647,0.15009064972400665,False,False
5,32x2,experience_on,52,52,2,20,32,-0.3690773546695709,1.2563260793685913,False,False
5,32x2,experience_on,53,53,2,21,32,-0.376791775226593,0.5748161673545837,False,False
5,32x2,experience_on,54,54,2,22,32,-0.39091992378234863,0.24050933122634888,False,False
5,32x2,experience_on,55,55,2,23,32,-0.39360272884368896,0.17242002487182617,False,False
5,32x2,experience_on,56,56,2,24,32,-0.3778601288795471,0.30341312289237976,False,False
5,32x2,experience_on,57,57,2,25,32,-0.38485974073410034,0.23100468516349792,False,False
5,32x2,experience_on,58,58,2,26,32,-0.3736472725868225,0.09451134502887726,False,False
5,32x2,experience_on,59,59,2,27,32,-0.3912431001663208,0.11079861968755722,False,False
5,32x2,experience_on,60,60,2,28,32,-0.3930051922798157,0.0826687291264534,False,False
5,32x2,experience_on,61,61,2,29,32,-0.39560553431510925,0.408290833234787,False,False
5,32x2,experience_on,62,62,2,30,32,-0.38903748989105225,0.2574242949485779,False,False
5,32x2,experience_on,63,63,2,31,32,-0.3875206410884857,0.08159277588129044,False,False
5,32x2,experience_on,64,64,2,32,32,-0.3871065378189087,0.04965171217918396,False,False
5,16x4,experience_on,1,1,1,1,0,-0.3784884810447693,0.16304133832454681,False,False
5,16x4,experience_on,2,2,1,2,0,-0.3841111660003662,0.3012964725494385,False,False
5,16x4,experience_on,3,3,1,3,0,-0.3839297890663147,0.41320133209228516,False,False
5,16x4,experience_on,4,4,1,4,0,-0.37303149700164795,0.23855191469192505,False,False
5,16x4,experience_on,5,5,1,5,0,-0.39026951789855957,0.16027185320854187,False,False
5,16x4,experience_on,6,6,1,6,0,-0.3918052911758423,0.1649269461631775,False,False
5,16x4,experience_on,7,7,1,7,0,-0.3872096538543701,0.33562469482421875,False,False
5,16x4,experience_on,8,8,1,8,0,-0.3912648558616638,0.03046875074505806,False,True
5,16x4,experience_on,9,9,1,9,0,-0.39768537878990173,0.0687718540430069,True,False
5,16x4,experience_on,10,10,1,10,0,-0.3743142783641815,0.308674156665802,False,False
5,16x4,experience_on,11,11,1,11,0,-0.37350285053253174,0.3963601291179657,False,False
5,16x4,experience_on,12,12,1,12,0,-0.38823580741882324,0.4546864926815033,False,False
5,16x4,experience_on,13,13,1,13,0,-0.38519567251205444,0.3606029152870178,False,False
5,16x4,experience_on,14,14,1,14,0,-0.3894919753074646,0.12727218866348267,False,False
5,16x4,experience_on,15,15,1,15,0,-0.3857601284980774,0.40160107612609863,False,False
5,16x4,experience_on,16,16,1,16,0,-0.3895658254623413,0.12598487734794617,False,False
5,16x4,experience_on,17,17,2,1,16,-0.3815042972564697,0.3387109637260437,False,False
5,16x4,experience_on,18,18,2,2,16,-0.3854791522026062,0.27820485830307007,False,False
5,16x4,experience_on,19,19,2,3,16,-0.3818305730819702,0.2259058952331543,False,False
5,16x4,experience_on,20,20,2,4,16,-0.3788720369338989,0.15313269197940826,False,False
5,16x4,experience_on,21,21,2,5,16,-0.37543705105781555,0.1436973512172699,False,False
5,16x4,experience_on,22,22,2,6,16,-0.3876771330833435,0.6759637594223022,False,False
5,16x4,experience_on,23,23,2,7,16,-0.38703882694244385,0.22147732973098755,False,False
5,16x4,experience_on,24,24,2,8,16,-0.3825557827949524,0.13332894444465637,False,False
5,16x4,experience_on,25,25,2,9,16,-0.37315213680267334,0.3336831033229828,False,False
5,16x4,experience_on,26,26,2,10,16,-0.38997891545295715,0.09116407483816147,False,False
5,16x4,experience_on,27,27,2,11,16,-0.385018527507782,0.2481544464826584,False,False
5,16x4,experience_on,28,28,2,12,16,-0.3795812726020813,0.09090183675289154,False,False
5,16x4,experience_on,29,29,2,13,16,-0.37036868929862976,0.11661025136709213,False,False
5,16x4,experience_on,30,30,2,14,16,-0.3881976008415222,0.28801429271698,False,False
5,16x4,experience_on,31,31,2,15,16,-0.3867713212966919,1.1344400644302368,False,False
5,16x4,experience_on,32,32,2,16,16,-0.39116957783699036,0.2116888165473938,False,False
5,16x4,experience_on,33,33,3,1,32,-0.39289116859436035,0.1812814474105835,False,False
5,16x4,experience_on,34,34,3,2,32,-0.38011080026626587,0.22755329310894012,False,False
5,16x4,experience_on,35,35,3,3,32,-0.3889864981174469,0.20110875368118286,False,False
5,16x4,experience_on,36,36,3,4,32,-0.3780200779438019,0.3104135990142822,False,False
5,16x4,experience_on,37,37,3,5,32,-0.3816624879837036,0.16195207834243774,False,False
5,16x4,experience_on,38,38,3,6,32,-0.3729438781738281,0.22974133491516113,False,False
5,16x4,experience_on,39,39,3,7,32,-0.37753674387931824,0.14531581103801727,False,False
5,16x4,experience_on,40,40,3,8,32,-0.38206028938293457,0.22291719913482666,False,False
5,16x4,experience_on,41,41,3,9,32,-0.37167805433273315,0.2932840585708618,False,False
5,16x4,experience_on,42,42,3,10,32,-0.37574490904808044,0.29716962575912476,False,False
5,16x4,experience_on,43,43,3,11,32,-0.3911808729171753,0.12367236614227295,False,False
5,16x4,experience_on,44,44,3,12,32,-0.37199804186820984,0.2635841965675354,False,False
5,16x4,experience_on,45,45,3,13,32,-0.38440313935279846,0.9093033075332642,False,False
5,16x4,experience_on,46,46,3,14,32,-0.38137805461883545,0.26833680272102356,False,False
5,16x4,experience_on,47,47,3,15,32,-0.38593345880508423,0.28173118829727173,False,False
5,16x4,experience_on,48,48,3,16,32,-0.37884363532066345,0.21058833599090576,False,False
5,16x4,experience_on,49,49,4,1,48,-0.3804858326911926,1.7107652425765991,False,False
5,16x4,experience_on,50,50,4,2,48,-0.3900884985923767,0.15641167759895325,False,False
5,16x4,experience_on,51,51,4,3,48,-0.3866002559661865,0.15012410283088684,False,False
5,16x4,experience_on,52,52,4,4,48,-0.3691556751728058,1.263271450996399,False,False
5,16x4,experience_on,53,53,4,5,48,-0.3768691122531891,0.5753147006034851,False,False
5,16x4,experience_on,54,54,4,6,48,-0.3909567892551422,0.2407824844121933,False,False
5,16x4,experience_on,55,55,4,7,48,-0.3936278223991394,0.17243731021881104,False,False
5,16x4,experience_on,56,56,4,8,48,-0.3778894543647766,0.3035963773727417,False,False
5,16x4,experience_on,57,57,4,9,48,-0.3849034309387207,0.23110580444335938,False,False
5,16x4,experience_on,58,58,4,10,48,-0.3737133741378784,0.09450672566890717,False,False
5,16x4,experience_on,59,59,4,11,48,-0.39129918813705444,0.11081114411354065,False,False
5,16x4,experience_on,60,60,4,12,48,-0.3930245637893677,0.08267681300640106,False,False
5,16x4,experience_on,61,61,4,13,48,-0.3956444561481476,0.4088537395000458,False,False
5,16x4,experience_on,62,62,4,14,48,-0.38906943798065186,0.2575061023235321,False,False
5,16x4,experience_on,63,63,4,15,48,-0.3875548839569092,0.08165239542722702,False,False
5,16x4,experience_on,64,64,4,16,48,-0.3871392607688904,0.049676984548568726,False,False
5,8x8,experience_on,1,1,1,1,0,-0.3784889578819275,0.1630411595106125,False,False
5,8x8,experience_on,2,2,1,2,0,-0.3841114044189453,0.3012963533401489,False,False
5,8x8,experience_on,3,3,1,3,0,-0.38392993807792664,0.41319888830184937,False,False
5,8x8,experience_on,4,4,1,4,0,-0.3730317950248718,0.23855197429656982,False,False
5,8x8,experience_on,5,5,1,5,0,-0.39026960730552673,0.16027197241783142,False,False
5,8x8,experience_on,6,6,1,6,0,-0.39180561900138855,0.1649261862039566,False,False
5,8x8,experience_on,7,7,1,7,0,-0.38720959424972534,0.3356247842311859,False,False
5,8x8,experience_on,8,8,1,8,0,-0.39126473665237427,0.03046869859099388,False,True
5,8x8,experience_on,9,9,2,1,8,-0.39729541540145874,0.08164367079734802,True,False
5,8x8,experience_on,10,10,2,2,8,-0.37334713339805603,0.3125399351119995,False,False
5,8x8,experience_on,11,11,2,3,8,-0.3724319636821747,0.40256282687187195,False,False
5,8x8,experience_on,12,12,2,4,8,-0.3882317543029785,0.455064058303833,False,False
5,8x8,experience_on,13,13,2,5,8,-0.38374054431915283,0.3448118567466736,False,False
5,8x8,experience_on,14,14,2,6,8,-0.3883186876773834,0.138050377368927,False,False
5,8x8,experience_on,15,15,2,7,8,-0.3853064179420471,0.42279085516929626,False,False
5,8x8,experience_on,16,16,2,8,8,-0.3890853822231293,0.12786591053009033,False,False
5,8x8,experience_on,17,17,3,1,16,-0.3815011978149414,0.3388824462890625,False,False
5,8x8,experience_on,18,18,3,2,16,-0.38548749685287476,0.2782523036003113,False,False
5,8x8,experience_on,19,19,3,3,16,-0.3818543553352356,0.22592473030090332,False,False
5,8x8,experience_on,20,20,3,4,16,-0.37888288497924805,0.15314817428588867,False,False
5,8x8,experience_on,21,21,3,5,16,-0.37545493245124817,0.1437133103609085,False,False
5,8x8,experience_on,22,22,3,6,16,-0.38769084215164185,0.6763854026794434,False,False
5,8x8,experience_on,23,23,3,7,16,-0.3870551586151123,0.22147786617279053,False,False
5,8x8,experience_on,24,24,3,8,16,-0.38257694244384766,0.13333886861801147,False,False
5,8x8,experience_on,25,25,4,1,24,-0.37316176295280457,0.333595871925354,False,False
5,8x8,experience_on,26,26,4,2,24,-0.3899867534637451,0.09107136726379395,False,False
5,8x8,experience_on,27,27,4,3,24,-0.3850274085998535,0.24810609221458435,False,False
5,8x8,experience_on,28,28,4,4,24,-0.3795928359031677,0.09084883332252502,False,False
5,8x8,experience_on,29,29,4,5,24,-0.37040477991104126,0.11661584675312042,False,False
5,8x8,experience_on,30,30,4,6,24,-0.3881900906562805,0.28784605860710144,False,False
5,8x8,experience_on,31,31,4,7,24,-0.38679131865501404,1.1275851726531982,False,False
5,8x8,experience_on,32,32,4,8,24,-0.3911810517311096,0.2112661600112915,False,False
5,8x8,experience_on,33,33,5,1,32,-0.39289677143096924,0.18129077553749084,False,False
5,8x8,experience_on,34,34,5,2,32,-0.38012421131134033,0.22755396366119385,False,False
5,8x8,experience_on,35,35,5,3,32,-0.38899391889572144,0.20113061368465424,False,False
5,8x8,experience_on,36,36,5,4,32,-0.3780255615711212,0.3104516267776489,False,False
5,8x8,experience_on,37,37,5,5,32,-0.3816806674003601,0.16195981204509735,False,False
5,8x8,experience_on,38,38,5,6,32,-0.3729498088359833,0.22976230084896088,False,False
5,8x8,experience_on,39,39,5,7,32,-0.3775399327278137,0.145325168967247,False,False
5,8x8,experience_on,40,40,5,8,32,-0.3820667862892151,0.2229173630475998,False,False
5,8x8,experience_on,41,41,6,1,40,-0.37170717120170593,0.2934325039386749,False,False
5,8x8,experience_on,42,42,6,2,40,-0.37576207518577576,0.29730474948883057,False,False
5,8x8,experience_on,43,43,6,3,40,-0.3911888003349304,0.12376304715871811,False,False
5,8x8,experience_on,44,44,6,4,40,-0.3720325231552124,0.26366108655929565,False,False
5,8x8,experience_on,45,45,6,5,40,-0.3844388723373413,0.9120790362358093,False,False
5,8x8,experience_on,46,46,6,6,40,-0.3814176023006439,0.2684839963912964,False,False
5,8x8,experience_on,47,47,6,7,40,-0.3859655261039734,0.2818082869052887,False,False
5,8x8,experience_on,48,48,6,8,40,-0.37888166308403015,0.21061138808727264,False,False
5,8x8,experience_on,49,49,7,1,48,-0.3804922103881836,1.7108430862426758,False,False
5,8x8,experience_on,50,50,7,2,48,-0.3900899887084961,0.1564173549413681,False,False
5,8x8,experience_on,51,51,7,3,48,-0.3866047263145447,0.15012693405151367,False,False
5,8x8,experience_on,52,52,7,4,48,-0.3691628873348236,1.2637842893600464,False,False
5,8x8,experience_on,53,53,7,5,48,-0.3768765926361084,0.5753549337387085,False,False
5,8x8,experience_on,54,54,7,6,48,-0.3909602761268616,0.24080495536327362,False,False
5,8x8,experience_on,55,55,7,7,48,-0.3936300277709961,0.17243796586990356,False,False
5,8x8,experience_on,56,56,7,8,48,-0.37789246439933777,0.30360937118530273,False,False
5,8x8,experience_on,57,57,8,1,56,-0.3849197030067444,0.2311834692955017,False,False
5,8x8,experience_on,58,58,8,2,56,-0.3737304210662842,0.09452953189611435,False,False
5,8x8,experience_on,59,59,8,3,56,-0.3913137912750244,0.11084526032209396,False,False
5,8x8,experience_on,60,60,8,4,56,-0.39303064346313477,0.08270605653524399,False,False
5,8x8,experience_on,61,61,8,5,56,-0.39565378427505493,0.40932783484458923,False,False
5,8x8,experience_on,62,62,8,6,56,-0.38907745480537415,0.2575641870498657,False,False
5,8x8,experience_on,63,63,8,7,56,-0.38756197690963745,0.08170844614505768,False,False
5,8x8,experience_on,64,64,8,8,56,-0.3871466815471649,0.04969540238380432,False,False
5,4x16,experience_on,1,1,1,1,0,-0.3784885108470917,0.16304120421409607,False,False
5,4x16,experience_on,2,2,1,2,0,-0.38411128520965576,0.3012966513633728,False,False
5,4x16,experience_on,3,3,1,3,0,-0.3839297890663147,0.4132004678249359,False,False
5,4x16,experience_on,4,4,1,4,0,-0.3730316758155823,0.23855172097682953,False,False
5,4x16,experience_on,5,5,2,1,4,-0.38944804668426514,0.17071005702018738,False,False
5,4x16,experience_on,6,6,2,2,4,-0.39130645990371704,0.16532160341739655,False,False
5,4x16,experience_on,7,7,2,3,4,-0.3874531388282776,0.3348260819911957,False,False
5,4x16,experience_on,8,8,2,4,4,-0.3906729221343994,0.026999175548553467,False,True
5,4x16,experience_on,9,9,3,1,8,-0.39730316400527954,0.08169087022542953,True,False
5,4x16,experience_on,10,10,3,2,8,-0.3733505606651306,0.3126007914543152,False,False
5,4x16,experience_on,11,11,3,3,8,-0.372451514005661,0.4026523530483246,False,False
5,4x16,experience_on,12,12,3,4,8,-0.38823938369750977,0.4553004503250122,False,False
5,4x16,experience_on,13,13,4,1,12,-0.38378793001174927,0.34544870257377625,False,False
5,4x16,experience_on,14,14,4,2,12,-0.38836145401000977,0.13810700178146362,False,False
5,4x16,experience_on,15,15,4,3,12,-0.38532835245132446,0.42342472076416016,False,False
5,4x16,experience_on,16,16,4,4,12,-0.38910529017448425,0.12795940041542053,False,False
5,4x16,experience_on,17,17,5,1,16,-0.38150161504745483,0.3389677405357361,False,False
5,4x16,experience_on,18,18,5,2,16,-0.3854907751083374,0.27828705310821533,False,False
5,4x16,experience_on,19,19,5,3,16,-0.38186192512512207,0.225927472114563,False,False
5,4x16,experience_on,20,20,5,4,16,-0.37888723611831665,0.15315549075603485,False,False
5,4x16,experience_on,21,21,6,1,20,-0.3754563331604004,0.143546000123024,False,False
5,4x16,experience_on,22,22,6,2,20,-0.38769301772117615,0.6747359037399292,False,False
5,4x16,experience_on,23,23,6,3,20,-0.3870597183704376,0.22141456604003906,False,False
5,4x16,experience_on,24,24,6,4,20,-0.38257908821105957,0.13325046002864838,False,False
5,4x16,experience_on,25,25,7,1,24,-0.3731650412082672,0.33361566066741943,False,False
5,4x16,experience_on,26,26,7,2,24,-0.38999009132385254,0.09107647836208344,False,False
5,4x16,experience_on,27,27,7,3,24,-0.3850302994251251,0.24811244010925293,False,False
5,4x16,experience_on,28,28,7,4,24,-0.37959450483322144,0.09085515141487122,False,False
5,4x16,experience_on,29,29,8,1,28,-0.3704128861427307,0.11661636829376221,False,False
5,4x16,experience_on,30,30,8,2,28,-0.38819292187690735,0.28779107332229614,False,False
5,4x16,experience_on,31,31,8,3,28,-0.3867916762828827,1.124210238456726,False,False
5,4x16,experience_on,32,32,8,4,28,-0.39116618037223816,0.21102581918239594,False,False
5,4x16,experience_on,33,33,9,1,32,-0.3928990364074707,0.18130281567573547,False,False
5,4x16,experience_on,34,34,9,2,32,-0.3801281154155731,0.22756028175354004,False,False
5,4x16,experience_on,35,35,9,3,32,-0.388996958732605,0.20114478468894958,False,False
5,4x16,experience_on,36,36,9,4,32,-0.3780277967453003,0.3104691207408905,False,False
5,4x16,experience_on,37,37,10,1,36,-0.38168656826019287,0.16200916469097137,False,False
5,4x16,experience_on,38,38,10,2,36,-0.37295377254486084,0.22983130812644958,False,False
5,4x16,experience_on,39,39,10,3,36,-0.37754473090171814,0.14537584781646729,False,False
5,4x16,experience_on,40,40,10,4,36,-0.3820737600326538,0.2229802906513214,False,False
5,4x16,experience_on,41,41,11,1,40,-0.3717091679573059,0.2934413254261017,False,False
5,4x16,experience_on,42,42,11,2,40,-0.37576326727867126,0.2973070740699768,False,False
5,4x16,experience_on,43,43,11,3,40,-0.3911892771720886,0.12376761436462402,False,False
5,4x16,experience_on,44,44,11,4,40,-0.3720342516899109,0.26366740465164185,False,False
5,4x16,experience_on,45,45,12,1,44,-0.3844504654407501,0.9104428291320801,False,False
5,4x16,experience_on,46,46,12,2,44,-0.38142484426498413,0.26835867762565613,False,False
5,4x16,experience_on,47,47,12,3,44,-0.3859637379646301,0.28180941939353943,False,False
5,4x16,experience_on,48,48,12,4,44,-0.37888577580451965,0.21056950092315674,False,False
5,4x16,experience_on,49,49,13,1,48,-0.3804938495159149,1.7108924388885498,False,False
5,4x16,experience_on,50,50,13,2,48,-0.3900909423828125,0.15641838312149048,False,False
5,4x16,experience_on,51,51,13,3,48,-0.3866060674190521,0.1501314640045166,False,False
5,4x16,experience_on,52,52,13,4,48,-0.3691655397415161,1.2640647888183594,False,False
5,4x16,experience_on,53,53,14,1,52,-0.37689363956451416,0.5755364298820496,False,False
5,4x16,experience_on,54,54,14,2,52,-0.39096879959106445,0.24088823795318604,False,False
5,4x16,experience_on,55,55,14,3,52,-0.39363735914230347,0.17245522141456604,False,False
5,4x16,experience_on,56,56,14,4,52,-0.3779003620147705,0.3036958575248718,False,False
5,4x16,experience_on,57,57,15,1,56,-0.3849213123321533,0.23119084537029266,False,False
5,4x16,experience_on,58,58,15,2,56,-0.37373214960098267,0.09453296661376953,False,False
5,4x16,experience_on,59,59,15,3,56,-0.3913155198097229,0.1108480915427208,False,False
5,4x16,experience_on,60,60,15,4,56,-0.3930312395095825,0.08271146565675735,False,False
5,4x16,experience_on,61,61,16,1,60,-0.39565470814704895,0.409554660320282,False,False
5,4x16,experience_on,62,62,16,2,60,-0.38907766342163086,0.2575811743736267,False,False
5,4x16,experience_on,63,63,16,3,60,-0.3875613212585449,0.08172471076250076,False,False
5,4x16,experience_on,64,64,16,4,60,-0.3871467113494873,0.049703776836395264,False,False
6,64x1,experience_off,1,1,1,1,0,-0.31281498074531555,0.2885652780532837,False,False
6,64x1,experience_off,2,2,1,2,0,-0.3098185658454895,0.16457125544548035,False,False
6,64x1,experience_off,3,3,1,3,0,-0.30445194244384766,0.18881933391094208,False,False
6,64x1,experience_off,4,4,1,4,0,-0.30181044340133667,0.08531723916530609,False,False
6,64x1,experience_off,5,5,1,5,0,-0.2991048991680145,0.06537210196256638,False,False
6,64x1,experience_off,6,6,1,6,0,-0.3103731870651245,0.012758704833686352,False,False
6,64x1,experience_off,7,7,1,7,0,-0.3022961914539337,0.12412844598293304,False,False
6,64x1,experience_off,8,8,1,8,0,-0.31408920884132385,0.11538323014974594,False,False
6,64x1,experience_off,9,9,1,9,0,-0.3051031231880188,0.0766797736287117,False,False
6,64x1,experience_off,10,10,1,10,0,-0.30109092593193054,0.16245487332344055,False,False
6,64x1,experience_off,11,11,1,11,0,-0.31466400623321533,0.04804348945617676,False,False
6,64x1,experience_off,12,12,1,12,0,-0.31423109769821167,0.2435908317565918,False,False
6,64x1,experience_off,13,13,1,13,0,-0.3065283000469208,0.14732840657234192,False,False
6,64x1,experience_off,14,14,1,14,0,-0.3132500648498535,0.3045384883880615,False,False
6,64x1,experience_off,15,15,1,15,0,-0.3169167637825012,0.45630061626434326,False,False
6,64x1,experience_off,16,16,1,16,0,-0.3153527081012726,0.14036408066749573,False,False
6,64x1,experience_off,17,17,1,17,0,-0.3102532625198364,0.1520915925502777,False,False
6,64x1,experience_off,18,18,1,18,0,-0.30825334787368774,0.06025378033518791,False,False
6,64x1,experience_off,19,19,1,19,0,-0.32279354333877563,0.20409655570983887,False,False
6,64x1,experience_off,20,20,1,20,0,-0.31938794255256653,0.2567150592803955,False,False
6,64x1,experience_off,21,21,1,21,0,-0.30025219917297363,0.42572951316833496,False,False
6,64x1,experience_off,22,22,1,22,0,-0.3167070746421814,0.6727197170257568,False,False
6,64x1,experience_off,23,23,1,23,0,-0.3105017840862274,0.333798348903656,False,False
6,64x1,experience_off,24,24,1,24,0,-0.322963684797287,0.6611244082450867,False,False
6,64x1,experience_off,25,25,1,25,0,-0.30858397483825684,0.38184913992881775,False,False
6,64x1,experience_off,26,26,1,26,0,-0.29478901624679565,0.11295446008443832,False,False
6,64x1,experience_off,27,27,1,27,0,-0.30381059646606445,0.16781482100486755,False,False
6,64x1,experience_off,28,28,1,28,0,-0.3199119567871094,0.419353723526001,False,False
6,64x1,experience_off,29,29,1,29,0,-0.3148401379585266,0.556182324886322,False,False
6,64x1,experience_off,30,30,1,30,0,-0.31191328167915344,0.31025034189224243,False,False
6,64x1,experience_off,31,31,1,31,0,-0.3151013255119324,0.04503723233938217,False,False
6,64x1,experience_off,32,32,1,32,0,-0.3048531413078308,0.2150355577468872,False,False
6,64x1,experience_off,33,33,1,33,0,-0.3034631609916687,0.27834415435791016,False,False
6,64x1,experience_off,34,34,1,34,0,-0.3160897195339203,0.24932143092155457,False,False
6,64x1,experience_off,35,35,1,35,0,-0.3073675036430359,0.24088585376739502,False,False
6,64x1,experience_off,36,36,1,36,0,-0.30891719460487366,0.09307106584310532,False,False
6,64x1,experience_off,37,37,1,37,0,-0.29831403493881226,0.09361423552036285,False,False
6,64x1,experience_off,38,38,1,38,0,-0.2986392676830292,0.02049013413488865,False,False
6,64x1,experience_off,39,39,1,39,0,-0.3180961012840271,0.1981641948223114,False,False
6,64x1,experience_off,40,40,1,40,0,-0.3059301972389221,0.21485154330730438,False,False
6,64x1,experience_off,41,41,1,41,0,-0.3000917434692383,0.5624216794967651,False,False
6,64x1,experience_off,42,42,1,42,0,-0.3194817900657654,0.10554462671279907,False,False
6,64x1,experience_off,43,43,1,43,0,-0.3045368194580078,0.29317301511764526,False,False
6,64x1,experience_off,44,44,1,44,0,-0.3128303289413452,0.41936248540878296,False,False
6,64x1,experience_off,45,45,1,45,0,-0.3078225255012512,0.43707916140556335,False,False
6,64x1,experience_off,46,46,1,46,0,-0.30867084860801697,0.3280891478061676,False,False
6,64x1,experience_off,47,47,1,47,0,-0.3021518588066101,0.2791004180908203,False,False
6,64x1,experience_off,48,48,1,48,0,-0.2962746024131775,0.23371492326259613,False,False
6,64x1,experience_off,49,49,1,49,0,-0.3168424367904663,0.4373176693916321,False,False
6,64x1,experience_off,50,50,1,50,0,-0.32494300603866577,0.5061616897583008,True,False
6,64x1,experience_off,51,51,1,51,0,-0.317160040140152,0.21927796304225922,False,False
6,64x1,experience_off,52,52,1,52,0,-0.2992570996284485,0.2854239344596863,False,False
6,64x1,experience_off,53,53,1,53,0,-0.31958523392677307,0.23152367770671844,False,False
6,64x1,experience_off,54,54,1,54,0,-0.3001275658607483,0.48292073607444763,False,False
6,64x1,experience_off,55,55,1,55,0,-0.30853575468063354,0.4008871912956238,False,False
6,64x1,experience_off,56,56,1,56,0,-0.3117539882659912,0.3476638197898865,False,False
6,64x1,experience_off,57,57,1,57,0,-0.30076777935028076,0.14185523986816406,False,False
6,64x1,experience_off,58,58,1,58,0,-0.31588929891586304,0.3364299237728119,False,False
6,64x1,experience_off,59,59,1,59,0,-0.31854909658432007,0.41017502546310425,False,False
6,64x1,experience_off,60,60,1,60,0,-0.3213399052619934,0.39732855558395386,False,False
6,64x1,experience_off,61,61,1,61,0,-0.3209691643714905,0.16494303941726685,False,False
6,64x1,experience_off,62,62,1,62,0,-0.3131365180015564,0.06396332383155823,False,False
6,64x1,experience_off,63,63,1,63,0,-0.3158831298351288,0.0062083713710308075,False,True
6,64x1,experience_off,64,64,1,64,0,-0.3130171597003937,0.12874160706996918,False,False
6,32x2,experience_on,1,1,1,1,0,-0.3128144145011902,0.2885650396347046,False,False
6,32x2,experience_on,2,2,1,2,0,-0.3098185956478119,0.16457200050354004,False,False
6,32x2,experience_on,3,3,1,3,0,-0.3044514060020447,0.1888200044631958,False,False
6,32x2,experience_on,4,4,1,4,0,-0.3018108904361725,0.08531787991523743,False,False
6,32x2,experience_on,5,5,1,5,0,-0.29910415410995483,0.06537184119224548,False,False
6,32x2,experience_on,6,6,1,6,0,-0.31037309765815735,0.012758585624396801,False,False
6,32x2,experience_on,7,7,1,7,0,-0.30229663848876953,0.12412851303815842,False,False
6,32x2,experience_on,8,8,1,8,0,-0.31408923864364624,0.1153845340013504,False,False
6,32x2,experience_on,9,9,1,9,0,-0.30510303378105164,0.07667975127696991,False,False
6,32x2,experience_on,10,10,1,10,0,-0.30109089612960815,0.16245482861995697,False,False
6,32x2,experience_on,11,11,1,11,0,-0.31466352939605713,0.04804331064224243,False,False
6,32x2,experience_on,12,12,1,12,0,-0.31423109769821167,0.24359211325645447,False,False
6,32x2,experience_on,13,13,1,13,0,-0.3065279722213745,0.1473272293806076,False,False
6,32x2,experience_on,14,14,1,14,0,-0.3132501542568207,0.30453965067863464,False,False
6,32x2,experience_on,15,15,1,15,0,-0.31691667437553406,0.45630133152008057,False,False
6,32x2,experience_on,16,16,1,16,0,-0.31535249948501587,0.140364408493042,False,False
6,32x2,experience_on,17,17,1,17,0,-0.3102535009384155,0.1520894467830658,False,False
6,32x2,experience_on,18,18,1,18,0,-0.30825313925743103,0.06025400757789612,False,False
6,32x2,experience_on,19,19,1,19,0,-0.32279324531555176,0.20409683883190155,False,False
6,32x2,experience_on,20,20,1,20,0,-0.31938791275024414,0.2567142844200134,False,False
6,32x2,experience_on,21,21,1,21,0,-0.30025196075439453,0.4257296323776245,False,False
6,32x2,experience_on,22,22,1,22,0,-0.31670713424682617,0.6727191805839539,False,False
6,32x2,experience_on,23,23,1,23,0,-0.3105017840862274,0.3337964415550232,False,False
6,32x2,experience_on,24,24,1,24,0,-0.3229638338088989,0.6611264944076538,False,False
6,32x2,experience_on,25,25,1,25,0,-0.308584064245224,0.38185185194015503,False,False
6,32x2,experience_on,26,26,1,26,0,-0.29478928446769714,0.11295323818922043,False,False
6,32x2,experience_on,27,27,1,27,0,-0.3038100600242615,0.16781577467918396,False,False
6,32x2,experience_on,28,28,1,28,0,-0.3199118375778198,0.4193556308746338,False,False
6,32x2,experience_on,29,29,1,29,0,-0.314840167760849,0.5561835169792175,False,False
6,32x2,experience_on,30,30,1,30,0,-0.3119135797023773,0.31024929881095886,False,False
6,32x2,experience_on,31,31,1,31,0,-0.31510129570961,0.04503672569990158,False,False
6,32x2,experience_on,32,32,1,32,0,-0.3048533797264099,0.21503672003746033,False,False
6,32x2,experience_on,33,33,2,1,32,-0.30397629737854004,0.24608545005321503,False,False
6,32x2,experience_on,34,34,2,2,32,-0.3159117102622986,0.21253278851509094,False,False
6,32x2,experience_on,35,35,2,3,32,-0.3079201579093933,0.214336559176445,False,False
6,32x2,experience_on,36,36,2,4,32,-0.30919867753982544,0.07198797166347504,False,False
6,32x2,experience_on,37,37,2,5,32,-0.2984928488731384,0.07239353656768799,False,False
6,32x2,experience_on,38,38,2,6,32,-0.29871824383735657,0.01851242408156395,False,False
6,32x2,experience_on,39,39,2,7,32,-0.3179325461387634,0.16815277934074402,False,False
6,32x2,experience_on,40,40,2,8,32,-0.305256187915802,0.1821313202381134,False,False
6,32x2,experience_on,41,41,2,9,32,-0.30003100633621216,0.5184466242790222,False,False
6,32x2,experience_on,42,42,2,10,32,-0.31893157958984375,0.0839814767241478,False,False
6,32x2,experience_on,43,43,2,11,32,-0.30500417947769165,0.25814253091812134,False,False
6,32x2,experience_on,44,44,2,12,32,-0.3129725456237793,0.3719659745693207,False,False
6,32x2,experience_on,45,45,2,13,32,-0.30795222520828247,0.40781569480895996,False,False
6,32x2,experience_on,46,46,2,14,32,-0.30845510959625244,0.29402077198028564,False,False
6,32x2,experience_on,47,47,2,15,32,-0.3023414611816406,0.24154126644134521,False,False
6,32x2,experience_on,48,48,2,16,32,-0.2962653636932373,0.20691582560539246,False,False
6,32x2,experience_on,49,49,2,17,32,-0.3163343369960785,0.40445131063461304,False,False
6,32x2,experience_on,50,50,2,18,32,-0.3247267007827759,0.4682759642601013,True,False
6,32x2,experience_on,51,51,2,19,32,-0.31717848777770996,0.19304411113262177,False,False
6,32x2,experience_on,52,52,2,20,32,-0.29927295446395874,0.25227099657058716,False,False
6,32x2,experience_on,53,53,2,21,32,-0.31923186779022217,0.19972237944602966,False,False
6,32x2,experience_on,54,54,2,22,32,-0.3007979393005371,0.44192028045654297,False,False
6,32x2,experience_on,55,55,2,23,32,-0.3078126311302185,0.3678426146507263,False,False
6,32x2,experience_on,56,56,2,24,32,-0.31220051646232605,0.3213821053504944,False,False
6,32x2,experience_on,57,57,2,25,32,-0.3008226156234741,0.11473642289638519,False,False
6,32x2,experience_on,58,58,2,26,32,-0.3160310685634613,0.29565638303756714,False,False
6,32x2,experience_on,59,59,2,27,32,-0.31825530529022217,0.3717734217643738,False,False
6,32x2,experience_on,60,60,2,28,32,-0.3211131691932678,0.36248719692230225,False,False
6,32x2,experience_on,61,61,2,29,32,-0.3217780888080597,0.13535624742507935,False,False
6,32x2,experience_on,62,62,2,30,32,-0.313373327255249,0.04468598961830139,False,False
6,32x2,experience_on,63,63,2,31,32,-0.31616780161857605,0.004715656861662865,False,True
6,32x2,experience_on,64,64,2,32,32,-0.31287723779678345,0.10491182655096054,False,False
6,16x4,experience_on,1,1,1,1,0,-0.3128145933151245,0.28856584429740906,False,False
6,16x4,experience_on,2,2,1,2,0,-0.3098185360431671,0.16457200050354004,False,False
6,16x4,experience_on,3,3,1,3,0,-0.3044518232345581,0.18882164359092712,False,False
6,16x4,experience_on,4,4,1,4,0,-0.3018101453781128,0.08531707525253296,False,False
6,16x4,experience_on,5,5,1,5,0,-0.2991043031215668,0.06537280976772308,False,False
6,16x4,experience_on,6,6,1,6,0,-0.3103727698326111,0.012758585624396801,False,False
6,16x4,experience_on,7,7,1,7,0,-0.3022961914539337,0.12413007020950317,False,False
6,16x4,experience_on,8,8,1,8,0,-0.31408917903900146,0.11538436263799667,False,False
6,16x4,experience_on,9,9,1,9,0,-0.30510246753692627,0.07667919993400574,False,False
6,16x4,experience_on,10,10,1,10,0,-0.30109071731567383,0.1624523401260376,False,False
6,16x4,experience_on,11,11,1,11,0,-0.3146637976169586,0.048042431473731995,False,False
6,16x4,experience_on,12,12,1,12,0,-0.31423071026802063,0.24359183013439178,False,False
6,16x4,experience_on,13,13,1,13,0,-0.3065277934074402,0.14732728898525238,False,False
6,16x4,experience_on,14,14,1,14,0,-0.31325000524520874,0.3045397400856018,False,False
6,16x4,experience_on,15,15,1,15,0,-0.3169163465499878,0.456298291683197,False,False
6,16x4,experience_on,16,16,1,16,0,-0.3153529167175293,0.14036326110363007,False,False
6,16x4,experience_on,17,17,2,1,16,-0.31000596284866333,0.12647324800491333,False,False
6,16x4,experience_on,18,18,2,2,16,-0.30799418687820435,0.043151676654815674,False,False
6,16x4,experience_on,19,19,2,3,16,-0.3220311999320984,0.17240801453590393,False,False
6,16x4,experience_on,20,20,2,4,16,-0.3194078207015991,0.22199949622154236,False,False
6,16x4,experience_on,21,21,2,5,16,-0.3000682294368744,0.3942943513393402,False,False
6,16x4,experience_on,22,22,2,6,16,-0.31718605756759644,0.6302518844604492,False,False
6,16x4,experience_on,23,23,2,7,16,-0.31187647581100464,0.29488617181777954,False,False
6,16x4,experience_on,24,24,2,8,16,-0.3229689598083496,0.6180409789085388,False,False
6,16x4,experience_on,25,25,2,9,16,-0.308565616607666,0.3434944152832031,False,False
6,16x4,experience_on,26,26,2,10,16,-0.2930485010147095,0.09148144721984863,False,False
6,16x4,experience_on,27,27,2,11,16,-0.3043047785758972,0.13812705874443054,False,False
6,16x4,experience_on,28,28,2,12,16,-0.31954246759414673,0.37842559814453125,False,False
6,16x4,experience_on,29,29,2,13,16,-0.3150034546852112,0.5153961181640625,False,False
6,16x4,experience_on,30,30,2,14,16,-0.31208881735801697,0.28202709555625916,False,False
6,16x4,experience_on,31,31,2,15,16,-0.31517311930656433,0.028580401092767715,False,False
6,16x4,experience_on,32,32,2,16,16,-0.30505678057670593,0.1894753873348236,False,False
6,16x4,experience_on,33,33,3,1,32,-0.3039751946926117,0.2461109161376953,False,False
6,16x4,experience_on,34,34,3,2,32,-0.31591254472732544,0.21255233883857727,False,False
6,16x4,experience_on,35,35,3,3,32,-0.30792009830474854,0.2143479585647583,False,False
6,16x4,experience_on,36,36,3,4,32,-0.3091995120048523,0.071996308863163,False,False
6,16x4,experience_on,37,37,3,5,32,-0.2984929084777832,0.07240089774131775,False,False
6,16x4,experience_on,38,38,3,6,32,-0.2987169921398163,0.018512805923819542,False,False
6,16x4,experience_on,39,39,3,7,32,-0.3179326355457306,0.16816875338554382,False,False
6,16x4,experience_on,40,40,3,8,32,-0.30525630712509155,0.18214955925941467,False,False
6,16x4,experience_on,41,41,3,9,32,-0.30003035068511963,0.518467128276825,False,False
6,16x4,experience_on,42,42,3,10,32,-0.31893390417099,0.08399444073438644,False,False
6,16x4,experience_on,43,43,3,11,32,-0.3050053119659424,0.2581562399864197,False,False
6,16x4,experience_on,44,44,3,12,32,-0.31297317147254944,0.3719848096370697,False,False
6,16x4,experience_on,45,45,3,13,32,-0.30795273184776306,0.40783756971359253,False,False
6,16x4,experience_on,46,46,3,14,32,-0.30845439434051514,0.2940380573272705,False,False
6,16x4,experience_on,47,47,3,15,32,-0.3023393154144287,0.24156427383422852,False,False
6,16x4,experience_on,48,48,3,16,32,-0.29626500606536865,0.20693103969097137,False,False
6,16x4,experience_on,49,49,4,1,48,-0.31632983684539795,0.4043758809566498,False,False
6,16x4,experience_on,50,50,4,2,48,-0.3247358798980713,0.4682716727256775,True,False
6,16x4,experience_on,51,51,4,3,48,-0.31717339158058167,0.19307467341423035,False,False
6,16x4,experience_on,52,52,4,4,48,-0.29928645491600037,0.2521861791610718,False,False
6,16x4,experience_on,53,53,4,5,48,-0.31925350427627563,0.1997290849685669,False,False
6,16x4,experience_on,54,54,4,6,48,-0.3008086085319519,0.4418950080871582,False,False
6,16x4,experience_on,55,55,4,7,48,-0.30782467126846313,0.3677501380443573,False,False
6,16x4,experience_on,56,56,4,8,48,-0.3121919333934784,0.32126671075820923,False,False
6,16x4,experience_on,57,57,4,9,48,-0.3008536696434021,0.11471941322088242,False,False
6,16x4,experience_on,58,58,4,10,48,-0.31603509187698364,0.29569125175476074,False,False
6,16x4,experience_on,59,59,4,11,48,-0.3182598650455475,0.37173670530319214,False,False
6,16x4,experience_on,60,60,4,12,48,-0.32111015915870667,0.36246323585510254,False,False
6,16x4,experience_on,61,61,4,13,48,-0.32179662585258484,0.1353292167186737,False,False
6,16x4,experience_on,62,62,4,14,48,-0.31336405873298645,0.04471861571073532,False,False
6,16x4,experience_on,63,63,4,15,48,-0.3161665201187134,0.0047149863094091415,False,True
6,16x4,experience_on,64,64,4,16,48,-0.31287580728530884,0.10486616939306259,False,False
6,8x8,experience_on,1,1,1,1,0,-0.3128144443035126,0.28856703639030457,False,False
6,8x8,experience_on,2,2,1,2,0,-0.3098188042640686,0.16457313299179077,False,False
6,8x8,experience_on,3,3,1,3,0,-0.30445170402526855,0.18881946802139282,False,False
6,8x8,experience_on,4,4,1,4,0,-0.30180996656417847,0.08531783521175385,False,False
6,8x8,experience_on,5,5,1,5,0,-0.29910480976104736,0.06537303328514099,False,False
6,8x8,experience_on,6,6,1,6,0,-0.3103731870651245,0.012758933007717133,False,False
6,8x8,experience_on,7,7,1,7,0,-0.30229640007019043,0.12412872910499573,False,False
6,8x8,experience_on,8,8,1,8,0,-0.3140888810157776,0.11538378894329071,False,False
6,8x8,experience_on,9,9,2,1,8,-0.3048214316368103,0.05580970644950867,False,False
6,8x8,experience_on,10,10,2,2,8,-0.3019960820674896,0.13714462518692017,False,False
6,8x8,experience_on,11,11,2,3,8,-0.3149656653404236,0.03646516427397728,False,False
6,8x8,experience_on,12,12,2,4,8,-0.3132775127887726,0.21064361929893494,False,False
6,8x8,experience_on,13,13,2,5,8,-0.306742787361145,0.12090139836072922,False,False
6,8x8,experience_on,14,14,2,6,8,-0.3127783536911011,0.2657870054244995,False,False
6,8x8,experience_on,15,15,2,7,8,-0.3170692026615143,0.4203066825866699,False,False
6,8x8,experience_on,16,16,2,8,8,-0.3146825432777405,0.1202501505613327,False,False
6,8x8,experience_on,17,17,3,1,16,-0.3100058138370514,0.12646351754665375,False,False
6,8x8,experience_on,18,18,3,2,16,-0.30799439549446106,0.043144773691892624,False,False
6,8x8,experience_on,19,19,3,3,16,-0.32203209400177,0.1723979413509369,False,False
6,8x8,experience_on,20,20,3,4,16,-0.31940731406211853,0.22198903560638428,False,False
6,8x8,experience_on,21,21,3,5,16,-0.3000679910182953,0.3942888677120209,False,False
6,8x8,experience_on,22,22,3,6,16,-0.31718581914901733,0.6302456855773926,False,False
6,8x8,experience_on,23,23,3,7,16,-0.31187573075294495,0.2948720455169678,False,False
6,8x8,experience_on,24,24,3,8,16,-0.3229686915874481,0.618030309677124,False,False
6,8x8,experience_on,25,25,4,1,24,-0.30854707956314087,0.34341299533843994,False,False
6,8x8,experience_on,26,26,4,2,24,-0.29301717877388,0.09150759875774384,False,False
6,8x8,experience_on,27,27,4,3,24,-0.3042905032634735,0.13815276324748993,False,False
6,8x8,experience_on,28,28,4,4,24,-0.3195352554321289,0.37829551100730896,False,False
6,8x8,experience_on,29,29,4,5,24,-0.3149852752685547,0.5153411626815796,False,False
6,8x8,experience_on,30,30,4,6,24,-0.3120749592781067,0.28207093477249146,False,False
6,8x8,experience_on,31,31,4,7,24,-0.31517621874809265,0.028562968596816063,False,False
6,8x8,experience_on,32,32,4,8,24,-0.30503541231155396,0.18947073817253113,False,False
6,8x8,experience_on,33,33,5,1,32,-0.30397462844848633,0.24610666930675507,False,False
6,8x8,experience_on,34,34,5,2,32,-0.3159126043319702,0.21254877746105194,False,False
6,8x8,experience_on,35,35,5,3,32,-0.30791956186294556,0.21434441208839417,False,False
6,8x8,experience_on,36,36,5,4,32,-0.3091994524002075,0.07199245691299438,False,False
6,8x8,experience_on,37,37,5,5,32,-0.29849177598953247,0.07239855825901031,False,False
6,8x8,experience_on,38,38,5,6,32,-0.2987160086631775,0.018512742593884468,False,False
6,8x8,experience_on,39,39,5,7,32,-0.3179325461387634,0.16816449165344238,False,False
6,8x8,experience_on,40,40,5,8,32,-0.3052554130554199,0.18214577436447144,False,False
6,8x8,experience_on,41,41,6,1,40,-0.3000304698944092,0.5184311866760254,False,False
6,8x8,experience_on,42,42,6,2,40,-0.3189452886581421,0.08398133516311646,False,False
6,8x8,experience_on,43,43,6,3,40,-0.3050161302089691,0.2580937445163727,False,False
6,8x8,experience_on,44,44,6,4,40,-0.31297722458839417,0.37197619676589966,False,False
6,8x8,experience_on,45,45,6,5,40,-0.30796071887016296,0.40772947669029236,False,False
6,8x8,experience_on,46,46,6,6,40,-0.3084534704685211,0.29397961497306824,False,False
6,8x8,experience_on,47,47,6,7,40,-0.3023337423801422,0.24153392016887665,False,False
6,8x8,experience_on,48,48,6,8,40,-0.29626190662384033,0.206873819231987,False,False
6,8x8,experience_on,49,49,7,1,48,-0.31632983684539795,0.4043744206428528,False,False
6,8x8,experience_on,50,50,7,2,48,-0.3247360587120056,0.4682665467262268,True,False
6,8x8,experience_on,51,51,7,3,48,-0.317172646522522,0.19307300448417664,False,False
6,8x8,experience_on,52,52,7,4,48,-0.2992854416370392,0.2521809935569763,False,False
6,8x8,experience_on,53,53,7,5,48,-0.3192537724971771,0.19972509145736694,False,False
6,8x8,experience_on,54,54,7,6,48,-0.3008077144622803,0.44189247488975525,False,False
6,8x8,experience_on,55,55,7,7,48,-0.30782410502433777,0.3677518963813782,False,False
6,8x8,experience_on,56,56,7,8,48,-0.31219103932380676,0.3212667405605316,False,False
6,8x8,experience_on,57,57,8,1,56,-0.30084139108657837,0.11469319462776184,False,False
6,8x8,experience_on,58,58,8,2,56,-0.31603342294692993,0.2956424653530121,False,False
6,8x8,experience_on,59,59,8,3,56,-0.3182598650455475,0.3716756999492645,False,False
6,8x8,experience_on,60,60,8,4,56,-0.3211124539375305,0.36241525411605835,False,False
6,8x8,experience_on,61,61,8,5,56,-0.3217886686325073,0.13531117141246796,False,False
6,8x8,experience_on,62,62,8,6,56,-0.31336846947669983,0.044694166630506516,False,False
6,8x8,experience_on,63,63,8,7,56,-0.316167950630188,0.004714439623057842,False,True
6,8x8,experience_on,64,64,8,8,56,-0.3128770589828491,0.10484342277050018,False,False
6,4x16,experience_on,1,1,1,1,0,-0.31281474232673645,0.28856539726257324,False,False
6,4x16,experience_on,2,2,1,2,0,-0.30981847643852234,0.1645728051662445,False,False
6,4x16,experience_on,3,3,1,3,0,-0.3044514060020447,0.18881922960281372,False,False
6,4x16,experience_on,4,4,1,4,0,-0.3018103539943695,0.08531785011291504,False,False
6,4x16,experience_on,5,5,2,1,4,-0.3000568747520447,0.049223583191633224,False,False
6,4x16,experience_on,6,6,2,2,4,-0.3108550012111664,0.009866124019026756,False,False
6,4x16,experience_on,7,7,2,3,4,-0.30262500047683716,0.10462489724159241,False,False
6,4x16,experience_on,8,8,2,4,4,-0.31410932540893555,0.08853595703840256,False,False
6,4x16,experience_on,9,9,3,1,8,-0.30481207370758057,0.05578437075018883,False,False
6,4x16,experience_on,10,10,3,2,8,-0.3019922077655792,0.13712945580482483,False,False
6,4x16,experience_on,11,11,3,3,8,-0.3149554133415222,0.03644919395446777,False,False
6,4x16,experience_on,12,12,3,4,8,-0.31327807903289795,0.21059256792068481,False,False
6,4x16,experience_on,13,13,4,1,12,-0.3067299723625183,0.12091269344091415,False,False
6,4x16,experience_on,14,14,4,2,12,-0.3127714991569519,0.26580536365509033,False,False
6,4x16,experience_on,15,15,4,3,12,-0.3170533776283264,0.42035794258117676,False,False
6,4x16,experience_on,16,16,4,4,12,-0.31467491388320923,0.12027844041585922,False,False
6,4x16,experience_on,17,17,5,1,16,-0.31000208854675293,0.12643840909004211,False,False
6,4x16,experience_on,18,18,5,2,16,-0.30799171328544617,0.043131232261657715,False,False
6,4x16,experience_on,19,19,5,3,16,-0.32202860713005066,0.17237648367881775,False,False
6,4x16,experience_on,20,20,5,4,16,-0.3194044828414917,0.22195284068584442,False,False
6,4x16,experience_on,21,21,6,1,20,-0.3000614643096924,0.3941822946071625,False,False
6,4x16,experience_on,22,22,6,2,20,-0.31717848777770996,0.6301352977752686,False,False
6,4x16,experience_on,23,23,6,3,20,-0.3118571937084198,0.294807493686676,False,False
6,4x16,experience_on,24,24,6,4,20,-0.3229719400405884,0.617961049079895,False,False
6,4x16,experience_on,25,25,7,1,24,-0.30854570865631104,0.34338659048080444,False,False
6,4x16,experience_on,26,26,7,2,24,-0.2930147051811218,0.09149634093046188,False,False
6,4x16,experience_on,27,27,7,3,24,-0.3042895793914795,0.13814020156860352,False,False
6,4x16,experience_on,28,28,7,4,24,-0.319534569978714,0.3782658576965332,False,False
6,4x16,experience_on,29,29,8,1,28,-0.3149968683719635,0.5154942870140076,False,False
6,4x16,experience_on,30,30,8,2,28,-0.3120880722999573,0.2821430563926697,False,False
6,4x16,experience_on,31,31,8,3,28,-0.31516194343566895,0.028595304116606712,False,False
6,4x16,experience_on,32,32,8,4,28,-0.3050376772880554,0.18954643607139587,False,False
6,4x16,experience_on,33,33,9,1,32,-0.3039736747741699,0.24609467387199402,False,False
6,4x16,experience_on,34,34,9,2,32,-0.31591087579727173,0.2125321477651596,False,False
6,4x16,experience_on,35,35,9,3,32,-0.3079185485839844,0.21433429419994354,False,False
6,4x16,experience_on,36,36,9,4,32,-0.30919820070266724,0.07198268175125122,False,False
6,4x16,experience_on,37,37,10,1,36,-0.29849153757095337,0.07237574458122253,False,False
6,4x16,experience_on,38,38,10,2,36,-0.29871731996536255,0.018511898815631866,False,False
6,4x16,experience_on,39,39,10,3,36,-0.3179318904876709,0.1681278795003891,False,False
6,4x16,experience_on,40,40,10,4,36,-0.30525505542755127,0.18210546672344208,False,False
6,4x16,experience_on,41,41,11,1,40,-0.30003002285957336,0.518418550491333,False,False
6,4x16,experience_on,42,42,11,2,40,-0.3189436197280884,0.08397373557090759,False,False
6,4x16,experience_on,43,43,11,3,40,-0.3050142228603363,0.2580847442150116,False,False
6,4x16,experience_on,44,44,11,4,40,-0.31297630071640015,0.37196001410484314,False,False
6,4x16,experience_on,45,45,12,1,44,-0.30795925855636597,0.4076988399028778,False,False
6,4x16,experience_on,46,46,12,2,44,-0.30845141410827637,0.2939399778842926,False,False
6,4x16,experience_on,47,47,12,3,44,-0.3023318350315094,0.24150505661964417,False,False
6,4x16,experience_on,48,48,12,4,44,-0.29625996947288513,0.20683877170085907,False,False
6,4x16,experience_on,49,49,13,1,48,-0.3163297772407532,0.404366672039032,False,False
6,4x16,experience_on,50,50,13,2,48,-0.32473549246788025,0.46825748682022095,True,False
6,4x16,experience_on,51,51,13,3,48,-0.3171728253364563,0.19306442141532898,False,False
6,4x16,experience_on,52,52,13,4,48,-0.2992842197418213,0.2521754205226898,False,False
6,4x16,experience_on,53,53,14,1,52,-0.3192446231842041,0.19970791041851044,False,False
6,4x16,experience_on,54,54,14,2,52,-0.30080273747444153,0.44187840819358826,False,False
6,4x16,experience_on,55,55,14,3,52,-0.30782103538513184,0.3677540719509125,False,False
6,4x16,experience_on,56,56,14,4,52,-0.31219300627708435,0.3212553560733795,False,False
6,4x16,experience_on,57,57,15,1,56,-0.30083999037742615,0.1146865114569664,False,False
6,4x16,experience_on,58,58,15,2,56,-0.31603294610977173,0.2956303358078003,False,False
6,4x16,experience_on,59,59,15,3,56,-0.31825923919677734,0.3716670870780945,False,False
6,4x16,experience_on,60,60,15,4,56,-0.32111209630966187,0.3624040484428406,False,False
6,4x16,experience_on,61,61,16,1,60,-0.3217831552028656,0.1353195756673813,False,False
6,4x16,experience_on,62,62,16,2,60,-0.3133698105812073,0.044684868305921555,False,False
6,4x16,experience_on,63,63,16,3,60,-0.3161675035953522,0.0047143613919615746,False,True
6,4x16,experience_on,64,64,16,4,60,-0.31287696957588196,0.10485237836837769,False,False
7,64x1,experience_off,1,1,1,1,0,-0.22731928527355194,1.5937303304672241,False,False
7,64x1,experience_off,2,2,1,2,0,-0.228474423289299,1.609553337097168,False,False
7,64x1,experience_off,3,3,1,3,0,-0.22145262360572815,1.8950068950653076,False,False
7,64x1,experience_off,4,4,1,4,0,-0.22056083381175995,2.1205084323883057,False,False
7,64x1,experience_off,5,5,1,5,0,-0.22351287305355072,2.09381103515625,False,False
7,64x1,experience_off,6,6,1,6,0,-0.22913499176502228,1.8699835538864136,False,False
7,64x1,experience_off,7,7,1,7,0,-0.2343580573797226,1.9723080396652222,False,False
7,64x1,experience_off,8,8,1,8,0,-0.23746994137763977,2.1859731674194336,False,False
7,64x1,experience_off,9,9,1,9,0,-0.2218061089515686,2.0785491466522217,False,False
7,64x1,experience_off,10,10,1,10,0,-0.23114489018917084,1.698120355606079,False,False
7,64x1,experience_off,11,11,1,11,0,-0.2352902889251709,1.2576093673706055,False,False
7,64x1,experience_off,12,12,1,12,0,-0.21948161721229553,1.3185237646102905,False,False
7,64x1,experience_off,13,13,1,13,0,-0.2301708608865738,1.9773366451263428,False,False
7,64x1,experience_off,14,14,1,14,0,-0.2397320568561554,1.6444940567016602,False,False
7,64x1,experience_off,15,15,1,15,0,-0.2304217368364334,1.0097053050994873,False,True
7,64x1,experience_off,16,16,1,16,0,-0.2398734986782074,1.6964926719665527,False,False
7,64x1,experience_off,17,17,1,17,0,-0.23700572550296783,2.061154365539551,False,False
7,64x1,experience_off,18,18,1,18,0,-0.22763213515281677,1.2967829704284668,False,False
7,64x1,experience_off,19,19,1,19,0,-0.24158376455307007,1.9050191640853882,False,False
7,64x1,experience_off,20,20,1,20,0,-0.23108938336372375,2.1060378551483154,False,False
7,64x1,experience_off,21,21,1,21,0,-0.2154250591993332,1.897035837173462,False,False
7,64x1,experience_off,22,22,1,22,0,-0.2326604276895523,1.923590064048767,False,False
7,64x1,experience_off,23,23,1,23,0,-0.22694475948810577,1.6797618865966797,False,False
7,64x1,experience_off,24,24,1,24,0,-0.23902647197246552,1.7966575622558594,False,False
7,64x1,experience_off,25,25,1,25,0,-0.22648385167121887,1.9349501132965088,False,False
7,64x1,experience_off,26,26,1,26,0,-0.23302164673805237,2.1409287452697754,False,False
7,64x1,experience_off,27,27,1,27,0,-0.23825210332870483,1.8933762311935425,False,False
7,64x1,experience_off,28,28,1,28,0,-0.23274610936641693,1.8360408544540405,False,False
7,64x1,experience_off,29,29,1,29,0,-0.2345503717660904,1.9423892498016357,False,False
7,64x1,experience_off,30,30,1,30,0,-0.24343104660511017,1.910498023033142,True,False
7,64x1,experience_off,31,31,1,31,0,-0.23558613657951355,1.904021978378296,False,False
7,64x1,experience_off,32,32,1,32,0,-0.2263871282339096,1.9480648040771484,False,False
7,64x1,experience_off,33,33,1,33,0,-0.23952163755893707,2.1412482261657715,False,False
7,64x1,experience_off,34,34,1,34,0,-0.22403134405612946,2.046987533569336,False,False
7,64x1,experience_off,35,35,1,35,0,-0.23355154693126678,1.5883519649505615,False,False
7,64x1,experience_off,36,36,1,36,0,-0.23167136311531067,1.887115240097046,False,False
7,64x1,experience_off,37,37,1,37,0,-0.2316257357597351,2.0174148082733154,False,False
7,64x1,experience_off,38,38,1,38,0,-0.22897423803806305,1.8761613368988037,False,False
7,64x1,experience_off,39,39,1,39,0,-0.23645363748073578,2.157097578048706,False,False
7,64x1,experience_off,40,40,1,40,0,-0.23191557824611664,1.3379418849945068,False,False
7,64x1,experience_off,41,41,1,41,0,-0.2428935319185257,2.1130714416503906,False,False
7,64x1,experience_off,42,42,1,42,0,-0.23482383787631989,1.6555813550949097,False,False
7,64x1,experience_off,43,43,1,43,0,-0.2303086370229721,2.122925281524658,False,False
7,64x1,experience_off,44,44,1,44,0,-0.23992140591144562,1.9755051136016846,False,False
7,64x1,experience_off,45,45,1,45,0,-0.2332906275987625,2.0414159297943115,False,False
7,64x1,experience_off,46,46,1,46,0,-0.22444303333759308,2.049887180328369,False,False
7,64x1,experience_off,47,47,1,47,0,-0.22933949530124664,1.8061541318893433,False,False
7,64x1,experience_off,48,48,1,48,0,-0.22685281932353973,2.1241564750671387,False,False
7,64x1,experience_off,49,49,1,49,0,-0.23628418147563934,2.0383553504943848,False,False
7,64x1,experience_off,50,50,1,50,0,-0.23308710753917694,2.1491363048553467,False,False
7,64x1,experience_off,51,51,1,51,0,-0.22481177747249603,1.5473768711090088,False,False
7,64x1,experience_off,52,52,1,52,0,-0.2342895120382309,1.344520926475525,False,False
7,64x1,experience_off,53,53,1,53,0,-0.23133783042430878,1.844854712486267,False,False
7,64x1,experience_off,54,54,1,54,0,-0.23530937731266022,1.954385757446289,False,False
7,64x1,experience_off,55,55,1,55,0,-0.24172469973564148,1.3170385360717773,False,False
7,64x1,experience_off,56,56,1,56,0,-0.23302990198135376,2.0363566875457764,False,False
7,64x1,experience_off,57,57,1,57,0,-0.2321244180202484,1.994396448135376,False,False
7,64x1,experience_off,58,58,1,58,0,-0.2317100614309311,1.9365886449813843,False,False
7,64x1,experience_off,59,59,1,59,0,-0.2279149740934372,2.1103057861328125,False,False
7,64x1,experience_off,60,60,1,60,0,-0.22524432837963104,2.134921073913574,False,False
7,64x1,experience_off,61,61,1,61,0,-0.23422500491142273,1.5331906080245972,False,False
7,64x1,experience_off,62,62,1,62,0,-0.23719282448291779,2.0716636180877686,False,False
7,64x1,experience_off,63,63,1,63,0,-0.23063305020332336,1.790663480758667,False,False
7,64x1,experience_off,64,64,1,64,0,-0.23045630753040314,1.8717141151428223,False,False
7,32x2,experience_on,1,1,1,1,0,-0.2273193895816803,1.5937316417694092,False,False
7,32x2,experience_on,2,2,1,2,0,-0.22847439348697662,1.609554648399353,False,False
7,32x2,experience_on,3,3,1,3,0,-0.22145257890224457,1.8950080871582031,False,False
7,32x2,experience_on,4,4,1,4,0,-0.22056087851524353,2.1205077171325684,False,False
7,32x2,experience_on,5,5,1,5,0,-0.22351273894309998,2.0938103199005127,False,False
7,32x2,experience_on,6,6,1,6,0,-0.22913523018360138,1.8699851036071777,False,False
7,32x2,experience_on,7,7,1,7,0,-0.2343580573797226,1.9723055362701416,False,False
7,32x2,experience_on,8,8,1,8,0,-0.23747006058692932,2.185973882675171,False,False
7,32x2,experience_on,9,9,1,9,0,-0.22180646657943726,2.0785481929779053,False,False
7,32x2,experience_on,10,10,1,10,0,-0.2311447262763977,1.6981223821640015,False,False
7,32x2,experience_on,11,11,1,11,0,-0.23529048264026642,1.2576134204864502,False,False
7,32x2,experience_on,12,12,1,12,0,-0.2194814532995224,1.3185256719589233,False,False
7,32x2,experience_on,13,13,1,13,0,-0.23017080128192902,1.9773366451263428,False,False
7,32x2,experience_on,14,14,1,14,0,-0.23973223567008972,1.6444934606552124,False,False
7,32x2,experience_on,15,15,1,15,0,-0.2304217368364334,1.0097005367279053,False,True
7,32x2,experience_on,16,16,1,16,0,-0.23987352848052979,1.696491003036499,False,False
7,32x2,experience_on,17,17,1,17,0,-0.23700587451457977,2.0611541271209717,False,False
7,32x2,experience_on,18,18,1,18,0,-0.2276323288679123,1.2967815399169922,False,False
7,32x2,experience_on,19,19,1,19,0,-0.2415839284658432,1.9050190448760986,False,False
7,32x2,experience_on,20,20,1,20,0,-0.23108957707881927,2.106037139892578,False,False
7,32x2,experience_on,21,21,1,21,0,-0.2154250591993332,1.8970332145690918,False,False
7,32x2,experience_on,22,22,1,22,0,-0.23266038298606873,1.9235891103744507,False,False
7,32x2,experience_on,23,23,1,23,0,-0.22694498300552368,1.6797609329223633,False,False
7,32x2,experience_on,24,24,1,24,0,-0.23902612924575806,1.7966575622558594,False,False
7,32x2,experience_on,25,25,1,25,0,-0.22648392617702484,1.9349501132965088,False,False
7,32x2,experience_on,26,26,1,26,0,-0.23302172124385834,2.1409292221069336,False,False
7,32x2,experience_on,27,27,1,27,0,-0.238252192735672,1.8933757543563843,False,False
7,32x2,experience_on,28,28,1,28,0,-0.2327462136745453,1.8360393047332764,False,False
7,32x2,experience_on,29,29,1,29,0,-0.23455025255680084,1.942389965057373,False,False
7,32x2,experience_on,30,30,1,30,0,-0.24343113601207733,1.9104994535446167,True,False
7,32x2,experience_on,31,31,1,31,0,-0.23558609187602997,1.9040212631225586,False,False
7,32x2,experience_on,32,32,1,32,0,-0.22638721764087677,1.9480631351470947,False,False
7,32x2,experience_on,33,33,2,1,32,-0.2395927757024765,2.1479692459106445,False,False
7,32x2,experience_on,34,34,2,2,32,-0.22112415730953217,2.020550489425659,False,False
7,32x2,experience_on,35,35,2,3,32,-0.2320437878370285,1.5245635509490967,False,False
7,32x2,experience_on,36,36,2,4,32,-0.23068591952323914,1.849644422531128,False,False
7,32x2,experience_on,37,37,2,5,32,-0.2303658276796341,1.9842033386230469,False,False
7,32x2,experience_on,38,38,2,6,32,-0.22749318182468414,1.8444535732269287,False,False
7,32x2,experience_on,39,39,2,7,32,-0.236939936876297,2.159144163131714,False,False
7,32x2,experience_on,40,40,2,8,32,-0.23219217360019684,1.2951921224594116,False,False
7,32x2,experience_on,41,41,2,9,32,-0.24220357835292816,2.1256518363952637,False,False
7,32x2,experience_on,42,42,2,10,32,-0.23360688984394073,1.6214754581451416,False,False
7,32x2,experience_on,43,43,2,11,32,-0.23142316937446594,2.110095977783203,False,False
7,32x2,experience_on,44,44,2,12,32,-0.2395959347486496,1.9478864669799805,False,False
7,32x2,experience_on,45,45,2,13,32,-0.2322816550731659,2.0111498832702637,False,False
7,32x2,experience_on,46,46,2,14,32,-0.22358442842960358,2.0299172401428223,False,False
7,32x2,experience_on,47,47,2,15,32,-0.22866623103618622,1.7586336135864258,False,False
7,32x2,experience_on,48,48,2,16,32,-0.2264491468667984,2.125591516494751,False,False
7,32x2,experience_on,49,49,2,17,32,-0.23376616835594177,1.9961321353912354,False,False
7,32x2,experience_on,50,50,2,18,32,-0.23315982520580292,2.1559290885925293,False,False
7,32x2,experience_on,51,51,2,19,32,-0.2232731729745865,1.4831804037094116,False,False
7,32x2,experience_on,52,52,2,20,32,-0.23430640995502472,1.2629320621490479,False,False
7,32x2,experience_on,53,53,2,21,32,-0.23114202916622162,1.8105629682540894,False,False
7,32x2,experience_on,54,54,2,22,32,-0.23640526831150055,1.9204976558685303,False,False
7,32x2,experience_on,55,55,2,23,32,-0.24148643016815186,1.2390350103378296,False,False
7,32x2,experience_on,56,56,2,24,32,-0.23258550465106964,2.003528356552124,False,False
7,32x2,experience_on,57,57,2,25,32,-0.23072052001953125,1.9631541967391968,False,False
7,32x2,experience_on,58,58,2,26,32,-0.22974586486816406,1.8861849308013916,False,False
7,32x2,experience_on,59,59,2,27,32,-0.22580109536647797,2.085059881210327,False,False
7,32x2,experience_on,60,60,2,28,32,-0.22498933970928192,2.136234998703003,False,False
7,32x2,experience_on,61,61,2,29,32,-0.23382918536663055,1.4658231735229492,False,False
7,32x2,experience_on,62,62,2,30,32,-0.23516473174095154,2.0474514961242676,False,False
7,32x2,experience_on,63,63,2,31,32,-0.22876086831092834,1.7437455654144287,False,False
7,32x2,experience_on,64,64,2,32,32,-0.22998543083667755,1.8278234004974365,False,False
7,16x4,experience_on,1,1,1,1,0,-0.22731928527355194,1.593727469444275,False,False
7,16x4,experience_on,2,2,1,2,0,-0.2284744381904602,1.6095527410507202,False,False
7,16x4,experience_on,3,3,1,3,0,-0.22145240008831024,1.895007848739624,False,False
7,16x4,experience_on,4,4,1,4,0,-0.2205609530210495,2.1205086708068848,False,False
7,16x4,experience_on,5,5,1,5,0,-0.22351250052452087,2.093811273574829,False,False
7,16x4,experience_on,6,6,1,6,0,-0.22913555800914764,1.8699840307235718,False,False
7,16x4,experience_on,7,7,1,7,0,-0.23435798287391663,1.9723056554794312,False,False
7,16x4,experience_on,8,8,1,8,0,-0.23746995627880096,2.185973644256592,False,False
7,16x4,experience_on,9,9,1,9,0,-0.22180676460266113,2.078547954559326,False,False
7,16x4,experience_on,10,10,1,10,0,-0.2311449944972992,1.6981210708618164,False,False
7,16x4,experience_on,11,11,1,11,0,-0.23529033362865448,1.25761079788208,False,False
7,16x4,experience_on,12,12,1,12,0,-0.2194811999797821,1.3185243606567383,False,False
7,16x4,experience_on,13,13,1,13,0,-0.230171337723732,1.9773359298706055,False,False
7,16x4,experience_on,14,14,1,14,0,-0.23973220586776733,1.644492506980896,False,False
7,16x4,experience_on,15,15,1,15,0,-0.2304217368364334,1.0096999406814575,False,True
7,16x4,experience_on,16,16,1,16,0,-0.23987309634685516,1.6964906454086304,False,False
7,16x4,experience_on,17,17,2,1,16,-0.23593591153621674,2.037107467651367,False,False
7,16x4,experience_on,18,18,2,2,16,-0.22809180617332458,1.2421669960021973,False,False
7,16x4,experience_on,19,19,2,3,16,-0.2414005547761917,1.8595346212387085,False,False
7,16x4,experience_on,20,20,2,4,16,-0.2317068874835968,2.077151298522949,False,False
7,16x4,experience_on,21,21,2,5,16,-0.21517635881900787,1.8472446203231812,False,False
7,16x4,experience_on,22,22,2,6,16,-0.23251156508922577,1.8830862045288086,False,False
7,16x4,experience_on,23,23,2,7,16,-0.22684688866138458,1.6200264692306519,False,False
7,16x4,experience_on,24,24,2,8,16,-0.23855015635490417,1.7548770904541016,False,False
7,16x4,experience_on,25,25,2,9,16,-0.22529248893260956,1.893885850906372,False,False
7,16x4,experience_on,26,26,2,10,16,-0.23161834478378296,2.143306016921997,False,False
7,16x4,experience_on,27,27,2,11,16,-0.23707795143127441,1.859930396080017,False,False
7,16x4,experience_on,28,28,2,12,16,-0.23286843299865723,1.7992639541625977,False,False
7,16x4,experience_on,29,29,2,13,16,-0.2332729548215866,1.9029834270477295,False,False
7,16x4,experience_on,30,30,2,14,16,-0.24346192181110382,1.8786041736602783,True,False
7,16x4,experience_on,31,31,2,15,16,-0.23658522963523865,1.8644368648529053,False,False
7,16x4,experience_on,32,32,2,16,16,-0.22668828070163727,1.9058797359466553,False,False
7,16x4,experience_on,33,33,3,1,32,-0.23958994448184967,2.1479458808898926,False,False
7,16x4,experience_on,34,34,3,2,32,-0.22111712396144867,2.020659923553467,False,False
7,16x4,experience_on,35,35,3,3,32,-0.23203803598880768,1.5246970653533936,False,False
7,16x4,experience_on,36,36,3,4,32,-0.23067599534988403,1.8497432470321655,False,False
7,16x4,experience_on,37,37,3,5,32,-0.23036080598831177,1.9843343496322632,False,False
7,16x4,experience_on,38,38,3,6,32,-0.2274855375289917,1.844557762145996,False,False
7,16x4,experience_on,39,39,3,7,32,-0.2369387149810791,2.159134864807129,False,False
7,16x4,experience_on,40,40,3,8,32,-0.23218923807144165,1.295337200164795,False,False
7,16x4,experience_on,41,41,3,9,32,-0.24220010638237,2.125615119934082,False,False
7,16x4,experience_on,42,42,3,10,32,-0.2335982620716095,1.621631383895874,False,False
7,16x4,experience_on,43,43,3,11,32,-0.23142211139202118,2.110142469406128,False,False
7,16x4,experience_on,44,44,3,12,32,-0.2395937442779541,1.9479883909225464,False,False
7,16x4,experience_on,45,45,3,13,32,-0.2322765737771988,2.011230707168579,False,False
7,16x4,experience_on,46,46,3,14,32,-0.22358199954032898,2.029958724975586,False,False
7,16x4,experience_on,47,47,3,15,32,-0.2286614328622818,1.758793592453003,False,False
7,16x4,experience_on,48,48,3,16,32,-0.2264428436756134,2.125582456588745,False,False
7,16x4,experience_on,49,49,4,1,48,-0.23375362157821655,1.996273398399353,False,False
7,16x4,experience_on,50,50,4,2,48,-0.23315231502056122,2.1558661460876465,False,False
7,16x4,experience_on,51,51,4,3,48,-0.22325898706912994,1.4834802150726318,False,False
7,16x4,experience_on,52,52,4,4,48,-0.23429670929908752,1.2633305788040161,False,False
7,16x4,experience_on,53,53,4,5,48,-0.231136754155159,1.810617208480835,False,False
7,16x4,experience_on,54,54,4,6,48,-0.23639537394046783,1.9206775426864624,False,False
7,16x4,experience_on,55,55,4,7,48,-0.24147500097751617,1.2393590211868286,False,False
7,16x4,experience_on,56,56,4,8,48,-0.23257441818714142,2.003648519515991,False,False
7,16x4,experience_on,57,57,4,9,48,-0.2307077795267105,1.9632961750030518,False,False
7,16x4,experience_on,58,58,4,10,48,-0.22973425686359406,1.8863753080368042,False,False
7,16x4,experience_on,59,59,4,11,48,-0.2257809191942215,2.0851941108703613,False,False
7,16x4,experience_on,60,60,4,12,48,-0.22498564422130585,2.1362438201904297,False,False
7,16x4,experience_on,61,61,4,13,48,-0.23382355272769928,1.466109275817871,False,False
7,16x4,experience_on,62,62,4,14,48,-0.235151007771492,2.047532081604004,False,False
7,16x4,experience_on,63,63,4,15,48,-0.22874945402145386,1.7439254522323608,False,False
7,16x4,experience_on,64,64,4,16,48,-0.22996604442596436,1.8277595043182373,False,False
7,8x8,experience_on,1,1,1,1,0,-0.22731922566890717,1.5937331914901733,False,False
7,8x8,experience_on,2,2,1,2,0,-0.22847437858581543,1.6095514297485352,False,False
7,8x8,experience_on,3,3,1,3,0,-0.22145222127437592,1.8950071334838867,False,False
7,8x8,experience_on,4,4,1,4,0,-0.22056056559085846,2.1205081939697266,False,False
7,8x8,experience_on,5,5,1,5,0,-0.22351278364658356,2.093810558319092,False,False
7,8x8,experience_on,6,6,1,6,0,-0.22913503646850586,1.869983196258545,False,False
7,8x8,experience_on,7,7,1,7,0,-0.23435772955417633,1.9723060131072998,False,False
7,8x8,experience_on,8,8,1,8,0,-0.2374701350927353,2.185973644256592,False,False
7,8x8,experience_on,9,9,2,1,8,-0.21997447311878204,2.0468060970306396,False,False
7,8x8,experience_on,10,10,2,2,8,-0.23099003732204437,1.6358083486557007,False,False
7,8x8,experience_on,11,11,2,3,8,-0.23598840832710266,1.1802527904510498,False,False
7,8x8,experience_on,12,12,2,4,8,-0.2211163491010666,1.2692642211914062,False,False
7,8x8,experience_on,13,13,2,5,8,-0.22979195415973663,1.9450029134750366,False,False
7,8x8,experience_on,14,14,2,6,8,-0.23922249674797058,1.584293246269226,False,False
7,8x8,experience_on,15,15,2,7,8,-0.22920510172843933,0.9527277946472168,False,True
7,8x8,experience_on,16,16,2,8,8,-0.24036364257335663,1.6564381122589111,False,False
7,8x8,experience_on,17,17,3,1,16,-0.23593123257160187,2.037224054336548,False,False
7,8x8,experience_on,18,18,3,2,16,-0.22809173166751862,1.2423787117004395,False,False
7,8x8,experience_on,19,19,3,3,16,-0.24139676988124847,1.8596994876861572,False,False
7,8x8,experience_on,20,20,3,4,16,-0.23170581459999084,2.0772533416748047,False,False
7,8x8,experience_on,21,21,3,5,16,-0.21516971290111542,1.8473079204559326,False,False
7,8x8,experience_on,22,22,3,6,16,-0.23250900208950043,1.8832372426986694,False,False
7,8x8,experience_on,23,23,3,7,16,-0.22684188187122345,1.620204210281372,False,False
7,8x8,experience_on,24,24,3,8,16,-0.23854734003543854,1.755082607269287,False,False
7,8x8,experience_on,25,25,4,1,24,-0.22527937591075897,1.8941324949264526,False,False
7,8x8,experience_on,26,26,4,2,24,-0.23161296546459198,2.143254041671753,False,False
7,8x8,experience_on,27,27,4,3,24,-0.23706892132759094,1.860102653503418,False,False
7,8x8,experience_on,28,28,4,4,24,-0.23285824060440063,1.7994846105575562,False,False
7,8x8,experience_on,29,29,4,5,24,-0.23326165974140167,1.903180480003357,False,False
7,8x8,experience_on,30,30,4,6,24,-0.24345137178897858,1.8788039684295654,True,False
7,8x8,experience_on,31,31,4,7,24,-0.23657207190990448,1.8646162748336792,False,False
7,8x8,experience_on,32,32,4,8,24,-0.2266768217086792,1.9060564041137695,False,False
7,8x8,experience_on,33,33,5,1,32,-0.23958851397037506,2.147932767868042,False,False
7,8x8,experience_on,34,34,5,2,32,-0.22111418843269348,2.020721912384033,False,False
7,8x8,experience_on,35,35,5,3,32,-0.23203517496585846,1.524780035018921,False,False
7,8x8,experience_on,36,36,5,4,32,-0.23067183792591095,1.8498039245605469,False,False
7,8x8,experience_on,37,37,5,5,32,-0.2303588092327118,1.9844074249267578,False,False
7,8x8,experience_on,38,38,5,6,32,-0.2274826467037201,1.844617247581482,False,False
7,8x8,experience_on,39,39,5,7,32,-0.23693841695785522,2.1591296195983887,False,False
7,8x8,experience_on,40,40,5,8,32,-0.23218761384487152,1.2954272031784058,False,False
7,8x8,experience_on,41,41,6,1,40,-0.24219182133674622,2.1255970001220703,False,False
7,8x8,experience_on,42,42,6,2,40,-0.23358294367790222,1.6216872930526733,False,False
7,8x8,experience_on,43,43,6,3,40,-0.23142015933990479,2.110173225402832,False,False
7,8x8,experience_on,44,44,6,4,40,-0.239587664604187,1.9480314254760742,False,False
7,8x8,experience_on,45,45,6,5,40,-0.23226797580718994,2.0112342834472656,False,False
7,8x8,experience_on,46,46,6,6,40,-0.22357285022735596,2.029968738555908,False,False
7,8x8,experience_on,47,47,6,7,40,-0.22864988446235657,1.7587770223617554,False,False
7,8x8,experience_on,48,48,6,8,40,-0.22643300890922546,2.1255879402160645,False,False
7,8x8,experience_on,49,49,7,1,48,-0.23375126719474792,1.996315836906433,False,False
7,8x8,experience_on,50,50,7,2,48,-0.23315094411373138,2.1558520793914795,False,False
7,8x8,experience_on,51,51,7,3,48,-0.22325675189495087,1.4835628271102905,False,False
7,8x8,experience_on,52,52,7,4,48,-0.23429569602012634,1.2634425163269043,False,False
7,8x8,experience_on,53,53,7,5,48,-0.2311359941959381,1.810642957687378,False,False
7,8x8,experience_on,54,54,7,6,48,-0.23639442026615143,1.9207210540771484,False,False
7,8x8,experience_on,55,55,7,7,48,-0.2414737194776535,1.239451289176941,False,False
7,8x8,experience_on,56,56,7,8,48,-0.23257270455360413,2.0036864280700684,False,False
7,8x8,experience_on,57,57,8,1,56,-0.23070716857910156,1.9633100032806396,False,False
7,8x8,experience_on,58,58,8,2,56,-0.22973573207855225,1.8864045143127441,False,False
7,8x8,experience_on,59,59,8,3,56,-0.22578097879886627,2.085214614868164,False,False
7,8x8,experience_on,60,60,8,4,56,-0.22498640418052673,2.136239528656006,False,False
7,8x8,experience_on,61,61,8,5,56,-0.23382344841957092,1.4661469459533691,False,False
7,8x8,experience_on,62,62,8,6,56,-0.2351534217596054,2.04754638671875,False,False
7,8x8,experience_on,63,63,8,7,56,-0.228749081492424,1.7439488172531128,False,False
7,8x8,experience_on,64,64,8,8,56,-0.22996635735034943,1.8277796506881714,False,False
7,4x16,experience_on,1,1,1,1,0,-0.22731934487819672,1.5937306880950928,False,False
7,4x16,experience_on,2,2,1,2,0,-0.22847454249858856,1.6095517873764038,False,False
7,4x16,experience_on,3,3,1,3,0,-0.22145262360572815,1.8950068950653076,False,False
7,4x16,experience_on,4,4,1,4,0,-0.2205609828233719,2.1205086708068848,False,False
7,4x16,experience_on,5,5,2,1,4,-0.22091883420944214,2.0658047199249268,False,False
7,4x16,experience_on,6,6,2,2,4,-0.22932960093021393,1.8427962064743042,False,False
7,4x16,experience_on,7,7,2,3,4,-0.23417724668979645,1.9230530261993408,False,False
7,4x16,experience_on,8,8,2,4,4,-0.23618115484714508,2.17954683303833,False,False
7,4x16,experience_on,9,9,3,1,8,-0.21996265649795532,2.046800136566162,False,False
7,4x16,experience_on,10,10,3,2,8,-0.23098769783973694,1.6359422206878662,False,False
7,4x16,experience_on,11,11,3,3,8,-0.23599053919315338,1.1803470849990845,False,False
7,4x16,experience_on,12,12,3,4,8,-0.22112596035003662,1.2693824768066406,False,False
7,4x16,experience_on,13,13,4,1,12,-0.2297758311033249,1.945129156112671,False,False
7,4x16,experience_on,14,14,4,2,12,-0.23921208083629608,1.5845879316329956,False,False
7,4x16,experience_on,15,15,4,3,12,-0.22918890416622162,0.9529969096183777,False,True
7,4x16,experience_on,16,16,4,4,12,-0.24036765098571777,1.6565837860107422,False,False
7,4x16,experience_on,17,17,5,1,16,-0.2359287142753601,2.0372567176818848,False,False
7,4x16,experience_on,18,18,5,2,16,-0.2280944585800171,1.2424346208572388,False,False
7,4x16,experience_on,19,19,5,3,16,-0.24139554798603058,1.8597302436828613,False,False
7,4x16,experience_on,20,20,5,4,16,-0.23170824348926544,2.0772767066955566,False,False
7,4x16,experience_on,21,21,6,1,20,-0.21514998376369476,1.8474698066711426,False,False
7,4x16,experience_on,22,22,6,2,20,-0.23249629139900208,1.8835313320159912,False,False
7,4x16,experience_on,23,23,6,3,20,-0.22682887315750122,1.620445966720581,False,False
7,4x16,experience_on,24,24,6,4,20,-0.23853063583374023,1.7554612159729004,False,False
7,4x16,experience_on,25,25,7,1,24,-0.2252771407365799,1.8941500186920166,False,False
7,4x16,experience_on,26,26,7,2,24,-0.2316107451915741,2.143246650695801,False,False
7,4x16,experience_on,27,27,7,3,24,-0.2370673269033432,1.8601101636886597,False,False
7,4x16,experience_on,28,28,7,4,24,-0.23285804688930511,1.7995052337646484,False,False
7,4x16,experience_on,29,29,8,1,28,-0.23325975239276886,1.903214693069458,False,False
7,4x16,experience_on,30,30,8,2,28,-0.24344895780086517,1.8788354396820068,True,False
7,4x16,experience_on,31,31,8,3,28,-0.23657050728797913,1.864638328552246,False,False
7,4x16,experience_on,32,32,8,4,28,-0.22667601704597473,1.906093955039978,False,False
7,4x16,experience_on,33,33,9,1,32,-0.23958814144134521,2.147928237915039,False,False
7,4x16,experience_on,34,34,9,2,32,-0.22111104428768158,2.0207362174987793,False,False
7,4x16,experience_on,35,35,9,3,32,-0.23203372955322266,1.524793028831482,False,False
7,4x16,experience_on,36,36,9,4,32,-0.23066942393779755,1.8498129844665527,False,False
7,4x16,experience_on,37,37,10,1,36,-0.23035113513469696,1.9844119548797607,False,False
7,4x16,experience_on,38,38,10,2,36,-0.2274724245071411,1.8445972204208374,False,False
7,4x16,experience_on,39,39,10,3,36,-0.2369382381439209,2.1591320037841797,False,False
7,4x16,experience_on,40,40,10,4,36,-0.23218528926372528,1.2953952550888062,False,False
7,4x16,experience_on,41,41,11,1,40,-0.2421911507844925,2.125593423843384,False,False
7,4x16,experience_on,42,42,11,2,40,-0.23358111083507538,1.6217057704925537,False,False
7,4x16,experience_on,43,43,11,3,40,-0.23142094910144806,2.1101791858673096,False,False
7,4x16,experience_on,44,44,11,4,40,-0.23958787322044373,1.9480481147766113,False,False
7,4x16,experience_on,45,45,12,1,44,-0.23226924240589142,2.0113468170166016,False,False
7,4x16,experience_on,46,46,12,2,44,-0.22357237339019775,2.030057430267334,False,False
7,4x16,experience_on,47,47,12,3,44,-0.2286505252122879,1.7589645385742188,False,False
7,4x16,experience_on,48,48,12,4,44,-0.22643166780471802,2.125582218170166,False,False
7,4x16,experience_on,49,49,13,1,48,-0.23374955356121063,1.9963234663009644,False,False
7,4x16,experience_on,50,50,13,2,48,-0.23315095901489258,2.1558470726013184,False,False
7,4x16,experience_on,51,51,13,3,48,-0.22325466573238373,1.4835822582244873,False,False
7,4x16,experience_on,52,52,13,4,48,-0.23429523408412933,1.2634773254394531,False,False
7,4x16,experience_on,53,53,14,1,52,-0.2311338633298874,1.8106088638305664,False,False
7,4x16,experience_on,54,54,14,2,52,-0.23639445006847382,1.9206891059875488,False,False
7,4x16,experience_on,55,55,14,3,52,-0.24147184193134308,1.2393739223480225,False,False
7,4x16,experience_on,56,56,14,4,52,-0.23257027566432953,2.003657579421997,False,False
7,4x16,experience_on,57,57,15,1,56,-0.23070603609085083,1.9633229970932007,False,False
7,4x16,experience_on,58,58,15,2,56,-0.22973386943340302,1.886413335800171,False,False
7,4x16,experience_on,59,59,15,3,56,-0.22577925026416779,2.0852227210998535,False,False
7,4x16,experience_on,60,60,15,4,56,-0.2249860018491745,2.136239767074585,False,False
7,4x16,experience_on,61,61,16,1,60,-0.23382167518138885,1.4659671783447266,False,False
7,4x16,experience_on,62,62,16,2,60,-0.2351474165916443,2.0474891662597656,False,False
7,4x16,experience_on,63,63,16,3,60,-0.22874417901039124,1.7438329458236694,False,False
7,4x16,experience_on,64,64,16,4,60,-0.22996465861797333,1.8276914358139038,False,False
